Date	Open	High	Low	Close	Adj Close	Volume	EMA_5	EMA_13	EMA_20	EMA_50	EMA_75	EMA_100	EMA_200	EMA_300	EMA_365	RSI_14
2003-12-04	10.600000381469727	10.609999656677246	10.125	10.40999984741211	2.4113364219665527	429280										
2003-12-05	10.600000381469727	11.454999923706055	10.0	11.454999923706055	2.6533963680267334	1238250										
2003-12-08	12.045000076293945	12.604999542236328	11.8100004196167	12.604999542236328	2.919779062271118	1068940										
2003-12-09	12.899999618530273	13.75	12.149999618530273	12.90999984741211	2.9904282093048096	1982710										
2003-12-10	13.050000190734863	13.5	11.800000190734863	12.28499984741211	2.8456554412841797	515930	11.932999801635741									
2003-12-11	12.5	12.645000457763672	11.604999542236328	11.800000190734863	2.733311414718628	710030	11.888666598002116									
2003-12-12	12.199999809265137	12.414999961853027	11.119999885559082	11.194999694824219	2.593170642852783	727220	11.657444296942817									
2003-12-15	11.300000190734863	11.789999961853027	10.770000457763672	11.369999885559082	2.633707046508789	2081890	11.561629493148239									
2003-12-16	11.579999923706055	12.510000228881836	11.505000114440918	12.5	2.8954567909240723	2822830	11.874419662098825									
2003-12-17	12.5	13.380000114440918	11.704999923706055	12.199999809265137	2.8259658813476562	2400320	11.982946377820928									
2003-12-18	12.475000381469727	12.699999809265137	11.510000228881836	11.694999694824219	2.708989143371582	1361860	11.88696415015536									
2003-12-19	11.800000190734863	11.899999618530273	10.899999618530273	11.020000457763672	2.5526349544525146	1730990	11.597976252691463									
2003-12-22	11.100000381469727	11.350000381469727	10.399999618530273	10.680000305175781	2.4738786220550537	2956900	11.291984270186235	11.701923003563515								
2003-12-23	10.899999618530273	11.239999771118164	10.604999542236328	10.710000038146973	2.4808273315429688	2173760	11.097989526173148	11.560219722789723								
2003-12-24	11.0	11.0	10.5	10.9399995803833	2.5341036319732666	2970170	11.045326210909865	11.47161684530309								53.48684061101917
2003-12-26	11.09000015258789	11.425000190734863	10.725000381469727	11.28499984741211	2.614017963409424	2217270	11.12521742307728	11.444957274175808								55.654733516118924
2003-12-29	11.350000381469727	11.350000381469727	10.800000190734863	10.914999961853027	2.5283126831054688	790480	11.05514493600253	11.369249086701124								52.81184290694547
2003-12-30	11.015000343322754	11.100000381469727	10.5	10.824999809265137	2.5074658393859863	1029930	10.978429893756731	11.291499189924554								52.114505437555515
2003-12-31	11.0	11.289999961853027	10.699999809265137	11.125	2.576956272125244	1074610	11.02728659583782	11.267713591363904								54.28154191537749
2004-01-01	11.289999961853027	11.75	11.210000038146973	11.385000228881836	2.6371819972991943	1104990	11.14652447351916	11.284468825295038	11.465499925613404							56.13432240917782
2004-01-02	11.449999809265137	11.569999694824219	11.114999771118164	11.475000381469727	2.658029556274414	1490820	11.256016442836016	11.311687619034279	11.466404730933053							56.78715148519059
2004-01-05	12.0	12.0	11.0	11.40999984741211	2.642972946166992	1992620	11.30734424436138	11.325732223088254	11.461032837264392							56.137343762234806
2004-01-06	11.300000190734863	11.5	11.199999809265137	11.3100004196167	2.619809865951538	1962790	11.308229636113152	11.323484822592318	11.446648797488422							55.09287490963533
2004-01-07	11.130000114440918	11.300000190734863	10.5	10.734999656677246	2.4866180419921875	337000	11.117152976301183	11.23941551317588	11.378872688839738							49.40123954243141
2004-01-08	11.135000228881836	11.300000190734863	10.800000190734863	10.829999923706055	2.5086238384246826	234570	11.021435292102806	11.180927571823048	11.32659909216034							50.31453661718801
2004-01-09	10.949999809265137	10.984999656677246	10.199999809265137	10.46500015258789	2.424076557159424	417170	10.835956912264502	11.078652226218026	11.244542050296296							46.81800438373066
2004-01-12	10.510000228881836	10.75	9.609999656677246	10.029999732971191	2.3233144283294678	888500	10.567304519166731	10.928844727182764	11.12887135340819							42.9841617072062
2004-01-13	10.194999694824219	10.5	10.03499984741211	10.210000038146973	2.365009307861328	231590	10.448203025493479	10.82615262874908	11.041359799573788							44.99149496746347
2004-01-14	10.6850004196167	10.9399995803833	10.369999885559082	10.885000228881836	2.5213637351989746	380780	10.593802093289598	10.834559428768046	11.02646841188884							51.83903368099541
2004-01-15	10.795000076293945	10.899999618530273	10.5	10.75	2.4900929927825928	948940	10.645868062193065	10.822479510372611	11.000138086947047							50.48544675671782
2004-01-16	10.414999961853027	10.699999809265137	10.095000267028809	10.399999618530273	2.409019947052002	244340	10.563911914305468	10.76212524010942	10.942982042335926							47.05497758989326
2004-01-19	10.335000038146973	11.149999618530273	10.335000038146973	10.645000457763672	2.465770721435547	580650	10.590941428791536	10.745393128345741	10.914602843805234							49.63486671428162
2004-01-20	10.574999809265137	11.020000457763672	10.574999809265137	10.675000190734863	2.47271990776062	1125250	10.61896101610598	10.73533699440133	10.891783543512817							49.956424285017484
2004-01-21	10.0	11.005000114440918	9.770000457763672	10.28499984741211	2.3823819160461426	811990	10.507640626541356	10.671003116260012	10.833994620074655							45.85748688579199
2004-01-22	10.399999618530273	10.649999618530273	9.395000457763672	9.720000267028809	2.251507043838501	262660	10.245093840037173	10.53514556636984	10.727899919784575							40.65339900304005
2004-01-23	9.725000381469727	10.300000190734863	9.725000381469727	10.210000038146973	2.365009307861328	337660	10.233395906073772	10.488696205195145	10.678576121533375							46.34076625961006
2004-01-27	10.210000038146973	10.550000190734863	10.210000038146973	10.489999771118164	2.4298675060272217	435250	10.318930527755237	10.488882428898433	10.66061646911288							49.32904390071636
2004-01-28	10.40999984741211	11.045000076293945	10.194999694824219	10.350000381469727	2.3974382877349854	359220	10.329287145660066	10.469042136408618	10.631033984575437							47.89289080404131
2004-01-29	10.385000228881836	11.0	9.899999618530273	9.975000381469727	2.310574531555176	156100	10.211191557596619	10.398464742845919	10.568554593803464							44.18235433758409
2004-01-30	10.295000076293945	10.75	8.979999542236328	9.46500015258789	2.1924397945404053	183000	9.962461089260376	10.265112658523343	10.463454170830552							39.679800457743816
2004-02-03	9.600000381469727	9.600000381469727	8.520000457763672	9.260000228881836	2.144954204559326	335690	9.728307469134196	10.121525168574555	10.34883950969258							38.00331586211011
2004-02-04	9.375	9.789999961853027	8.694999694824219	9.545000076293945	2.2109711170196533	325090	9.667205004854113	10.039164441105896	10.272283373178423							41.69169946601023
2004-02-05	9.475000381469727	10.300000190734863	9.475000381469727	10.09000015258789	2.337212562561035	301000	9.808136720765372	10.046426685603324	10.254923066455515							48.05585574360185
2004-02-06	10.180000305175781	10.489999771118164	9.699999809265137	10.010000228881836	2.3186819553375244	48510	9.875424556804193	10.041222906071683	10.231597081924688							47.24076664986165
2004-02-09	10.0	10.6850004196167	10.0	10.244999885559082	2.3731162548065186	186700	9.998616333055823	10.07033390314131	10.232873539413678							49.927475423796615
2004-02-10	10.800000190734863	10.800000190734863	10.024999618530273	10.100000381469727	2.339529275894165	245110	10.032411015860458	10.074571971473942	10.220218952942826							48.29332075373221
2004-02-11	10.399999618530273	10.399999618530273	10.050000190734863	10.170000076293945	2.355743646621704	167790	10.078274036004954	10.0882045578768	10.21543620278579							49.1584610754008
2004-02-12	10.100000381469727	10.479999542236328	9.899999618530273	10.154999732971191	2.352269172668457	265680	10.103849268327034	10.097746725747427	10.209680348517733							48.96937731782972
2004-02-13	9.949999809265137	10.180000305175781	9.949999809265137	10.074999809265137	2.333738327026367	63560	10.094232781973068	10.094497166249957	10.196853630493676							47.9109434557665
2004-02-16	10.149999618530273	10.194999694824219	9.90999984741211	9.9399995803833	2.302467107772827	190520	10.042821714776478	10.07242608255472	10.172391340006973	10.784300003051758						46.10014124791156
2004-02-17	10.289999961853027	10.300000190734863	9.520000457763672	9.869999885559082	2.286252498626709	4561490	9.98521443837068	10.043508054412486	10.14359215386908	10.748445096483417						45.14731321177183
2004-02-18	9.979999542236328	9.979999542236328	9.550000190734863	9.755000114440918	2.2596139907836914	365230	9.908476330394093	10.002292634416548	10.106583388209254	10.709486469736653						43.55462041026608
2004-02-19	9.699999809265137	9.755000114440918	9.010000228881836	9.194999694824219	2.1298975944519043	220260	9.670650785204135	9.886965071617643	10.019765893601155	10.650094831504793						36.754895285782816
2004-02-20	9.194999694824219	9.649999618530273	9.154999732971191	9.255000114440918	2.14379620552063	441600	9.532100561616396	9.79668436344954	9.946931057490657	10.59538523475719						37.87402634936271
2004-02-23	9.300000190734863	9.350000381469727	8.8149995803833	8.869999885559082	2.0546159744262695	73870	9.311400336263958	9.664300866608047	9.844366183973364	10.527723064200401						33.74747966836379
2004-02-24	8.899999618530273	9.074999809265137	8.600000381469727	8.859999656677246	2.052299737930298	157860	9.160933443068387	9.54940069376079	9.750616990897543	10.462322146258316						33.64493840621379
2004-02-25	8.9350004196167	9.050000190734863	8.539999961853027	8.635000228881836	2.0001814365386963	80310	8.98562237167287	9.41877205592094	9.644367775467476	10.390662463223943						31.337758796833537
2004-02-26	8.675000190734863	8.890000343322754	8.220000267028809	8.354999542236328	1.9353229999542236	72970	8.77541476186069	9.266804553965995	9.521570800874033	10.310832544753842						28.700162140439517
2004-02-27	8.305000305175781	8.5	8.15999984741211	8.234999656677246	1.9075267314910889	77390	8.595276393466209	9.119403854353317	9.399040215712434	10.22942733345672						27.626963716361796
2004-03-01	8.699999809265137	9.0600004196167	7.949999809265137	9.0600004196167	2.0986268520355225	431860	8.75018440218304	9.110917649390943	9.366750711322364	10.183567454482601						43.31934177874987
2004-03-03	9.239999771118164	9.420000076293945	8.8100004196167	8.925000190734863	2.0673563480377197	231430	8.808456331700315	9.084358012440076	9.324679233171175	10.1342118755121						41.72502925561673
2004-03-04	8.954999923706055	9.095000267028809	8.850000381469727	8.930000305175781	2.068514585494995	64690	8.848970989525471	9.062306911402318	9.28709076383828	10.086987892361657						41.81045066351135
2004-03-05	8.90999984741211	9.079999923706055	8.699999809265137	8.734999656677246	2.0233447551727295	283580	8.81098054524273	9.01554873215588	9.234510658394372	10.033968745864229						39.38571610821799
2004-03-08	8.770000457763672	8.930000305175781	8.5	8.53499984741211	1.9770175218582153	143800	8.71898697929919	8.946898891478199	9.167890581157966	9.975185651807283						37.01471389669758
2004-03-09	8.53499984741211	8.800000190734863	8.100000381469727	8.194999694824219	1.8982611894607544	75800	8.544324551140866	8.839484720527631	9.075234306269039	9.905374437807948						33.34023251657294
2004-03-10	8.199999809265137	8.399999618530273	7.699999809265137	7.889999866485596	1.8276121616363525	147220	8.326216322922443	8.703844027093055	8.962354835813473	9.826340140893347						30.422645624835027
2004-03-11	7.800000190734863	8.0	7.775000095367432	7.829999923706055	1.8137140274047852	133450	8.16081085651698	8.579009155180627	8.854511510850863	9.748052289238943						29.86889997437812
2004-03-12	7.760000228881836	7.849999904632568	7.420000076293945	7.755000114440918	1.796341061592102	237860	8.025540609158293	8.461293577932096	8.749796139764202	9.669893380423334						29.15454572224177
2004-03-15	7.900000095367432	7.900000095367432	7.014999866485596	7.21999979019165	1.672415852546692	109300	7.757027002836079	8.283965893969176	8.604101249328721	9.573819121982876						24.62945071707208
2004-03-16	7.005000114440918	7.244999885559082	7.0	7.025000095367432	1.627246618270874	150310	7.513018033679863	8.10411363702607	8.45371066323717	9.473865434664622						23.215101729554817
2004-03-17	7.025000095367432	7.730000019073486	7.025000095367432	7.699999809265137	1.7836012840270996	548850	7.575345292208287	8.04638309020308	8.381928677144595	9.40430207680582						36.75415244057446
2004-03-18	7.800000190734863	8.399999618530273	7.735000133514404	8.180000305175781	1.8947868347167969	252280	7.776896963197452	8.065471263770608	8.362697403623756	9.35629024262425						44.27833413017664
2004-03-19	8.489999771118164	8.489999771118164	8.074999809265137	8.210000038146973	1.9017359018325806	209370	7.921264654847293	8.08611823153866	8.348154797387872	9.311337685585924						44.72097146850284
2004-03-22	8.0	8.395000457763672	8.0	8.270000457763672	1.9156346321105957	263100	8.037509922486086	8.112387120999376	8.340711526947473	9.270500931553679						45.65087541137589
2004-03-23	8.045000076293945	8.100000381469727	7.599999904632568	7.835000038146973	1.814872145652771	111410	7.970006627706382	8.072760394877603	8.292548528014091	9.214206778871063	10.007199993133545					40.351146693481965
2004-03-24	7.900000095367432	8.199999809265137	7.599999904632568	7.869999885559082	1.8229795694351196	137070	7.936671046990615	8.0437946078321	8.252305800161233	9.161492783054907	9.95095788503948					40.94519386997912
2004-03-25	7.900000095367432	7.985000133514404	7.710000038146973	7.860000133514404	1.820663332939148	19270	7.911114075831878	8.017538254358143	8.214943355718678	9.110453855621946	9.89593268105198					40.820110154538575
2004-03-26	7.849999904632568	8.625	7.760000228881836	8.3100004196167	1.9248994588851929	114390	8.044076190426818	8.059318563680794	8.22399640942325	9.079063524798212	9.854197621540525					48.45178279158063
2004-03-29	8.449999809265137	8.449999809265137	7.800000190734863	8.210000038146973	1.9017359018325806	8760	8.099384139666869	8.080844488604534	8.222663421682652	9.044982603753065	9.8109292640828					47.001246800082505
2004-03-30	8.25	8.289999961853027	8.074999809265137	8.100000381469727	1.8762562274932861	61590	8.099589553601154	8.083581044728133	8.21098122737666	9.007924477389013	9.765904819803508					45.391463959523655
2004-03-31	8.010000228881836	8.600000381469727	8.005000114440918	8.359999656677246	1.9364815950393677	62990	8.186392921293185	8.12306941786372	8.22517345873862	8.982515660890511	9.72890731551071					49.77053470230051
2004-04-01	8.399999618530273	8.649999618530273	8.364999771118164	8.579999923706055	1.9874415397644043	69150	8.317595255430808	8.188345204412625	8.258966455402186	8.966730730020533	9.69867291046322					53.191009950563064
2004-04-02	8.505000114440918	8.699999809265137	8.204999923706055	8.319999694824219	1.927215814590454	90890	8.318396735228612	8.207152988757139	8.264779144870952	8.941368728640285	9.662392036367457					48.948683197346874
2004-04-05	9.149999618530273	9.154999732971191	8.899999618530273	8.970000267028809	2.07778000831604	811660	8.535597912495344	8.316131171367378	8.331943061266937	8.942491534067285	9.644171200332229					57.97307917357695
2004-04-06	9.0	9.579999923706055	8.899999618530273	8.960000038146973	2.07546329498291	277950	8.677065287712553	8.408112438050177	8.391758011445988	8.94317814207041	9.626166696064196					57.803782534063984
2004-04-07	9.09000015258789	9.199999809265137	8.704999923706055	8.819999694824219	2.043034076690674	198950	8.724710090083109	8.466953474732183	8.432542933672487	8.938347614727423	9.604951774978934					55.366139780380095
2004-04-08	8.859999656677246	8.899999618530273	8.765000343322754	8.805000305175781	2.0395593643188477	16250	8.751473495114	8.515245879081268	8.468015064291848	8.933118308470496	9.58390042051043					55.09805065140182
2004-04-12	9.100000381469727	9.100000381469727	8.6899995803833	8.800000190734863	2.0384016036987305	81540	8.767649060320954	8.555925066460354	8.499632695381658	8.927897990127923	9.563271467095284					55.00243963115551
2004-04-13	8.8100004196167	8.8100004196167	8.510000228881836	8.555000305175781	1.981650948524475	204600	8.69676614193923	8.555792957705416	8.504905801076337	8.913274551502349	9.536738015465824					50.38848188489501
2004-04-15	8.524999618530273	8.600000381469727	8.524999618530273	8.539999961853027	1.9781758785247803	30050	8.644510748577163	8.553536815440788	8.508248102102689	8.898636332300415	9.51050806668654					50.11131111586886
2004-04-16	8.994999885559082	8.994999885559082	8.305000305175781	8.345000267028809	1.9330071210861206	126990	8.544673921394379	8.523745879953362	8.492700689238509	8.876925114054469	9.47983680880081					46.52828009690481
2004-04-19	8.460000038146973	8.59000015258789	8.225000381469727	8.25	1.911001443862915	86640	8.446449280929587	8.48463932567431	8.469586337882461	8.852339815464097	9.44747268225342					44.84594106275781
2004-04-20	8.0	8.800000190734863	8.0	8.109999656677246	1.8785723447799683	32880	8.334299406178806	8.431119372960444	8.435339987291488	8.823228436688142	9.412276023685626					42.41218986963386
2004-04-21	8.114999771118164	8.925000190734863	8.114999771118164	8.925000190734863	2.0673563480377197	995120	8.531199667697491	8.501673775499647	8.481974292381334	8.827219485866445	9.39945297545008					57.031244449959516
2004-04-22	9.46500015258789	9.5	9.0	9.0649995803833	2.099785566329956	460250	8.709132971926094	8.582148890483026	8.537500510286284	8.83654419545534	9.390651570316743					58.9586084098191
2004-04-23	9.244999885559082	9.569999694824219	9.024999618530273	9.050000190734863	2.096310615539551	546060	8.822755378195684	8.648984790519004	8.586310003662339	8.844915018799636	9.381687060327746					58.655045670370306
2004-04-27	8.1899995803833	9.100000381469727	8.1899995803833	8.574999809265137	1.9862830638885498	129390	8.740170188552169	8.638415507482737	8.585232842291177	8.834330108621812	9.360458448457678					49.894022788340315
2004-04-28	8.510000228881836	8.75	8.34000015258789	8.510000228881836	1.9712271690368652	133220	8.663446868662058	8.620070467682607	8.578067831490287	8.821611289808478	9.338077968995156					48.81943121521945
2004-04-29	8.600000381469727	8.600000381469727	8.210000038146973	8.329999923706055	1.9295324087142944	201360	8.552297887010058	8.5786318185431	8.554442316463218	8.802332412706422	9.311549599382285					45.872980126633344
2004-04-30	8.345000267028809	8.574999809265137	8.345000267028809	8.515000343322754	1.972385048866272	50680	8.539865372447624	8.569541607797335	8.550685938068888	8.791064488416866	9.290587776854403	9.632750005722047				49.26236506820357
2004-05-03	8.5	8.890000343322754	8.305000305175781	8.694999694824219	2.0140795707702637	202280	8.591576813239822	8.587464191658318	8.56443010537892	8.787297241609311	9.274914406274661	9.61418069263496				52.386432587267365
2004-05-04	8.710000038146973	8.970000267028809	8.704999923706055	8.9399995803833	2.0708303451538086	78380	8.707717735620982	8.637826390047602	8.600198626807908	8.793285568620055	9.266100858224888	9.600830571600273				56.32803279231724
2004-05-05	8.994999885559082	8.994999885559082	8.550000190734863	8.869999885559082	2.0546159744262695	378830	8.761811785600349	8.670994032263527	8.62589398478421	8.796293973205898	9.255677148417893	9.58635867682718				54.928903880153655
2004-05-06	9.0	9.399999618530273	8.925000190734863	9.364999771118164	2.1692757606506348	458800	8.96287444743962	8.77013770924276	8.69628501205411	8.81859616135932	9.258554059541584	9.581975332159674				62.09834019647236
2004-05-07	9.3149995803833	9.699999809265137	8.899999618530273	9.25	2.1426379680633545	472740	9.058582964959747	8.838689465065224	8.749019772810861	8.835513958953072	9.258328952711542	9.575401563206016				59.72153065520553
2004-05-10	9.100000381469727	9.6850004196167	9.0	9.444999694824219	2.1878068447113037	169690	9.187388541581237	8.925305212173653	8.815303574907372	8.859415360359783	9.263241340661876	9.572819347990535				62.352819277593674
2004-05-11	9.100000381469727	9.399999618530273	8.904999732971191	9.130000114440918	2.1148414611816406	213660	9.168259065867797	8.954547341068976	8.845274673910566	8.870026527186495	9.25973499260343	9.564050650296483				55.9897745589946
2004-05-12	9.130000114440918	9.579999923706055	9.050000190734863	9.135000228881836	2.115999698638916	338430	9.157172786872477	8.980326325042242	8.87286758390783	8.880417652743175	9.256452498821282	9.555554602347678				56.06641538427431
2004-05-13	9.0	9.5	9.0	9.220000267028809	2.1356892585754395	160180	9.178115280257922	9.01456545961175	8.90592783944316	8.893734618009278	9.255493229563585	9.548909962044334				57.42378307921675
2004-05-14	9.210000038146973	9.399999618530273	8.324999809265137	8.625	1.9978649616241455	171750	8.993743520171948	8.958913251095787	8.879172807115241	8.883196005538325	9.238901302469808	9.530614715271179				46.57590298351556
2004-05-17	7.829999923706055	7.829999923706055	7.795000076293945	7.795000076293945	1.8056068420410156	35350	8.594162372212613	8.79263994040981	8.775918261322737	8.840521655371878	9.200903901780968	9.49624610855876				36.27997252718558
2004-05-18	7.699999809265137	8.085000038146973	7.150000095367432	7.590000152587891	1.758121132850647	257790	8.259441632337706	8.62083425643525	8.662973679538466	8.791481596439173	9.158511697854834	9.458498663886068				34.26523549867368
2004-05-19	8.194999694824219	8.199999809265137	7.699999809265137	8.015000343322754	1.8565673828125	199890	8.177961202666056	8.534286554562037	8.601261933232207	8.761031351218922	9.1284192937882	9.429914538726399				41.516368330947465
2004-05-20	8.199999809265137	8.390000343322754	8.005000114440918	8.140000343322754	1.8855215311050415	99430	8.165307582884955	8.477959952956425	8.557332258002736	8.736677194046523	9.102408268775951	9.40437168337187				43.49077088348191
2004-05-21	8.100000381469727	8.300000190734863	7.829999923706055	8.229999542236328	1.906368613243103	120520	8.186871569335413	8.44253703713927	8.52615771364403	8.716807482210829	9.079450144393329	9.381116789487999				44.93226184434441
2004-05-24	8.5	8.539999961853027	8.274999618530273	8.329999923706055	1.9295324087142944	72480	8.234581020792293	8.42646030664881	8.507476019364223	8.701638558347897	9.059727770164717	9.36030259412598				46.56335738654351
2004-05-25	8.350000381469727	8.850000381469727	8.199999809265137	8.545000076293945	1.9793343544006348	90980	8.338054039292844	8.443394559455259	8.511049739071815	8.695495872777153	9.046182304536538	9.344157989812473				49.992895737200854
2004-05-26	8.770000457763672	8.800000190734863	8.449999809265137	8.5	1.968910813331604	46130	8.39203602619523	8.45148105096165	8.509997382969738	8.687829367962363	9.031809085996104	9.327441990014206				49.2799994394374
2004-05-27	8.5600004196167	8.694999694824219	8.5	8.654999732971191	2.0048141479492188	38940	8.47969059512055	8.480555148391584	8.523807130588924	8.686541931296043	9.021893050390185	9.314126301755929				51.82808697284841
2004-05-28	8.130000114440918	8.649999618530273	8.0	8.289999961853027	1.92026686668396	89880	8.416460384031376	8.453332978886076	8.501539781185505	8.67099126582769	9.002632705954996	9.293846572252901				45.9711950203185
2004-05-31	8.390000343322754	8.390000343322754	8.0	8.005000114440918	1.8542503118515015	182410	8.279306960834557	8.389285426822482	8.454250289114592	8.644873965773307	8.976379216704625	9.268324860217021				41.98186068202892
2004-06-01	8.295000076293945	8.300000190734863	8.0	8.024999618530273	1.858883261680603	99670	8.194537846733128	8.337244597066453	8.413369272868467	8.620565167842209	8.951342911489512	9.243704558401442				42.35986686186801
2004-06-02	8.055000305175781	8.170000076293945	8.0	8.005000114440918	1.8542503118515015	32200	8.131358602635725	8.28978109954852	8.374476972065843	8.596425361826471	8.926439153672444	9.219175757530936				42.064720256975086
2004-06-03	8.199999809265137	8.199999809265137	8.0	8.0	1.8530924320220947	27950	8.08757240175715	8.248383799613018	8.338812498535763	8.573036131950923	8.902059175944222	9.195033663322402				41.985955371467846
2004-06-04	8.289999961853027	8.289999961853027	8.0	8.050000190734863	1.8646740913391113	67420	8.075048331416388	8.220043284058995	8.311306564459487	8.552524918569901	8.879636571070291	9.172359733172154				43.1326661853794
2004-06-07	8.074999809265137	8.100000381469727	8.0	8.010000228881836	1.8554086685180664	78800	8.053365630571538	8.190037133319402	8.282610722975901	8.531249440542918	8.856751404170595	9.149342713285217				42.41045159190707
2004-06-08	8.100000381469727	8.149999618530273	7.804999828338623	7.994999885559082	1.8519341945648193	21290	8.033910382234053	8.162174669353641	8.25521921465049	8.510220046229827	8.834073732628186	9.126484439468857				42.1255910681815
2004-06-09	8.109999656677246	8.350000381469727	8.020000457763672	8.194999694824219	1.8982611894607544	120790	8.087606819764108	8.16686395870658	8.249484022286083	8.497858463821764	8.817255994791239	9.108039197000647				47.216235863584
2004-06-10	8.149999618530273	8.369999885559082	8.149999618530273	8.335000038146973	1.9306907653808594	37110	8.17007122589173	8.190883398626637	8.257628404749024	8.491471858893341	8.804565048563758	9.092731490884733				50.49860816359325
2004-06-11	8.265000343322754	8.399999618530273	8.015000343322754	8.199999809265137	1.8994195461273193	66290	8.180047420349533	8.192185743003565	8.252139967083892	8.480041582437334	8.788655437003268	9.075053635803156				47.4353759810568
2004-06-14	7.860000133514404	7.949999809265137	7.65500020980835	7.775000095367432	1.8009743690490723	62000	8.045031645355499	8.13258779334126	8.206698074539467	8.452392896669886	8.761980296433904	9.049310001339082				39.34407025742001
2004-06-15	7.824999809265137	7.849999904632568	7.510000228881836	7.519999980926514	1.741906762123108	49660	7.870021090545837	8.045075248710582	8.14129825610014	8.41582846860152	8.729296603920552	9.019026634598239				35.43814713025913
2004-06-16	7.78000020980835	7.889999866485596	7.510000228881836	7.635000228881836	1.7685452699661255	96780	7.791680803324503	7.986493103020761	8.093079396365063	8.385207753318396	8.700499330893217	8.991620171118706				38.40784905506087
2004-06-17	7.579999923706055	7.800000190734863	7.574999809265137	7.775000095367432	1.8009743690490723	16950	7.786120567338813	7.956279816213143	8.062786129603383	8.361278041241887	8.676144087853066	8.967528684470166				41.91088932929046
2004-06-18	7.5	8.055000305175781	7.5	7.855000019073486	1.819504976272583	46070	7.809080384583704	7.94181127376462	8.042996976219584	8.341424001156852	8.654535033411499	8.94549841386825				43.875248178907626
2004-06-21	7.809999942779541	7.829999923706055	7.614999771118164	7.78000020980835	1.8021323680877686	17200	7.799386992991919	7.918695407485153	8.0179496651328	8.319407381888283	8.631520959106153	8.922419241510628				42.426739740554844
2004-06-22	7.840000152587891	7.985000133514404	7.53000020980835	7.695000171661377	1.7824431657791138	84930	7.764591385881738	7.8867389452246135	7.987192570516474	8.294920824624482	8.606875675226027	8.898113913394802				40.78339578202654
2004-06-23	7.650000095367432	7.659999847412109	7.21999979019165	7.425000190734863	1.7199013233184814	75470	7.65139432083278	7.820776266011792	7.9336504391087015	8.260806289962144	8.575773688792049	8.868943344629258				36.01180686522614
2004-06-24	7.650000095367432	7.650000095367432	7.0	7.074999809265137	1.6388286352157593	114510	7.459262816976898	7.714236772190841	7.851874188647409	8.21430407503285	8.536279639330814	8.833419710265613				30.95576515529963
2004-06-25	7.170000076293945	7.75	7.0	7.630000114440918	1.76738703250885	366020	7.516175249464905	7.702202963940851	7.830743324437267	8.191390194225322	8.5124301781495	8.809589619259183				44.308346581913284
2004-06-28	7.795000076293945	7.800000190734863	7.519999980926514	7.664999961853027	1.7754942178726196	41570	7.565783486927613	7.696888249356877	7.814958242286387	8.170747440014644	8.490129382983804	8.786924477528368				45.03031577865406
2004-06-29	7.690000057220459	8.100000381469727	7.679999828338623	7.934999942779541	1.8380359411239624	113240	7.688855638878255	7.7309042055601145	7.8263907851904975	8.161502440123071	8.475520713504745	8.770054684761064				50.374881028628536
2004-06-30	8.0	8.1899995803833	7.90500020980835	8.015000343322754	1.8565673828125	65240	7.797570540359755	7.771489368097634	7.844353600250712	8.155757259856392	8.463401756394692	8.755103113643473				51.8681392161138
2004-07-01	8.0	8.194999694824219	7.90500020980835	8.0	1.8530924320220947	149550	7.865047026906503	7.804133744083686	7.859177066893501	8.149649132018887	8.451206973331674	8.740150576739643				51.55488502699499
2004-07-02	8.0	8.170000076293945	7.985000133514404	8.005000114440918	1.8542503118515015	129560	7.911698056084641	7.832828939849005	7.8730649761837315	8.143976621525633	8.439464687571391	8.725593141842639				51.65968691515371
2004-07-05	8.350000381469727	8.359999656677246	7.949999809265137	8.1899995803833	1.897103190422058	298030	8.004465230850862	7.88385331706819	7.903249224202738	8.14578144344162	8.432899816329599	8.714987328744435				55.495831936383475
2004-07-06	8.25	8.25	8.0	8.024999618530273	1.858883261680603	199530	8.011310026743999	7.904017074419916	7.914844499852979	8.141044901288234	8.422165600598037	8.701324205769897				51.56538552371759
2004-07-07	8.095000267028809	8.225000381469727	8.095000267028809	8.170000076293945	1.8924705982208252	89550	8.064206709927314	7.942014646116206	7.939145030942595	8.142180398347282	8.415529665747929	8.690802935879283				54.60789571952264
2004-07-08	8.229999542236328	8.399999618530273	7.929999828338623	7.989999771118164	1.8507757186889648	230840	8.039471063657597	7.948869663973629	7.943988339530745	8.136212530612807	8.404331510626093	8.676925645487973				50.377316999054955
2004-07-09	7.900000095367432	8.699999809265137	7.800000190734863	8.569999694824219	1.985124945640564	190420	8.216313940713137	8.037602525523713	8.003608468606314	8.153223791954431	8.408691199683938	8.674808299930275				60.89110589806753
2004-07-12	8.699999809265137	9.100000381469727	8.0	8.675000190734863	2.0094473361968994	1361870	8.369209357387046	8.128659334839591	8.067550537380463	8.173685611514449	8.415699331027383	8.674812099748188				62.44250565290949
2004-07-13	8.725000381469727	8.930000305175781	8.539999961853027	8.585000038146973	1.9885996580123901	128290	8.441139584307022	8.193850863883503	8.116831442215368	8.18981558902945	8.420154612793688	8.673033643082817				60.23680441809675
2004-07-14	8.475000381469727	8.6899995803833	8.475000381469727	8.585000038146973	1.9885996580123901	34120	8.489093068920338	8.249729317349713	8.161418927542186	8.205313018406608	8.424492650302986	8.671290403381118				60.23680441809675
2004-07-15	8.675000190734863	8.84000015258789	8.609999656677246	8.630000114440918	1.9990230798721313	129270	8.536062084093865	8.30405371693417	8.206045707246828	8.221967414329523	8.42990074146451	8.670472773897153				61.034947945990666
2004-07-16	8.600000381469727	9.319999694824219	8.5	9.005000114440918	2.0858869552612305	524860	8.692374760876216	8.404188916577992	8.282136603170075	8.252674579039773	8.445034935490204	8.677097077670297				66.9825969294368
2004-07-19	8.8100004196167	9.319999694824219	8.699999809265137	9.100000381469727	2.1078927516937256	243690	8.82824996774072	8.503590554419668	8.360028391579565	8.285903041880164	8.46227086827914	8.68547140051781				68.30259127368849
2004-07-20	9.095000267028809	9.145000457763672	9.024999618530273	9.074999809265137	2.1021018028259277	107170	8.910499914915524	8.585220447969022	8.42812090754962	8.316848013150164	8.478395314094561	8.69318483435439				67.53737683942208
2004-07-21	9.1850004196167	9.300000190734863	8.96500015258789	9.15999984741211	2.121790647506714	121530	8.993666559081053	8.667331790746605	8.497823663726999	8.349912790964359	8.496332275497654	8.702428695999098				68.81653486836115
2004-07-22	9.289999961853027	9.289999961853027	8.925000190734863	9.0649995803833	2.099785566329956	72660	9.017444232848469	8.724141474980419	8.551840417694265	8.377955410157258	8.511297204573593	8.709608317472052				65.70051818352403
2004-07-23	9.100000381469727	9.100000381469727	8.854999542236328	8.949999809265137	2.0731468200683594	72040	8.99496275832069	8.756406951306808	8.589760359748634	8.400388523847763	8.522842009960213	8.714368545032311				62.03846337963085
2004-07-26	9.0	9.279999732971191	8.899999618530273	9.194999694824219	2.1298975944519043	86850	9.0616417371552	8.81906305752358	8.647402201184404	8.431549746238996	8.540530370088213	8.723885993543043				66.34263646090366
2004-07-27	9.28499984741211	9.28499984741211	8.949999809265137	9.0	2.084728956222534	62090	9.0410944914368	8.84491119216307	8.680982943928747	8.453841913053154	8.552621676138523	8.729353597631299				60.46623319285691
2004-07-28	9.0	9.0	8.600000381469727	8.9350004196167	2.069672107696533	114540	9.0057298008301	8.857781081799303	8.705175084470456	8.472710874094862	8.562684274651106	8.73342581192804				58.602863584511944
2004-07-29	9.015000343322754	9.100000381469727	8.829999923706055	8.925000190734863	2.0673563480377197	118150	8.978819930798354	8.86738381164724	8.72611080887659	8.490447710041527	8.572218904021732	8.73721936398362				58.30516471169127
2004-07-30	8.989999771118164	9.0	8.449999809265137	8.5600004196167	1.9828088283538818	93470	8.839213427071135	8.82347189850002	8.710290771804221	8.493175267279769	8.571897364958442	8.733710077956552				48.60076282568871
2004-08-02	8.75	8.75	8.449999809265137	8.489999771118164	1.9665942192077637	187230	8.72280887508681	8.775833023159755	8.689310676500787	8.49305073801853	8.56974216512054	8.728884131286485				46.98558429367035
2004-08-03	8.625	8.699999809265137	8.119999885559082	8.28499984741211	1.9191088676452637	103130	8.576872532528578	8.705713998052948	8.650804883254246	8.484891879563376	8.562248946233476	8.720094343486991				42.528100687814785
2004-08-04	8.5	9.0	8.5	8.600000381469727	1.9920743703842163	138350	8.58458181550896	8.690612052826774	8.645966359274768	8.489405938461664	8.563242405055483	8.717716245229223				50.326293415931936
2004-08-05	8.375	8.890000343322754	8.375	8.704999923706055	2.0163960456848145	44460	8.624721184907992	8.692667462952386	8.651588603506319	8.497860604549679	8.566972866072604	8.71746443688223				52.63341908148502
2004-08-06	8.625	8.989999771118164	8.625	8.8100004196167	2.0407180786132812	154460	8.686480929810894	8.709429313904431	8.66667544313588	8.51010138161113	8.573368328007975	8.719296832579943				54.88977845125249
2004-08-09	8.970000267028809	9.15999984741211	8.819999694824219	9.0600004196167	2.0986268520355225	117970	8.81098742641283	8.759510900434755	8.704134964705482	8.531666049768212	8.586174435681889	8.726043438263838				59.79994499597384
2004-08-10	9.024999618530273	9.100000381469727	8.75	9.005000114440918	2.0858869552612305	85180	8.875658322422192	8.79458078814992	8.73278878848981	8.550228169951456	8.597196164070285	8.731567332841601				58.29654733286043
2004-08-11	9.0	9.149999618530273	8.699999809265137	8.765000343322754	2.03029465675354	382220	8.838772329389046	8.790355010317468	8.735856555616756	8.55865060812288	8.601612063524296	8.732229372653109				52.136990625850956
2004-08-12	8.699999809265137	8.975000381469727	8.300000190734863	8.46500015258789	1.9608036279678345	137960	8.714181603788662	8.743875744927529	8.710060707709244	8.554978041239155	8.598017013236497	8.726937704929044				45.64477309579882
2004-08-13	8.369999885559082	8.694999694824219	8.369999885559082	8.600000381469727	1.9920743703842163	81900	8.676121196349017	8.723322121576414	8.69957877187691	8.55674362320898	8.598069207137371	8.724424094563513				48.73819162993276
2004-08-16	8.649999618530273	8.850000381469727	8.649999618530273	8.725000381469727	2.021028995513916	24920	8.692414258055921	8.723561872989745	8.701999877552415	8.5633419274545	8.601409501198749	8.724435506185419				51.49102341431585
2004-08-17	8.949999809265137	9.239999771118164	8.800000190734863	9.175000190734863	2.125265121459961	381040	8.853276235615569	8.788053061239047	8.747047526426934	8.587328526014515	8.616503993028646	8.733357579146794				59.8500827150975
2004-08-18	9.100000381469727	9.489999771118164	9.050000190734863	9.095000267028809	2.106734037399292	526750	8.933850912753316	8.831902662066156	8.780185882674731	8.607237221740565	8.629096000239176	8.740518820490992				57.93862197616
2004-08-19	9.0	9.175000190734863	8.96500015258789	9.130000114440918	2.1148414611816406	110530	8.999233979982517	8.874488012405408	8.81350152379532	8.627737727336656	8.642277687455012	8.748231321361288				58.562154420840976
2004-08-20	9.199999809265137	9.199999809265137	9.039999961853027	9.15999984741211	2.121790647506714	116140	9.052822602459047	8.915275417406365	8.846501364139776	8.64861075165334	8.655901954822305	8.756385153560315				59.121533317739924
2004-08-23	9.300000190734863	9.399999618530273	9.069999694824219	9.210000038146973	2.1333725452423096	259800	9.105215081021688	8.957378934655024	8.881120285473795	8.670626017790346	8.670483483330848	8.765367626522426				60.08857479603974
2004-08-24	9.199999809265137	9.420000076293945	9.199999809265137	9.28499984741211	2.150745153427124	190260	9.165143336485162	9.00418192219175	8.919585005658396	8.694719109148062	8.686654966596144	8.775657373470738				61.55761607002567
2004-08-25	9.420000076293945	9.420000076293945	9.100000381469727	9.21500015258789	2.134530544281006	211940	9.181762275186072	9.034298812248341	8.947719781556444	8.715122287322172	8.700558787280137	8.784357230482959				59.361465820351626
2004-08-26	9.345000267028809	9.399999618530273	9.210000038146973	9.274999618530273	2.1484286785125732	374370	9.21284138963414	9.068684641717189	8.978889289839666	8.73707826109504	8.715675651260403	8.794072921335381				60.65710043444676
2004-08-27	9.5	9.649999618530273	9.329999923706055	9.494999885559082	2.1993892192840576	839600	9.30689422160912	9.129586819408887	9.028042679908182	8.766800677740688	8.736184183741948	8.807952663201197				65.05630214479591
2004-08-30	9.600000381469727	9.625	9.300000190734863	9.5649995803833	2.2156035900115967	397840	9.392929341200514	9.191788642405232	9.079181432334384	8.798102595491379	8.757995115232509	8.822943691264209				66.34575361959344
2004-08-31	9.699999809265137	10.270000457763672	9.614999771118164	9.710000038146973	2.2491910457611084	1732910	9.498619573516	9.265818841796909	9.139259394792726	8.833863279517088	8.783047876361836	8.840509163479709				68.90539485528815
2004-09-01	9.699999809265137	10.234999656677246	9.699999809265137	10.170000076293945	2.355743646621704	1561690	9.722413074441983	9.3949875895822	9.237425173983318	8.886260800959317	8.819546618465314	8.866835716208703				75.3186828013129
2004-09-02	10.470000267028809	10.949999809265137	10.225000381469727	10.649999618530273	2.4669289588928223	2198530	10.031608589138079	9.574275022289068	9.37195607346398	8.955427029099354	8.867716434256497	8.902145892492298				79.96277564099046
2004-09-03	10.899999618530273	11.199999809265137	10.75	10.845000267028809	2.5120978355407715	1220880	10.30273914843499	9.75580720010903	9.512245996660631	9.029527940390706	8.919750219329453	8.940618256344505				81.48680667837225
2004-09-06	11.0	11.3100004196167	11.0	11.1899995803833	2.592012882232666	763850	10.598492625751094	9.960691825862497	9.672032052253266	9.114252318429632	8.979493623567713	8.985160460780918				83.83011785313195
2004-09-07	11.279999732971191	11.489999771118164	11.0	11.074999809265137	2.5653743743896484	1234590	10.757328353589108	10.119878680634303	9.80564802911154	9.191144376893769	9.03463852319133	9.026543418176646				80.18665654745905
2004-09-08	11.479999542236328	11.5	10.800000190734863	10.925000190734863	2.5306291580200195	554550	10.813218965971027	10.234896039220096	9.91225299688519	9.259138722534596	9.084384882863528	9.06413662159364				75.5728663557171
2004-09-09	10.989999771118164	11.364999771118164	10.550000190734863	10.699999809265137	2.478510856628418	565720	10.775479247069063	10.301339434940816	9.987276502826138	9.31564307887697	9.126901065137254	9.09652995204258				69.14598223664431
2004-09-10	10.699999809265137	10.75	10.5	10.550000190734863	2.443765640258789	377710	10.70031956162433	10.336862400054251	10.040869235007921	9.364049240126299	9.164351042126665	9.125311540927576				65.16715640288011
2004-09-13	10.824999809265137	10.899999618530273	10.40999984741211	10.505000114440918	2.4333417415618896	484070	10.635213079229858	10.360882073538061	10.085072175906301	9.408792411668049	9.199631280871778	9.152632106739722				63.977764927366174
2004-09-14	10.539999961853027	10.539999961853027	10.164999961853027	10.210000038146973	2.365009307861328	271960	10.493475398868897	10.33932749705362	10.09697006754827	9.440212318588792	9.226219932379019	9.173570085579469				56.675092055667875
2004-09-15	10.399999618530273	10.595000267028809	10.100000381469727	10.319999694824219	2.390488862991333	496580	10.435650164187338	10.336566382449421	10.118210984431693	9.474713784323514	9.255003610338104	9.196271662000157				58.57389864782584
2004-09-16	10.470000267028809	10.75	10.260000228881836	10.675000190734863	2.47271990776062	459740	10.515433506369847	10.38491406934734	10.171238527889138	9.5217838394769	9.292371941401177	9.22555341504441				64.04992135592336
2004-09-17	10.699999809265137	10.789999961853027	10.515000343322754	10.574999809265137	2.449556350708008	383840	10.535288940668277	10.412069175049883	10.20969198325828	9.563086426527418	9.326125306344965	9.252275125821058	9.216250007152558			61.580518759271065
2004-09-20	10.675000190734863	10.899999618530273	10.614999771118164	10.664999961853027	2.4704039096832275	613130	10.57852594772986	10.44820214459319	10.253054647886351	9.606298722030383	9.361358849910966	9.280249875049414	9.230665429587388			62.96446184959294
2004-09-21	10.699999809265137	10.770000457763672	10.350000381469727	10.414999961853027	2.412494421005249	575520	10.524017285770915	10.443458975630309	10.268478011121273	9.638012496141075	9.389086247593651	9.302720173798	9.242449852794012			56.83956311616508
2004-09-22	10.579999923706055	10.6899995803833	10.390000343322754	10.46500015258789	2.424076557159424	639180	10.50434490804324	10.44653628662425	10.287194405546664	9.670443384629186	9.41739977140929	9.325735618922552	9.254614532393951			57.72529112444854
2004-09-23	10.5	10.5	10.109999656677246	10.175000190734863	2.3569014072418213	448040	10.394563335607115	10.407745415782909	10.276509242231255	9.690229926045095	9.437336624549436	9.34255273915646	9.2637725986461			51.166668407707526
2004-09-24	10.204999923706055	10.449999809265137	10.125	10.21500015258789	2.3661675453186035	400140	10.334708941267374	10.380210378183621	10.27065123369379	9.7108091506154	9.457801454234659	9.359828925561043	9.27323754943159			51.977145616932376
2004-09-27	10.100000381469727	10.199999809265137	9.850000381469727	9.975000381469727	2.310574531555176	730080	10.214806088001492	10.322323235795922	10.242494009672452	9.72116959104106	9.471411952319793	9.372010538549334	9.280220264178238			46.94294291103274
2004-09-28	10.125	10.125	9.699999809265137	9.755000114440918	2.2596139907836914	376980	10.061537430147967	10.24127707560235	10.1960660196504	9.72249627823321	9.4788747986914	9.379594490547188	9.284944441792792			42.84629525602213
2004-09-29	9.899999618530273	10.0	9.654999732971191	9.739999771118164	2.2561397552490234	1452530	9.954358210471366	10.169666032104608	10.152631138837807	9.723182689718895	9.485746508492104	9.386731228776316	9.289472355517422			42.57348532215512
2004-09-30	9.869999885559082	10.100000381469727	9.800000190734863	9.845000267028809	2.2804617881774902	569740	9.91790556265718	10.12328520852235	10.123332960570282	9.727959849613402	9.495200554769387	9.395805863197157	9.294999996427983			45.203594688418704
2004-10-01	9.899999618530273	10.100000381469727	9.829999923706055	10.029999732971191	2.3233144283294678	322160	9.955270286095184	10.109958712015041	10.114444081751321	9.739804550921551	9.509274217353644	9.408364157648128	9.302313426642343			49.58473545353135
2004-10-04	10.100000381469727	10.300000190734863	9.850000381469727	9.994999885559082	2.3152074813842773	510900	9.968513485916484	10.093536022521333	10.103068444018726	9.749812211103416	9.522056471780102	9.419980706715672	9.309205829218628			48.78995727370922
2004-10-05	10.100000381469727	10.1899995803833	9.880000114440918	9.949999809265137	2.304783821105957	516750	9.962342260366034	10.07303084919902	10.088490478804099	9.757662705148974	9.533318138556025	9.430476134488929	9.315581888721578			47.73063780276567
2004-10-06	10.0600004196167	10.135000228881836	9.649999618530273	9.699999809265137	2.2468743324279785	769770	9.874894776665736	10.019740700637037	10.051491367419436	9.755401415114314	9.537704498311527	9.435813236959746	9.319406942657334			42.243254149315725
2004-10-07	9.875	10.494999885559082	9.755000114440918	10.154999732971191	2.352269172668457	1438440	9.96826309543422	10.039063419541916	10.061349306995794	9.77107193738321	9.553949109749938	9.450054553712448	9.32772129877986			52.86443498925627
2004-10-08	10.199999809265137	10.300000190734863	9.899999618530273	10.024999618530273	2.3221561908721924	706100	9.987175269799572	10.037054305111681	10.05788743190384	9.781029885663488	9.566345175770474	9.461439604500919	9.334659391513695			50.03338790324594
2004-10-11	10.375	10.40999984741211	10.010000228881836	10.069999694824219	2.3325798511505127	563470	10.014783411474454	10.04176078935633	10.0590409807534	9.79236203504234	9.579599242061361	9.473490299358806	9.341976210452108			51.01137460627145
2004-10-12	10.149999618530273	10.199999809265137	9.800000190734863	9.859999656677246	2.283936023712158	345940	9.963188826542051	10.015794913259318	10.040084664174719	9.795014490792727	9.586978200340727	9.481143949998776	9.347130672603601			46.44297692235262
2004-10-14	9.899999618530273	9.989999771118164	9.225000381469727	9.84000015258789	2.2793033123016357	312660	9.922125935223997	9.990681376020543	10.021028996404544	9.796778634392538	9.593636672768284	9.488250013416382	9.352034846533794			46.02027847260977
2004-10-15	10.0	10.199999809265137	9.640000343322754	9.739999771118164	2.2561397552490234	512400	9.861417213855386	9.954869718177346	9.994264308282032	9.794552012303347	9.597488333251176	9.493235157133249	9.355895194042096			43.87023293193363
2004-10-18	9.899999618530273	10.0600004196167	9.75	9.880000114440918	2.288569450378418	421590	9.867611514050564	9.944174060500712	9.983382004106687	9.797902918269527	9.604922853808802	9.500893869159144	9.361110168374424			47.5637663596112
2004-10-19	9.970000267028809	10.300000190734863	9.8149995803833	10.095000267028809	2.3383705615997314	556630	9.943407765043313	9.965720661433297	9.994012314861175	9.809553794691459	9.617819627840907	9.512658352285277	9.36841255741576			52.71024536452303
2004-10-20	10.170000076293945	11.104999542236328	10.170000076293945	11.005000114440918	2.5491600036621094	3560020	10.29727188150918	10.1141891547201	10.090296867202103	9.856434042524771	9.654324377488276	9.542209674308161	9.384697010719494			67.32709316048093
2004-10-21	11.28499984741211	11.28499984741211	10.779999732971191	10.845000267028809	2.5120978355407715	1691180	10.479848010015724	10.218590742192772	10.162173381471312	9.895201345446498	9.685657953528816	9.568007507827382	9.399227391379288			63.60456587986708
2004-10-25	10.800000190734863	10.800000190734863	10.255000114440918	10.420000076293945	2.4136526584625244	576570	10.459898698775131	10.247363504207225	10.186728304787753	9.915781687832673	9.704982746233162	9.584878647797016	9.409384333517743			54.91853777517903
2004-10-26	10.539999961853027	10.699999809265137	10.399999618530273	10.479999542236328	2.427550792694092	333160	10.466598979928863	10.28059722392567	10.214658898830475	9.937907878201445	9.72537792507535	9.602603814023537	9.420037221166684			55.83549535385691
2004-10-27	10.484999656677246	10.720000267028809	10.4399995803833	10.619999885559082	2.4599802494049072	223380	10.517732615138936	10.329083318444729	10.253262802328438	9.964656584372333	9.748920608245975	9.622750270885627	9.431977148175564			57.983040355529866
2004-10-28	10.699999809265137	10.739999771118164	10.524999618530273	10.609999656677246	2.4576637744903564	188920	10.548488295651707	10.369214223906518	10.287237740837847	9.98996415583527	9.771580583204692	9.642299763673579	9.443698765175581			57.76696066431278
2004-10-29	10.550000190734863	10.649999618530273	10.260000228881836	10.449999809265137	2.4206020832061768	280270	10.515658800189517	10.380755021814892	10.302738890211875	10.008004769695265	9.789433720732598	9.658293823982323	9.453711710887914			54.28150804749321
2004-11-01	10.404999732971191	10.699999809265137	10.300000190734863	10.614999771118164	2.4588215351104736	323500	10.548772457165732	10.414218557429646	10.33247802172676	10.031808495241261	9.811159143111166	9.677238496202834	9.465266815964831			57.15263714683374
2004-11-02	10.850000381469727	11.100000381469727	10.609999656677246	10.6899995803833	2.4761946201324463	651310	10.595848164904922	10.453615846423025	10.366527693979764	10.05761991034487	9.83428652303938	9.697293171137101	9.477453211630687			58.43053533517983
2004-11-03	10.770000457763672	11.0	10.649999618530273	10.854999542236328	2.5144150257110596	423850	10.682231957348725	10.510956374396354	10.413048822385152	10.08888969983081	9.861147391965615	9.720218049772729	9.49116014029343			61.17402244779859
2004-11-04	10.970000267028809	10.970000267028809	10.699999809265137	10.78499984741211	2.4982001781463623	321630	10.716487920703186	10.550105441970034	10.448472729530577	10.11618813699086	9.885459298687891	9.741302837844795	9.504034167229934			59.3834539756817
2004-11-05	10.760000228881836	10.795000076293945	10.520000457763672	10.649999618530273	2.4669289588928223	240290	10.694325153312215	10.564376038621496	10.467665766578166	10.137121920580642	9.905578780789007	9.759296833501933	9.515436808536405			55.980295870359754
2004-11-08	10.699999809265137	10.989999771118164	10.649999618530273	10.835000038146973	2.5097815990448	250670	10.741216781590468	10.60303660998228	10.502649982918053	10.164489689896968	9.930037234930007	9.78059788705926	9.52856679092059			59.41292816534893
2004-11-09	10.899999618530273	11.024999618530273	10.699999809265137	10.800000190734863	2.5016744136810303	359570	10.760811251305267	10.631174264375506	10.530969050329178	10.189411670321983	9.952930996924872	9.80078407129046	9.541217869525706			58.48376157911347
2004-11-10	11.0	11.975000381469727	10.755000114440918	11.505000114440918	2.664978504180908	39472530	11.008874205683817	10.756006528670564	10.623733913577915	10.241003374012921	9.993774921070031	9.834530923630073	9.560757991365659			69.00038872818715
2004-11-11	11.800000190734863	12.180000305175781	11.619999885559082	11.805000305175781	2.734469413757324	8394380	11.274249572181139	10.905862782457024	10.736235474682474	10.3023365869997	10.04143874696755	9.873550119304245	9.5830887606573			72.22468284251717
2004-11-12	11.899999618530273	12.050000190734863	11.699999809265137	11.895000457763672	2.755316734313965	831790	11.481166534041984	11.047168164643688	10.84659404449973	10.364793993696328	10.090216686725343	9.913578838877699	9.60609285714592			73.127687202023
2004-11-16	11.899999618530273	13.300000190734863	11.755000114440918	13.0649995803833	3.0263314247131348	7102600	12.009110882822423	11.335429795463632	11.057870762202928	10.470684408860523	10.168500447084764	9.975983209996622	9.640509839466691			81.53300349950734
2004-11-17	12.850000381469727	13.279999732971191	12.335000038146973	12.489999771118164	2.893139600753784	3906540	12.169407178921004	11.50036836341428	11.194264001147236	10.549873246596116	10.229592534559327	10.025765716157444	9.668862973114965			69.95269078331154
2004-11-18	12.5	12.880000114440918	11.864999771118164	11.949999809265137	2.7680563926696777	4095490	12.096271389035715	11.56460142710726	11.266238840015607	10.604780170622352	10.27486641020948	10.063869361565517	9.691560852081635			61.166313205409494
2004-11-19	12.140000343322754	12.140000343322754	11.699999809265137	11.895000457763672	2.755316734313965	8319390	12.029181078611701	11.611801288629604	11.326120898848757	10.655377044627894	10.317501516724064	10.100129383272412	9.713485624277476			60.335078168933165
2004-11-22	11.800000190734863	12.345000267028809	11.550000190734863	12.130000114440918	2.809751510620117	2555410	12.062787423888107	11.685829692316934	11.402680824143248	10.713205400306837	10.36519884824293	10.14032484329555	9.73753054457761			62.66945117968993
2004-11-23	12.199999809265137	12.399999618530273	12.050000190734863	12.109999656677246	2.8051187992095947	3168270	12.07852483481782	11.746425401511265	11.470044522479819	10.767981645654697	10.4111146589912	10.179328304946672	9.761137202409447			62.33321798259019
2004-11-24	12.149999618530273	12.300000190734863	11.920000076293945	12.03499984741211	2.7877449989318848	2656610	12.064016505682583	11.787650322354244	11.52384979152099	10.81766863395891	10.453848479739118	10.216074276084601	9.783762701364697			61.01131378336725
2004-11-25	12.119999885559082	12.489999771118164	11.850000381469727	11.9399995803833	2.765740394592285	6532160	12.022677530582822	11.80941450207268	11.563483104745972	10.861681612250063	10.492957719229755	10.250211410823189	9.805217794688266			59.29595545324939
2004-11-29	11.5	12.364999771118164	11.5	12.085000038146973	2.7993276119232178	5171060	12.043451699770872	11.848783864369008	11.613151384117495	10.909654883853863	10.534853569727577	10.286543858889006	9.827902195120691			61.093959813710974
2004-11-30	12.109999656677246	12.239999771118164	11.800000190734863	12.015000343322754	2.7831125259399414	1966730	12.033967914288166	11.872529075648114	11.651422713565616	10.95300176461735	10.573804800611661	10.320770719966902	9.849664365749568			59.72243972466374
2004-12-01	12.0	12.095000267028809	11.680000305175781	11.914999961853027	2.7599494457244873	1196840	11.99431193014312	11.878596345105958	11.676525308640608	10.990727184116787	10.609099410118013	10.352339615845835	9.870214968695871			57.72862275370637
2004-12-02	11.960000038146973	12.170000076293945	11.795000076293945	11.854999542236328	2.7460508346557617	799210	11.947874467507523	11.875225373267439	11.693522854697344	11.024620217768534	10.641886255700074	10.382095257952578	9.889964068930105			56.509612411042575
2004-12-03	11.5	11.904999732971191	11.5	11.800000190734863	2.733311414718628	1791970	11.898583041916636	11.864478918619929	11.703663553367583	11.05502727553192	10.67236293820099	10.410172583354207	9.908969403475426			55.35571649901618
2004-12-06	11.800000190734863	12.149999618530273	11.800000190734863	12.015000343322754	2.7831125259399414	1407610	11.937388809052008	11.885981979291762	11.733314676220457	11.092673278190384	10.707695501493669	10.441951350878336	9.929924935215201			58.88967240569429
2004-12-07	12.119999885559082	12.270000457763672	12.0	12.15999984741211	2.816699981689453	934470	12.011592488505375	11.92512738902324	11.773951359191091	11.134529222081433	10.745914036912575	10.475972113185936	9.952114735336563			61.12469301828668
2004-12-08	12.100000381469727	12.265000343322754	11.75	11.829999923706055	2.740260362625122	1165910	11.951061633572268	11.911537751120784	11.779289317716326	11.161802582929457	10.774442612880824	10.502784545077423	9.97080016009646			53.93758607291237
2004-12-09	11.880000114440918	12.1850004196167	11.744999885559082	11.795000076293945	2.7321529388427734	1593870	11.899041114479493	11.894889511859807	11.780785580438005	11.186633857179045	10.8012993882338	10.528372971438147	9.988951403043698			53.22280641857979
2004-12-10	11.829999923706055	12.0	11.699999809265137	11.850000381469727	2.7448933124542236	1190950	11.882694203476238	11.888476778946938	11.78737746625055	11.21264823068064	10.828896782792642	10.554543811240752	10.007469303326545			54.24885118936744
2004-12-13	11.805000305175781	12.079999923706055	11.75	12.015000343322754	2.7831125259399414	708370	11.926796250091742	11.906551573857769	11.809055835495522	11.244113019411703	10.860110034385539	10.583463742569108	10.027444736560337			57.27647983426913
2004-12-14	12.1899995803833	12.59000015258789	12.010000228881836	12.319999694824219	2.853762626647949	2269910	12.057864065002567	11.96561559113869	11.857717155431589	11.286304653741606	10.898528183344451	10.617850593108814	10.050256228682366			62.24952878772816
2004-12-15	12.324999809265137	12.739999771118164	12.074999809265137	12.170000076293945	2.819016456604004	1251830	12.095242735433027	11.994813374732297	11.887458385989909	11.320959376194638	10.931987970001018	10.648586226439212	10.071348207265567			58.634710954401335
2004-12-16	12.199999809265137	12.274999618530273	11.904999732971191	12.005000114440918	2.780796766281128	473480	12.06516186176899	11.9962686232621	11.898652836318577	11.34778450318469	10.960225131696804	10.675445907389742	10.090588524749899			54.860806438761855
2004-12-17	12.050000190734863	12.199999809265137	11.8100004196167	12.005000114440918	2.780796766281128	429850	12.045107945992966	11.997515979144788	11.908781148520704	11.373557664410423	10.98771921019007	10.701773713469963	10.109637396289113			54.86080643876184
2004-12-20	12.274999618530273	12.274999618530273	11.854999542236328	12.119999885559082	2.807434558868408	716660	12.070071925848337	12.015013680061116	11.928897218714836	11.402829908377038	11.017516070068202	10.729857400045985	10.12964100314752			57.093072881975104
2004-12-21	12.25	12.4399995803833	12.220000267028809	12.3149995803833	2.8526039123535156	1123640	12.151714477359992	12.057868808678572	11.96566887220707	11.438601268063557	11.05166037297123	10.761246354112071	10.151385864612553			60.64687392753226
2004-12-22	12.5	12.800000190734863	12.449999809265137	12.510000228881836	2.8977725505828857	2015800	12.271143061200606	12.122459011564752	12.017509953795143	11.480616913585843	11.090037737600458	10.795875143711472	10.174854664257024			63.86961282595408
2004-12-23	12.604999542236328	12.675000190734863	12.319999694824219	12.385000228881836	2.868818759918213	664320	12.309095450427682	12.159964899752907	12.052509027612922	11.516082925950391	11.124115697897336	10.827342967180192	10.196846162412495			60.45205707056757
2004-12-24	12.5	12.600000381469727	12.359999656677246	12.414999961853027	2.875767469406128	387680	12.34439695423613	12.196398480052924	12.087031973731028	11.551334574417162	11.158086336422485	10.85878171954995	10.21891734449648			60.99153323991347
2004-12-27	12.484999656677246	12.699999809265137	12.25	12.364999771118164	2.8641860485076904	801910	12.351264559863475	12.22048437877653	12.113505097291707	11.583243013503475	11.189847216282898	10.888607819581004	10.240271398492716			59.53388888785739
2004-12-28	12.59000015258789	13.6899995803833	12.449999809265137	13.279999732971191	3.0761332511901855	4725670	12.660842950899381	12.371843715090053	12.224599824499277	11.649782492698288	11.244851229879957	10.935962114895661	10.270517451572104			72.49064997364762
2004-12-29	13.5	13.595000267028809	12.770000457763672	13.050000190734863	3.022857189178467	1926310	12.790562030844542	12.46872321161074	12.303209383188381	11.704692990660506	11.292355149902455	10.977824255011289	10.29817399624039			66.70865457510577
2004-12-30	13.295000076293945	13.300000190734863	12.699999809265137	12.824999809265137	2.970738410949707	810740	12.802041290318074	12.519619868418511	12.352903709481406	11.7486265913901	11.33268790409621	11.01440198875889	10.32331654164362			61.537620350072395
2004-12-31	13.300000190734863	13.300000190734863	12.914999961853027	13.074999809265137	3.0286471843719482	1088260	12.89302746330043	12.598959859968028	12.421674766603667	11.8006412273852	11.378538217390128	11.055205905996637	10.35069647465478			64.8023714163784
2005-01-03	13.210000038146973	14.789999961853027	13.210000038146973	13.744999885559082	3.1838443279266357	4279770	13.17701827071998	12.762679863623893	12.547705730313707	11.876890586529273	11.440813524447206	11.108469153116685	10.384470637947361			71.72839432495593
2005-01-04	13.949999809265137	14.074999809265137	13.40999984741211	13.614999771118164	3.15373158454895	938450	13.323012104186041	12.88443985040879	12.649352781818893	11.945051731022955	11.498028951991179	11.15810342278008	10.416615206436623			68.89559668988187
2005-01-05	13.5	13.739999771118164	12.699999809265137	13.074999809265137	3.0286471843719482	2707510	13.240341339212407	12.911662701673981	12.68989059395663	11.989363420365786	11.539528185077335	11.196061767066913	10.44306679452447			58.55140740951549
2005-01-06	12.800000190734863	13.199999809265137	12.420000076293945	13.020000457763672	3.0159077644348145	1566510	13.166894378729495	12.927139523972508	12.72132962860492	12.029780559087271	11.578487981726976	11.232179364902493	10.468707925501974			57.6027772265413
2005-01-07	13.395000457763672	13.395000457763672	12.925000190734863	13.074999809265137	3.0286471843719482	491250	13.136262855574708	12.948262421871455	12.755012502953512	12.070769549290326	11.617869871925349	11.268670858850268	10.494641178076732			58.329835956456286
2005-01-10	13.100000381469727	13.6899995803833	13.050000190734863	13.140000343322754	3.043704032897949	594840	13.137508684824057	12.975653553507355	12.791678011560107	12.112700168664146	11.657925936962123	11.305726888245763	10.520963159820473			59.219906324636504
2005-01-11	13.199999809265137	13.25	12.899999618530273	12.979999542236328	3.0066418647766113	821730	13.085005637294815	12.976274409040066	12.809613395434033	12.146711908804232	11.692717347627234	11.33888080218617	10.545431183526103			56.046417965833704
2005-01-12	13.199999809265137	13.199999809265137	12.5	12.510000228881836	2.8977725505828857	1553880	12.893337167823821	12.909663811874605	12.781078808143347	12.16095850959159	11.714224791870777	11.362071285883113	10.56497913422616			47.922453936028894
2005-01-13	12.895000457763672	12.899999618530273	12.550000190734863	12.850000381469727	2.976529598236084	328840	12.878891572372456	12.901140464673908	12.787642767507764	12.187979759469163	11.744113623176013	11.391535228369976	10.58771566404948			53.20656163448865
2005-01-14	13.5	13.5	12.5	12.555000305175781	2.9081969261169434	231140	12.770927816640231	12.85169187045989	12.765486342523765	12.202372722045894	11.765452746386533	11.414574140781973	10.607290635602975			48.598951272822696
2005-01-17	12.675000190734863	12.789999961853027	12.350000381469727	12.609999656677246	2.9209370613098145	484060	12.717285096652569	12.817164411348083	12.750678086728858	12.218358092031437	11.787677665078395	11.438245933175939	10.627218088548988			49.477399900412344
2005-01-18	12.640000343322754	12.795000076293945	12.199999809265137	12.505000114440918	2.8966145515441895	326720	12.646523435915352	12.772569511789916	12.727280184606197	12.229598955655339	11.806554571640566	11.459369778349503	10.645902486816569			47.7979457907859
2005-01-19	12.40999984741211	12.6850004196167	12.399999618530273	12.425000190734863	2.8780837059020996	208900	12.572682354188522	12.722916751639195	12.698491613761309	12.23726174918787	11.822829456353574	11.478491172654163	10.663604951532173			46.50277514128292
2005-01-20	12.399999618530273	12.5	12.300000190734863	12.359999656677246	2.863027572631836	212750	12.501788121684763	12.671071452358916	12.666254284515208	12.242075000461963	11.836965514256828	11.495946786199175	10.6804845008371			45.42573531378481
2005-01-24	12.359999656677246	12.699999809265137	12.359999656677246	12.539999961853027	2.904721975326538	313340	12.514525401740851	12.652346953715218	12.654230063309287	12.25375833228122	11.855466420772517	11.516621106509152	10.698987142240243			48.951678869706214
2005-01-25	12.479999542236328	12.529999732971191	12.210000038146973	12.475000381469727	2.889665365219116	248910	12.50135039498381	12.62701172910872	12.637160569800757	12.262434491072927	11.871769946054023	11.535598913934114	10.716658915764915			47.75190295025679
2005-01-27	12.600000381469727	12.75	12.5	12.640000343322754	2.927886486053467	512880	12.547567044430124	12.62886724542501	12.6374310244219	12.277240995082725	11.891986535455832	11.557468249169533	10.735796641412257			51.03282260222972
2005-01-28	12.795000076293945	13.145000457763672	12.399999618530273	12.475000381469727	2.889665365219116	700070	12.523378156776658	12.60688626485997	12.621961439378836	12.284996265137117	11.907329005087776	11.575637202284389	10.753102151263576			47.80030799731137
2005-01-31	12.555000305175781	12.885000228881836	12.399999618530273	12.539999961853027	2.904721975326538	507450	12.528918758468782	12.59733107871612	12.614155584376379	12.294996410106368	11.923978240792126	11.594733494553074	10.770882228980884			49.166317960052545
2005-02-01	12.770000457763672	12.770000457763672	12.260000228881836	12.335000038146973	2.85723614692688	420610	12.464279185028179	12.55985521577767	12.58756934187834	12.29656517983345	11.93479460388041	11.609392237990576	10.78644559026612			45.15302717463322
2005-02-02	12.489999771118164	12.59000015258789	12.050000190734863	12.130000114440918	2.809751510620117	377490	12.352852828165759	12.498447344158134	12.543991320217632	12.290033216484725	11.939931591000423	11.61970130485098	10.799814291999201			41.50453685829998
2005-02-03	12.319999694824219	12.399999618530273	12.149999618530273	12.335000038146973	2.85723614692688	394770	12.346901898159496	12.475097729013681	12.524087388591855	12.291796621255793	11.950328129083227	11.633865636203375	10.815089772060373			46.18723652681233
2005-02-04	12.795000076293945	12.850000381469727	12.300000190734863	12.755000114440918	2.954524278640747	901980	12.48293463691997	12.515083784074715	12.546079076767956	12.309961464125799	11.97150370764527	11.656066318940752	10.83439236253182			54.26519009045828
2005-02-07	12.979999542236328	14.399999618530273	12.760000228881836	12.869999885559082	2.9811623096466064	626270	12.61195638646634	12.565786084286767	12.576928677605206	12.331923755162398	11.99514834390616	11.680104607388639	10.854647163755972			56.20377584511156
2005-02-08	12.819999694824219	12.819999694824219	12.510000228881836	12.574999809265137	2.9128293991088867	263860	12.599637527399272	12.567102330712249	12.576744975858533	12.341456149440937	12.010407592994556	11.6978253044555	10.871765100527208			50.31232374905849
2005-02-09	12.649999618530273	12.744999885559082	12.510000228881836	12.635000228881836	2.926727771759033	299800	12.611425094560127	12.57680203045076	12.582293095194085	12.352967681968032	12.026844241307378	11.716383223751071	10.88930972867004			51.427551824320396
2005-02-10	12.774999618530273	12.800000190734863	12.5	12.654999732971191	2.9313602447509766	281140	12.625949974030481	12.587973130810822	12.589217536887142	12.364812076125018	12.043374648982741	11.734969689280183	10.906878783439206			51.815764403660324
2005-02-11	12.680000305175781	12.800000190734863	12.505000114440918	12.694999694824219	2.9406259059906006	207120	12.648966547628394	12.603262639955593	12.599292028119246	12.377760610191654	12.060522676504885	11.75398018443947	10.924671031313684			52.631213586880484
2005-02-14	12.800000190734863	13.4399995803833	12.800000190734863	12.930000305175781	2.995060920715332	1554890	12.742644466810857	12.649939449272763	12.630788054505583	12.399417068818483	12.083403666733066	11.777267711582763	10.94462455642674	10.03848333199819		57.21264762965593
2005-02-15	13.045000076293945	13.479999542236328	12.904999732971191	13.265000343322754	3.0726585388183594	1167470	12.916763092314822	12.737805291279905	12.691189224869124	12.433361510955905	12.114498316117006	11.806727763696426	10.967712872714262	10.059921983236228		62.7443840450877
2005-02-16	13.510000228881836	14.09000015258789	13.40999984741211	13.449999809265137	3.115511178970337	1348840	13.094508664631594	12.839547365277795	12.763456899573505	12.47322967951705	12.149643092252482	11.839267804202736	10.992412245217256	10.08244741729622		65.40436013812369
2005-02-17	13.5	13.600000381469727	13.154999732971191	13.204999923706055	3.058760404586792	351110	13.13133908432308	12.89175487362469	12.805508616157557	12.501926551838189	12.17741564044863	11.86631200458894	11.014428043013165	10.103195274481669		59.359878295441085
2005-02-18	12.899999618530273	13.779999732971191	12.899999618530273	13.265000343322754	3.0726585388183594	298970	13.175892837322971	12.945075655010127	12.849269733030432	12.531851014249348	12.206036290524263	11.894008803375748	11.036821797245102	10.124203946035431		60.32686822310863
2005-02-21	13.850000381469727	13.850000381469727	13.0	13.0600004196167	3.0251731872558594	324590	13.13726203142088	12.961493478525352	12.869339322229125	12.552562755636304	12.228509030763538	11.917097746271608	11.056952927815964	10.143710899348264		55.47048439665932
2005-02-22	13.600000381469727	14.0	12.90999984741211	12.989999771118164	3.0089590549468994	2447510	13.088174611319975	12.96556580603861	12.88083079355189	12.569717148400299	12.248548260772871	11.938343330922034	11.076187224764244	10.162623117765339		53.87560648473178
2005-02-23	13.010000228881836	13.300000190734863	12.850000381469727	13.114999771118164	3.0379135608673096	1160270	13.097116331252705	12.986913515335688	12.903132600939154	12.591100780663744	12.271349616308274	11.96164345845067	11.096473916767765	10.182240238385623		56.29227097049486
2005-02-24	13.0	13.199999809265137	12.850000381469727	12.984999656677246	3.0078001022338867	252360	13.059744106394218	12.98664010695591	12.910929463390401	12.606547795409371	12.29012988052851	11.981907937623474	11.115265217662387	10.200863224553673		53.17203541397906
2005-02-25	13.015000343322754	13.300000190734863	13.0	13.175000190734863	3.051811456680298	840000	13.098162801174434	13.013548690352904	12.936079056470826	12.628840046206449	12.313415941323415	12.005533526793997	11.135760093016343	10.22062493197016		56.929654379978004
2005-02-28	13.4399995803833	13.5600004196167	13.199999809265137	13.295000076293945	3.0796079635620117	1032820	13.163775226214272	13.053756031201624	12.970262010739694	12.654963968954979	12.339247102770008	12.031067517873204	11.157245067974328	10.24105267379291		59.15869392643904
2005-03-01	13.539999961853027	13.539999961853027	13.0	13.074999809265137	3.0286471843719482	221160	13.13418342056456	13.05679085663927	12.980237039170689	12.671435962692632	12.358609016098827	12.051739444435421	11.17632720470359	10.25988288731764		53.674251600120925
2005-03-02	13.289999961853027	13.300000190734863	12.914999961853027	12.994999885559082	3.0101170539855957	562650	13.087788908896067	13.047963575056386	12.981643024541011	12.684124743981512	12.375356144242518	12.070417869012127	11.19442345028424	10.278056422189676		51.793881221012796
2005-03-03	12.899999618530273	13.125	12.694999694824219	12.805000305175781	2.9661059379577637	929110	12.993526040989305	13.013254536502014	12.96481990841099	12.688864962067562	12.386662569530236	12.084964055866854	11.21044909063142	10.29484674699357		47.53461184332491
2005-03-04	12.949999809265137	13.479999542236328	12.729999542236328	12.770000457763672	2.957998514175415	871870	12.919017513247427	12.978503953825108	12.946265675016006	12.692046746212508	12.396750408694274	12.098529133132137	11.225967014682487	10.311292951051843		46.771589987699556
2005-03-07	13.095000267028809	13.199999809265137	12.800000190734863	12.885000228881836	2.9846367835998535	780770	12.907678418458897	12.965146278833211	12.940430870622276	12.699613549454442	12.409599088172895	12.114102818196487	11.2424748078586	10.328393996087259		49.63242976137528
2005-03-08	13.199999809265137	13.199999809265137	12.739999771118164	12.789999961853027	2.9626309871673584	404870	12.86845226625694	12.94012537640747	12.926104117406156	12.703158114646543	12.419609637480267	12.127486920051073	11.25787306809735	10.344750181906301		47.36755823140179
2005-03-09	12.899999618530273	12.899999618530273	12.524999618530273	12.71500015258789	2.945258617401123	329990	12.81730156170059	12.90796463014753	12.905998977899655	12.703622508291302	12.427383072088363	12.139120845447842	11.272371845057455	10.36049935114671		45.598474589884106
2005-03-10	12.699999809265137	12.710000038146973	12.449999809265137	12.550000190734863	2.907038688659668	407210	12.728201104712015	12.856826853088577	12.872094331503009	12.697598103681246	12.430609838368534	12.14725707010699	11.285084564914941	10.375047529482845		41.891640838968705
2005-03-11	12.699999809265137	12.800000190734863	12.550000190734863	12.704999923706055	2.942941904067993	360460	12.720467377710028	12.835137291748216	12.856180578379488	12.6978883711332	12.437830630087943	12.158301483049545	11.299213075947689	10.390528940740143		46.30734024657954
2005-03-14	12.970000267028809	13.050000190734863	12.600000381469727	12.65999984741211	2.932518243789673	258750	12.700311534277388	12.810117656843058	12.837496699239738	12.696402546673548	12.443677188438578	12.16823610412603	11.312753242827933	10.405608481648263		45.23265822383871
2005-03-15	12.515000343322754	12.699999809265137	12.454999923706055	12.489999771118164	2.893139600753784	197060	12.630207613224313	12.764386530310931	12.804401753704349	12.68830832018118	12.44489620377225	12.17460766188825	11.324467138631816	10.41945825765803		41.330364693144915
2005-03-16	12.6899995803833	12.800000190734863	12.529999732971191	12.625	2.9244120121002197	306960	12.628471742149541	12.744474168837941	12.787315872399173	12.68582564095839	12.44963577735719	12.183526322048879	11.337407764118066	10.434113020065618		45.361580281783105
2005-03-17	12.699999809265137	12.739999771118164	12.399999618530273	12.444999694824219	2.882716655731201	2788670	12.5673143930411	12.701692101121695	12.754714331677748	12.67638148620803	12.44951377518527	12.188704012598885	11.348428579348973	10.447474393319828		41.288054448041876
2005-03-18	12.449999809265137	12.579999923706055	12.164999961853027	12.274999618530273	2.8433384895324707	381360	12.469876134870825	12.640736032180063	12.709027216139894	12.660641020808901	12.44492129737856	12.190412836478714	11.357648191679134	10.459617418072057		37.8325717579377
2005-03-21	12.524999618530273	12.545000076293945	12.375	12.470000267028809	2.88850736618042	393920	12.469917512256819	12.616345208587028	12.68626274479598	12.653164912817525	12.445581270264093	12.195949221242083	11.36871637153336	10.47297544364652		43.6575177410205
2005-03-22	12.550000190734863	12.699999809265137	12.050000190734863	12.1899995803833	2.8236491680145264	453290	12.376611534965646	12.55543869027221	12.638999586280487	12.635001566447555	12.43885543631986	12.195831406571612	11.376888343760722	10.484384241897263		38.13251859323942
2005-03-23	12.005000114440918	12.300000190734863	11.930000305175781	12.0	2.7796382904052734	387280	12.251074356643764	12.476090305947608	12.578142482825204	12.610099544233925	12.427306609048285	12.19195355693653	11.383088459743202	10.494454778495953		34.904521780540605
2005-03-24	11.800000190734863	12.25	11.800000190734863	11.920000076293945	2.7611076831817627	10555120	12.140716263193825	12.396648844568514	12.51546225363175	12.583036820000984	12.413956437133697	12.186568339498063	11.388430863887987	10.503926840275343		33.61424585791297
2005-03-28	12.194999694824219	12.194999694824219	11.8100004196167	11.90999984741211	2.758791208267212	323640	12.063810791266587	12.327127559260456	12.457799167325117	12.556643213232793	12.400694421614707	12.18109173569438	11.39362060501758	10.513269518063627		33.447799802727474
2005-03-29	12.0	12.100000381469727	11.449999809265137	11.789999961853027	2.730994701385498	224420	11.9725405147954	12.250395045345108	12.394199242994441	12.526578772002214	12.384623514778873	12.173347344133166	11.397564678219922	10.521752776826347		31.436225386527582
2005-03-30	11.9399995803833	12.0	11.75	11.930000305175781	2.763423442840576	112070	11.958360444922194	12.204624368178061	12.349989820345044	12.50318353800902	12.372659746105107	12.168528590886485	11.402862545154806	10.531109903260562		36.253050801773064
2005-03-31	12.100000381469727	12.569999694824219	11.949999809265137	12.324999809265137	2.8549201488494873	430180	12.080573566369841	12.221820859761928	12.347609819289815	12.496195940803378	12.371405537240898	12.17162703085438	11.412038040320082	10.54302943751973		47.4668284635983
2005-04-01	12.390000343322754	12.600000381469727	12.234999656677246	12.494999885559082	2.8942983150482178	514440	12.218715672766255	12.260846434875807	12.361646968458317	12.496149036676151	12.374658020091378	12.178030453719819	11.422813780073705	10.555999340828961		51.42709033873122
2005-04-04	12.699999809265137	12.890000343322754	12.470000267028809	12.505000114440918	2.8966145515441895	762860	12.314143819991143	12.295725531956537	12.375299649028088	12.496496137764966	12.37808807520584	12.18450510046677	11.433581803301239	10.568949512082197		51.65795677209568
2005-04-05	12.600000381469727	12.630000114440918	12.375	12.46500015258789	2.8873496055603027	709340	12.36442926419006	12.319907620618158	12.383842554129021	12.495261001091356	12.380375235136947	12.190059457934515	11.44384467244837	10.58154785520848		50.621535521973335
2005-04-06	12.5	12.59000015258789	12.210000038146973	12.359999656677246	2.863027572631836	377790	12.362952728352456	12.325635054340886	12.381571801990757	12.489956634643743	12.379839035703798	12.193424610384866	11.452960642440697	10.593364810699967		47.904520507682754
2005-04-07	12.479999542236328	12.600000381469727	11.949999809265137	12.010000228881836	2.7819550037384033	521240	12.245301895195583	12.280544364989593	12.346184033123242	12.471134814809943	12.370106435524272	12.18979244441451	11.458503324892847	10.60277767062144		40.16573051618178
2005-04-08	12.225000381469727	12.4399995803833	11.949999809265137	11.989999771118164	2.7773218154907227	190720	12.160201187169777	12.239037994436531	12.31226172245609	12.452266773880854	12.360103628566216	12.185836153854186	11.463791846745835	10.611995093216104		39.77035180507215
2005-04-11	12.100000381469727	12.140000343322754	11.949999809265137	11.954999923706055	2.7692148685455322	130570	12.091800766015202	12.19846112718932	12.278236789241802	12.432766113089686	12.349443004754107	12.181265139395807	11.468679489302653	10.62091871335225		39.046007347418346
2005-04-12	12.100000381469727	12.1899995803833	11.960000038146973	12.079999923706055	2.7981696128845215	137320	12.087867151912153	12.181538098120283	12.259357087762208	12.418932144878564	12.342352397358106	12.17925988759997	11.474762279694726	10.630613605115398		43.0363660837489
2005-04-13	12.069999694824219	12.350000381469727	11.904999732971191	12.079999923706055	2.7981696128845215	114710	12.08524474251012	12.167032644632537	12.242275453090194	12.405640685224741	12.335448384893578	12.177294343760487	11.480784544809266	10.640244078993076		43.0363660837489
2005-04-15	11.899999618530273	11.949999809265137	11.699999809265137	11.744999885559082	2.7205710411071777	242210	11.971829790193107	12.106742250479186	12.194915875230087	12.37973320288491	12.319910266490039	12.168734057459469	11.483413553174936	10.647584649136371		35.76004229453396
2005-04-18	11.75	11.949999809265137	11.414999961853027	11.489999771118164	2.661503553390503	239200	11.811219783834792	12.01863618199904	12.127781008171809	12.344841695756802	12.298070516611832	12.15529377456162	11.483479087681834	10.653182091807347		31.407086328993877
2005-04-19	11.5	11.824999809265137	11.5	11.585000038146973	2.683509349822998	123750	11.735813201938852	11.956688161448746	12.076087582455157	12.315043983693672	12.279305504020652	12.144000829286083	11.484489246392931	10.659373573178375		34.60102326876139
2005-04-20	11.600000381469727	11.75	11.520000457763672	11.6899995803833	2.7078306674957275	71930	11.720541994753669	11.918589792725111	12.039317296543551	12.290532438465814	12.263797453398617	12.135010705545435	11.486534125338109	10.666221586515285		38.035325574343425
2005-04-21	11.869999885559082	11.869999885559082	11.600000381469727	11.75	2.7217295169830322	248660	11.730361329835779	11.894505536621525	12.011763268301308	12.269335087937742	12.250276467782864	12.127386731178198	11.48915567632977	10.673422771986944		39.97509718587809
2005-04-22	11.850000381469727	12.0	11.555000305175781	11.954999923706055	2.7692148685455322	440820	11.80524086112587	11.903147591919314	12.006357235482714	12.257008218752185	12.242506032412422	12.123973131030235	11.493790942472817	10.681938234789065		46.17486787684248
2005-04-25	11.954999923706055	12.0	11.800000190734863	11.845000267028809	2.74373459815979	297670	11.81849399642685	11.894840831220671	11.99098990515377	12.240851044174798	12.23204535437601	12.118448915901494	11.497285562617652	10.689666221714246		43.574137816899025
2005-04-26	11.850000381469727	12.0	11.539999961853027	11.9350004196167	2.764582395553589	172270	11.857329470823467	11.900577915277246	11.985657573197859	12.228856902035265	12.22422838240866	12.114816272410707	11.501640934329085	10.697940867547485		46.24203469051571
2005-04-27	11.899999618530273	12.0	11.779999732971191	11.864999771118164	2.7483675479888916	73170	11.859886237588366	11.89549532325452	11.974166353952173	12.214587994940477	12.214774997901015	12.109869410998973	11.505256445142907	10.705695411757258		44.48045007678488
2005-04-28	11.899999618530273	12.0	11.75	11.890000343322754	2.7541582584381104	122880	11.869924272833162	11.89471032612141	11.966150543416038	12.201859067426057	12.206228296464745	12.105515568074692	11.509084742637233	10.713564547515169		45.282179700065264
2005-04-29	11.9399995803833	11.9399995803833	11.5	11.5649995803833	2.6788763999938965	220770	11.768282708683207	11.847608791015967	11.927945689793873	12.176884185581242	12.189353856567866	12.094812281189714	11.50964110918197	10.719221923148844		37.667262759396955
2005-05-02	11.600000381469727	11.795000076293945	11.420000076293945	11.494999885559082	2.6626620292663574	174940	11.6771884343085	11.797236090236412	11.886712756057227	12.15014362479606	12.171081383646582	12.08293480800891	11.509495425364827	10.724376593995423		36.253162524796565
2005-05-03	11.75	11.75	11.399999618530273	11.46500015258789	2.655712842941284	101300	11.606459007068297	11.74977381342948	11.846549650964908	12.123275253336915	12.152500298618722	12.070698478198592	11.50905268633222	10.72929768076348		35.63570454445918
2005-05-04	11.600000381469727	11.600000381469727	11.420000076293945	11.494999885559082	2.6626620292663574	60940	11.569305966565226	11.713377538019422	11.813068720926259	12.098637003620137	12.135197656169785	12.059298506067117	11.508912857468806	10.73438540305448		36.7950091631671
2005-05-05	11.59000015258789	12.100000381469727	11.5	11.59000015258789	2.6846678256988525	5839100	11.57620402857278	11.69575219724349	11.791824095370224	12.078690460442402	12.120850353443945	12.050005469364558	11.50971969622621	10.740070550891911		40.45269799097968
2005-05-06	11.899999618530273	11.899999618530273	11.600000381469727	11.699999809265137	2.7101471424102783	371320	11.617469288803566	11.696358998960868	11.783078925264977	12.063839846670746	12.10977533912345	12.043074664214075	11.511613030684309	10.746448818389407		44.46051959970304
2005-05-09	11.71500015258789	11.800000190734863	11.710000038146973	11.755000114440918	2.7228875160217285	93980	11.66331289734935	11.704736301172304	11.780404752805543	12.051728484622517	12.100439149000225	12.037370217683913	11.514034792711739	10.753150155904699		46.40295071881853
2005-05-10	12.5	12.5	11.505000114440918	11.545000076293945	2.674243450164795	279430	11.623875290330881	11.681916840475395	11.757985259804439	12.031856782335122	12.085822331297429	12.027620313894012	11.514342904986188	10.758411617169743		40.5688318301562
2005-05-11	11.694999694824219	11.770000457763672	11.385000228881836	11.4350004196167	2.648763656616211	452900	11.56091700009282	11.64664306606701	11.727224798834179	12.008450650463812	12.068695438884777	12.01588526648258	11.513553427519826	10.76290722383052		37.88212286249393
2005-05-12	11.645000457763672	11.9350004196167	11.600000381469727	11.6899995803833	2.7078306674957275	6111800	11.603944526856314	11.65283685382648	11.723679539934095	11.995962373205753	12.058729758397897	12.009432084579625	11.515309110632895	10.769067305933861		46.69518213534143
2005-05-13	11.75	12.329999923706055	11.699999809265137	11.739999771118164	2.7194130420684814	2034380	11.649296274943596	11.665288699153864	11.72523384766591	11.985924624104278	12.050342127153694	12.004096791243756	11.517544838597923	10.775518684440069		48.24569079129979
2005-05-16	11.869999885559082	11.949999809265137	11.78499984741211	11.819999694824219	2.7379438877105713	583180	11.706197414903803	11.687390269963915	11.734259166442891	11.979417764132512	12.044280484197655	12.000451304185942	11.5205543396549	10.782458757598768		50.71581019894358
2005-05-17	11.819999694824219	11.944999694824219	11.550000190734863	11.609999656677246	2.6892998218536377	493700	11.67413149549495	11.67633446806582	11.722424927417592	11.964930779526423	12.032852041368171	11.99271958839369	11.521444342809351	10.787957368223873		44.68656571018132
2005-05-18	11.600000381469727	11.699999809265137	11.5	11.539999961853027	2.6730854511260986	132160	11.629420984280976	11.65685811003542	11.705051121173348	11.948266825892173	12.019882249801983	11.983754843313678	11.52162897583466	10.792954328978885	10.432342460057507	42.857586802781036
2005-05-19	11.699999809265137	11.75	11.600000381469727	11.680000305175781	2.705515146255493	195300	11.646280757912578	11.660164137912615	11.70266532917358	11.937746570177804	12.010937988101293	11.977739901964412	11.523204809957457	10.798848322176207	10.439160262489848	47.48690438776911
2005-05-20	11.835000038146973	11.835000038146973	11.380000114440918	11.4399995803833	2.6499218940734863	461500	11.577520365402819	11.62871205826557	11.677649543574507	11.918227080381941	11.995913293161346	11.967091578764785	11.522376897225376	10.803108463426753	10.44462932980074	41.30862834071786
2005-05-23	11.699999809265137	11.739999771118164	11.444999694824219	11.579999923706055	2.6823506355285645	431590	11.57834688483723	11.621753181899924	11.668349579777512	11.90496327031622	11.98496820449147	11.959426397476493	11.522950260672944	10.808270532930269	10.450833540696397	45.74317337207346
2005-05-24	11.6899995803833	11.850000381469727	11.40999984741211	11.475000381469727	2.658029556274414	514810	11.543898050381395	11.600788496124181	11.649935370414866	11.888101980557533	11.971547998622476	11.949833803100121	11.522473147447041	10.81270063159166	10.456430080809913	43.11219125855321
2005-05-25	11.475000381469727	11.635000228881836	11.300000190734863	11.380000114440918	2.636023759841919	332400	11.489265405067902	11.569247298740859	11.624227250798299	11.868176417180411	11.955980949038752	11.938549967681128	11.521055505327578	10.816470063371389	10.461476911594781	40.82431458054529
2005-05-26	11.40999984741211	11.46500015258789	11.204999923706055	11.289999961853027	2.6151764392852783	253570	11.422843590662945	11.529354822042597	11.592396080422558	11.845502830696985	11.938455133586496	11.925707393308295	11.518756445193503	10.81961644143439	10.466004359956848	38.727522663074886
2005-05-27	11.4399995803833	11.479999542236328	11.225000381469727	11.28499984741211	2.614017963409424	366410	11.376895676245999	11.494446968523956	11.563120248707277	11.823522321548559	11.921258941845064	11.913020115171737	11.516430508897171	10.822708689979091	10.470479745134199	38.60887887490881
2005-05-30	11.289999961853027	11.289999961853027	10.859999656677246	11.180000305175781	2.589696168899536	619090	11.31126388588926	11.449526016617074	11.526632635037611	11.798286164043745	11.901752135616926	11.89850487140944	11.513082944681038	10.82508272064485	10.47435690666448	36.10730944726043
2005-05-31	11.21500015258789	11.350000381469727	11.100000381469727	11.25	2.6059107780456543	468040	11.29084259059284	11.421022299957492	11.500286669795933	11.776784745845951	11.884600763627006	11.88566319078747	11.510465203937944	10.827906091271796	10.47859539351331	38.94734232750167
2005-06-01	11.25	11.385000228881836	11.100000381469727	11.164999961853027	2.5862221717834473	1293110	11.24889504767957	11.384447680228282	11.4683546023728	11.752793185689367	11.865663900422428	11.871392631798669	11.507027738842572	10.830145917654395	10.482346238149045	36.80780546459908
2005-06-02	11.204999923706055	11.449999809265137	11.204999923706055	11.34000015258789	2.6267588138580322	348370	11.279263415982344	11.378098033422512	11.456130369059952	11.736605223606956	11.851830643900467	11.86087000844796	11.505365772810187	10.833533653434683	10.48703287156128	43.66891209946894
2005-06-03	11.399999618530273	11.880000114440918	11.399999618530273	11.510000228881836	2.6661369800567627	521250	11.356175686948841	11.396941204202415	11.461260831900132	11.727718753225579	11.842835106663134	11.853922092020909	11.50541188680095	10.838028447955926	10.492622857120407	49.41470889277267
2005-06-06	11.609999656677246	11.649999618530273	11.40999984741211	11.520000457763672	2.6684529781341553	483750	11.410783943887118	11.41452109756831	11.466855081982374	11.719572937717269	11.834339458007886	11.847309782431656	11.505557046711026	10.842559823436376	10.498236942369823	49.73947793644695
2005-06-07	11.680000305175781	11.680000305175781	11.300000190734863	11.329999923706055	2.6244421005249023	127810	11.383855937160098	11.402446644159417	11.453821257384629	11.70429556461879	11.821067364999942	11.837066022852932	11.5038102096662	10.845798628089332	10.5027820952733	43.96412685298108
2005-06-08	11.335000038146973	11.550000190734863	11.300000190734863	11.390000343322754	2.638340473175049	194890	11.38590407254765	11.400668601182751	11.447743075093022	11.691970261822867	11.809723496008438	11.82821323711966	11.502677773185171	10.849414586330086	10.507630282421111	46.09279580300634
2005-06-09	11.550000190734863	11.645000457763672	11.0	11.505000114440918	2.664978504180908	169830	11.425602753178739	11.415573103076776	11.453196126459488	11.684638099180438	11.801704459651399	11.821812977264637	11.502700881058363	10.853770636350756	10.513080390792805	50.01231150288141
2005-06-10	11.550000190734863	11.65999984741211	11.3149995803833	11.375	2.6348659992218018	312460	11.408735168785826	11.409776945494379	11.44574887632049	11.672495428624343	11.79047539492373	11.812965195536623	11.501430225525445	10.857233954381648	10.517790334012517	45.945448549398726
2005-06-13	11.399999618530273	11.5	11.265000343322754	11.425000190734863	2.646446943283081	253970	11.414156842768838	11.411951694814448	11.443772811026621	11.662789733020833	11.780857626392445	11.805282720194015	11.500669727666832	10.861006487513563	10.522747764923569	47.70677809562841
2005-06-14	11.329999923706055	11.635000228881836	11.25	11.600000381469727	2.6869843006134033	5247520	11.476104689002467	11.43881579290806	11.458651627259298	11.660327405509026	11.776098225210268	11.801217723387593	11.50165809238129	10.865916745945166	10.528634391243493	53.42677987030338
2005-06-15	11.600000381469727	12.100000381469727	11.600000381469727	11.890000343322754	2.7541582584381104	3099740	11.61406990710923	11.503270728681587	11.49973245736058	11.669334187384074	11.779095649371122	11.802975795069477	11.505522194380706	10.872721288120433	10.536073549451576	61.03333625672682
2005-06-16	11.949999809265137	11.949999809265137	11.515000343322754	11.600000381469727	2.6869843006134033	423230	11.609380065229395	11.517089250508464	11.509281783466212	11.66661521460312	11.774382616005296	11.79895647994869	11.506462275844278	10.877553707345346	10.541887357276812	51.9040334226737
2005-06-17	11.850000381469727	11.850000381469727	11.199999809265137	11.324999809265137	2.623283624649048	285230	11.514586646574642	11.489647901759417	11.491731119256587	11.653218532040846	11.762556752670028	11.789571199341093	11.504656679161899	10.880526771145478	10.54616666029314	45.0261383681021
2005-06-20	11.324999809265137	11.5	11.050000190734863	11.109999656677246	2.5734822750091553	226810	11.379724316608844	11.43541243817625	11.455375741868078	11.631915831046195	11.745384197512323	11.776114337110126	11.500729743614787	10.88205150792642	10.54924771491819	40.50682463912228
2005-06-21	11.125	11.25	11.020000457763672	11.125	2.576956272125244	229920	11.294816211072563	11.391067804151072	11.42391138549969	11.612036778848305	11.729058297577788	11.763220983900025	11.49699113920071	10.883665783621261	10.552393902268363	40.95213123788306
2005-06-22	11.300000190734863	11.359999656677246	11.03499984741211	11.09000015258789	2.5688488483428955	228990	11.226544191577672	11.348058139642047	11.392110315698567	11.591564754289072	11.71224097797279	11.749889878329487	11.492941477642372	10.885036776106089	10.555331641341148	40.196124272543
2005-06-23	11.050000190734863	11.194999694824219	11.005000114440918	11.09000015258789	2.5688488483428955	196650	11.181029511914412	11.311192712920025	11.363337919211835	11.571895554222358	11.69586621941003	11.736822755047475	11.488932111223919	10.8863986590063	10.558253327194956	40.196124272543
2005-06-24	11.039999961853027	11.6899995803833	11.0	11.494999885559082	2.6626620292663574	1319730	11.285686303129301	11.33745088043989	11.37587715410205	11.56888003780419	11.690580263256058	11.732034183374438	11.48899248708795	10.89044252097675	10.56337216084722	52.070485820352616
2005-06-27	11.449999809265137	11.539999961853027	11.125	11.154999732971191	2.5839059352874756	312470	11.242124113076597	11.311386430801505	11.354841209232443	11.552649437614662	11.676486038774877	11.720607758613978	11.485669176101714	10.892200376205949	10.56660509839981	44.145841239227636
2005-06-28	11.050000190734863	11.300000190734863	10.800000190734863	10.84000015258789	2.5109403133392334	347110	11.108082792913695	11.244045533913846	11.305808727647248	11.524702406829299	11.654473252296272	11.703169984237224	11.479244608703567	10.891853530866294	10.568099060444554	38.32616208393869
2005-06-29	10.975000381469727	11.100000381469727	10.800000190734863	11.015000343322754	2.5514767169952393	190750	11.077055309716714	11.211324792400832	11.278112691044916	11.504714090613355	11.6376450178496	11.689542862634957	11.47462526277938	10.892671782111853	10.57054114395755	42.83488509850073
2005-06-30	11.085000038146973	11.1899995803833	10.835000038146973	11.0	2.548002243041992	186440	11.05137020647781	11.18113553634357	11.251625768088257	11.484921381177537	11.620864885800927	11.675888548523373	11.46990262334874	10.893384926416758	10.5728879136627	42.54775639793756
2005-07-01	11.005000114440918	11.09000015258789	10.949999809265137	11.024999618530273	2.553792715072632	118070	11.042580010495298	11.158830405227384	11.23004232527321	11.466885233622742	11.605184220872752	11.662999658820539	11.465475727778406	10.894259442643426	10.575358469427005	43.23073816897176
2005-07-04	10.710000038146973	11.095000267028809	10.710000038146973	10.954999923706055	2.5375783443450928	189840	11.013386648232217	11.129711765010052	11.203847810838242	11.446811299900519	11.588074107789419	11.648979862085598	11.460396366543856	10.894663033879722	10.57743301289301	41.73468606794099
2005-07-05	10.975000381469727	11.489999771118164	10.850000381469727	10.96500015258789	2.5398945808410645	256230	10.997257816350775	11.10618153466403	11.181100414814399	11.427916745103945	11.5716774247578	11.635435709422277	11.455467050982104	10.895130390150207	10.579550866115387	42.04325806230267
2005-07-06	11.0	11.100000381469727	10.850000381469727	10.949999809265137	2.5364201068878174	199550	10.98150514732223	11.083869859607045	11.159090833333517	11.409174904482814	11.555317487507994	11.621862721300353	11.450437526188901	10.895494971008114	10.58157517728014	41.68662704211808
2005-07-07	10.949999809265137	11.270000457763672	10.829999923706055	10.914999961853027	2.5283126831054688	169360	10.959336752165829	11.059745588499329	11.135844083668708	11.38979549496792	11.538467026306547	11.60786543893506	11.445109789230335	10.895624572276187	10.583397170638461	40.8166461696064
2005-07-08	10.970000267028809	11.079999923706055	10.880000114440918	10.899999618530273	2.5248379707336426	111900	10.939557707620644	11.036924735646606	11.113382706036477	11.370587813538993	11.521665252417698	11.59384829397655	11.439685807432324	10.895653642350965	10.585127238659728	40.42723649764155
2005-07-11	11.140000343322754	11.289999961853027	11.050000190734863	11.114999771118164	2.5746397972106934	265810	10.99803839545315	11.048078312142543	11.113536712234733	11.360564753051902	11.510963529225604	11.584366145009056	11.436455100603327	10.897111091711544	10.588022716979173	48.07398281422531
2005-07-12	11.114999771118164	11.199999809265137	10.925000190734863	10.994999885559082	2.546844005584717	465900	10.997025558821795	11.040495679773477	11.102247490646576	11.34622887589532	11.497385538602801	11.572695526010047	11.432062511398907	10.897761515590929	10.590246635933163	44.63057717742584
2005-07-13	11.100000381469727	11.289999961853027	10.930000305175781	11.229999542236328	2.601278066635132	213370	11.074683553293307	11.067567660125313	11.114414352702743	11.341670862810654	11.49034906501421	11.565909466925419	11.430051934591319	10.89996907722977	10.593742553453945	51.89700957551969
2005-07-14	11.109999656677246	11.274999618530273	11.015000343322754	11.055000305175781	2.560741901397705	99790	11.068122470587465	11.065772323703952	11.10875587198589	11.330428880158307	11.478892518702672	11.555792453821466	11.42632007758221	10.900999185056653	10.596263087616359	46.95517384792879
2005-07-15	11.100000381469727	11.260000228881836	10.949999809265137	10.994999885559082	2.546844005584717	175470	11.043748275578004	11.055661975397541	11.09792196851667	11.31727480193873	11.466158502040999	11.544687650489537	11.422028334378	10.901623774428762	10.598441977222603	45.36030578785405
2005-07-18	11.0	11.359999656677246	10.984999656677246	11.244999885559082	2.604752779006958	397500	11.110832145571697	11.082710248277762	11.111929389187377	11.31444049149247	11.46033853844937	11.538753239302796	11.420266857275324	10.90390534327348	10.601975080546845	52.58655917155315
2005-07-19	11.479999542236328	11.5	11.010000228881836	11.109999656677246	2.5734822750091553	525940	11.110554649273547	11.086608735191973	11.111745605138793	11.306423203852656	11.45111909419221	11.530263069349814	11.417179621448478	10.905274740704735	10.604751171126793	48.83095893254245
2005-07-20	11.390000343322754	11.40999984741211	11.210000038146973	11.239999771118164	2.6035945415496826	473190	11.153703023221754	11.108521740324287	11.12396028761302	11.303818363353264	11.445563322532367	11.52451528126602	11.415416637863101	10.907498827285556	10.608222474951882	52.35934606998654
2005-07-21	11.289999961853027	11.289999961853027	11.0	11.039999961853027	2.557267665863037	573550	11.115802002765511	11.098732914828393	11.115964066112069	11.293472543686587	11.43489060251449	11.514920918505366	11.411681148549569	10.908379233495307	10.610581914771014	46.990848406320445
2005-07-22	11.194999694824219	11.199999809265137	11.015000343322754	11.050000190734863	2.559583902359009	430120	11.093868065421962	11.091771097100745	11.10968179226662	11.283924608276715	11.424761907467657	11.505714567460405	11.408082333048926	10.909320236533443	10.612983107535845	47.28190890743017
2005-07-25	11.050000190734863	11.149999618530273	10.960000038146973	11.0	2.548002243041992	368680	11.062578710281308	11.078660940372068	11.099235907288847	11.272790309912923	11.413583962534297	11.495700417609704	11.404021812322071	10.909922759878736	10.615097953942753	45.92415822981997
2005-07-26	10.9399995803833	11.300000190734863	10.9399995803833	11.15999984741211	2.5850636959075928	548770	11.095052422658242	11.090280784234931	11.105022949205349	11.268367154520734	11.406910696346872	11.489052881566188	11.401593733069236	10.911584401656366	10.618075559917996	50.79360033609501
2005-07-27	11.100000381469727	11.350000381469727	11.045000076293945	11.074999809265137	2.5653743743896484	451480	11.088368218193873	11.088097787810675	11.102163602544376	11.260784121373455	11.398176199318405	11.480853810827554	11.398344042285116	10.912670218318219	10.620572413739565	48.305015886731255
2005-07-28	11.229999542236328	11.229999542236328	11.229999542236328	11.229999542236328	2.601278066635132	0	11.135578659541357	11.10836946701434	11.11433845394361	11.25957688297592	11.393750497816244	11.475886399568322	11.39666897263289	10.91477871880937	10.623902616627525	52.842267015331025
2005-07-29	11.079999923706055	11.119999885559082	10.805000305175781	10.850000381469727	2.513256311416626	352650	11.040385900184146	11.071459597650824	11.089163399422288	11.243515059387443	11.379441284228179	11.463492617031717	11.391229484163604	10.914348297963258	10.625138123539232	42.90087996990039
2005-08-01	11.199999809265137	11.300000190734863	10.800000190734863	11.050000190734863	2.559583902359009	462590	11.043590663701051	11.068393968091401	11.085433570023486	11.23592624100891	11.370771781767829	11.455304648194156	11.38783416781108	10.915249639443468	10.627459774179645	48.402903369757404
2005-08-02	11.010000228881836	11.140000343322754	10.899999618530273	10.920000076293945	2.5294711589813232	311050	11.002393801232015	11.047194840691764	11.069677999192102	11.22353697964754	11.358909368465884	11.44470455766148	11.383179102223846	10.915281203807924	10.629058355065515	45.344356781961245
2005-08-03	10.800000190734863	11.100000381469727	10.800000190734863	10.864999771118164	2.5167312622070312	275540	10.956595791194065	11.021166973609821	11.050184834613631	11.209476696960113	11.345911747483049	11.433225254957652	11.378023088979013	10.914947107909653	10.630347652420994	44.07540236763416
2005-08-04	10.869999885559082	11.0	10.800000190734863	10.819999694824219	2.5063071250915527	360450	10.911063759070784	10.992428790926164	11.028262440347973	11.194203089033214	11.332071956623606	11.42108217455897	11.372470617395383	10.914316228088486	10.631384002379482	43.01475012692852
2005-08-05	10.850000381469727	11.949999809265137	10.800000190734863	11.84000015258789	2.7425763607025146	4535170	11.220709223576486	11.113510414020697	11.105570793894632	11.219528464074575	11.34543848809635	11.429377580064493	11.377122652571428	10.920466951839312	10.637988462216686	64.10196442767135
2005-08-08	11.920000076293945	12.390000343322754	11.850000381469727	11.895000457763672	2.755316734313965	2699260	11.445472968305548	11.225151848841122	11.18075457140597	11.246017561866305	11.359900645192859	11.438597835068437	11.382275665558415	10.926942257526518	10.64485738022514	64.8571320667914
2005-08-09	11.5	11.949999809265137	11.5	11.734999656677246	2.718254327774048	763010	11.541981864429447	11.297987249960569	11.233539817622281	11.265193330290263	11.369771671810868	11.444467178070592	11.385785357012335	10.932311409680343	10.650814441845098	60.8470439742857
2005-08-10	11.845000267028809	12.0	11.625	11.9399995803833	2.765740394592285	474580	11.674654436414064	11.389703297163816	11.300821699789998	11.29165632048999	11.38477766940488	11.454279700888666	11.39129992639911	10.939007012143486	10.657859169378094	63.92471482460965
2005-08-11	12.0600004196167	12.079999923706055	11.59000015258789	11.6850004196167	2.7066726684570312	1144020	11.678103097481609	11.431888600371371	11.337410149297302	11.307081579279272	11.392678268094665	11.45884842799219	11.394222319366449	10.94396377897055	10.663471963095246	57.83473188209767
2005-08-12	11.699999809265137	11.800000190734863	11.5	11.555000305175781	2.676560163497925	482860	11.637068833379667	11.449475986772	11.35813302128573	11.316803882255606	11.396949900649432	11.460752425560182	11.395822100319776	10.94802382233404	10.668343702669457	54.960086035258236
2005-08-16	11.550000190734863	11.949999809265137	11.53499984741211	11.84000015258789	2.7425763607025146	746710	11.704712606449075	11.505265153317128	11.404025129028792	11.33732138305295	11.408609117805707	11.468262281540929	11.400241782431896	10.953950575358983	10.674746196931306	59.69039725982955
2005-08-17	11.800000190734863	11.899999618530273	11.625	11.699999809265137	2.7101471424102783	432280	11.703141674054429	11.533084389881129	11.432213193813206	11.35154406643382	11.416277293896744	11.472851143476062	11.40322444936556	10.9589077131258	10.68034867568723	56.54856559113549
2005-08-18	11.800000190734863	11.850000381469727	11.300000190734863	11.449999809265137	2.652238130569458	436460	11.618761052457998	11.521215164078844	11.43390715718958	11.355405075956618	11.417164728511702	11.47239864180852	11.403689875832223	10.962170783532041	10.684554419586561	51.350750450281915
2005-08-19	11.425000190734863	11.800000190734863	11.420000076293945	11.524999618530273	2.6696109771728516	288520	11.587507241148757	11.521755800429048	11.442582629698217	11.362055842332056	11.42000248877535	11.47344024530796	11.404896937948621	10.965910510010435	10.689147016302101	52.7537935547095
2005-08-22	11.699999809265137	11.795000076293945	11.329999923706055	11.460000038146973	2.654554605484009	371710	11.545004840148161	11.512933548674466	11.44424143050286	11.365896791187543	11.421055055864077	11.473174102591901	11.405445227502833	10.969193496908352	10.693359327896882	51.371029085734264
2005-08-23	11.675000190734863	11.75	11.305000305175781	11.390000343322754	2.638340473175049	470400	11.493336674539693	11.49537166219565	11.439075612676183	11.366842028526179	11.420237826586673	11.471527097457859	11.40529154706323	10.971989555688515	10.697166109401941	49.85545396215815
2005-08-24	11.350000381469727	11.399999618530273	11.0	11.055000305175781	2.560741901397705	296520	11.347224551418389	11.432461468335669	11.40249701196186	11.354612941335967	11.410626312865334	11.463279042165144	11.401806062069326	10.97254112213029	10.699121487520923	43.275344352762815
2005-08-25	11.289999961853027	11.289999961853027	11.100000381469727	11.154999732971191	2.5839059352874756	209020	11.28314961193599	11.392824077569315	11.378925842534176	11.346784972380485	11.403899297604962	11.457174501389026	11.39935027770019	10.973753471703983	10.701612625474203	45.58412876511419
2005-08-26	11.390000343322754	11.550000190734863	11.100000381469727	11.4399995803833	2.6499218940734863	330590	11.33543293475176	11.399563435114171	11.384742388995997	11.350440447204125	11.404849305046497	11.456834403943368	11.399754748373654	10.97685145249255	10.705647526867148	51.62703700351423
2005-08-29	11.399999618530273	12.149999618530273	11.225000381469727	11.744999885559082	2.7205710411071777	1376540	11.471955251687534	11.448911499463444	11.41905262676391	11.3659133663553	11.413800636112617	11.462540651104076	11.403190023370524	10.981955428791995	10.711327047952896	57.11561599128755
2005-08-30	11.725000381469727	13.680000305175781	11.725000381469727	13.3100004196167	3.083082914352417	8027340	12.08463697433059	11.714781345199624	11.59914289274989	11.442152074326335	11.463700630415357	11.499124012856802	11.422163261144117	10.997424166272557	10.725527448890949	73.64178346538802
2005-08-31	13.479999542236328	13.984999656677246	13.149999618530273	13.289999961853027	3.0784497261047363	6094400	12.486424636838068	11.93981257615011	11.760176899331142	11.514616697366598	11.5117611391374	11.534586902935935	11.440748700952167	11.012657228037211	10.739540959890741	73.2532664022245
2005-09-01	13.800000190734863	14.25	13.279999732971191	13.399999618530273	3.103928804397583	3392230	12.79094963073547	12.148410725061563	11.916350491635821	11.588553282510272	11.561451625437213	11.571525768591268	11.460243734957919	11.028519968173377	10.754078985347787	74.06372254835316
2005-09-02	13.569999694824219	13.664999961853027	13.029999732971191	13.145000457763672	3.0448620319366455	998390	12.908966573078205	12.29078068687615	12.033364774124188	11.649590426637856	11.603123963130015	11.602683683228346	11.477007483443549	11.042582961459692	10.767144130005798	68.85505429079436
2005-09-05	13.380000114440918	13.989999771118164	13.380000114440918	13.654999732971191	3.162997007369995	2153040	13.157644293042534	12.485669122032585	12.187806198776283	11.728233928847006	11.657120693915308	11.643323605005431	11.498679048115466	11.05994121243319	10.782924761715991	72.95209504659377
2005-09-06	13.845000267028809	13.850000381469727	13.234999656677246	13.375	3.0981388092041016	849140	13.23009619536169	12.612716390313643	12.300872275083304	11.792812990460849	11.702328044075431	11.677614226688492	11.517348908333222	11.075323662848916	10.797089107280385	67.68751180065978
2005-09-08	13.550000190734863	13.550000190734863	13.0600004196167	13.154999732971191	3.047178268432617	621560	13.205064041231523	12.690185439264722	12.382217747263102	11.846232078402432	11.740556246414792	11.706869385228744	11.533643941414198	11.089142108497569	10.809973864797822	63.79218430820296
2005-09-09	13.25	13.25	12.904999732971191	12.994999885559082	3.0101170539855957	532010	13.135042656007377	12.733730360163916	12.440577950910338	11.891281796330144	11.773567921129116	11.73237691988875	11.548184796579818	11.101805615321897	10.821913897698156	61.04088831645408
2005-09-12	13.0	13.4399995803833	12.699999809265137	13.3100004196167	3.083082914352417	982500	13.193361910543818	12.816054654371456	12.523380090787134	11.946917820772754	11.814000355299841	11.763616989190293	11.565715300291627	11.116478006048109	10.835509998910826	64.30492166135298
2005-09-13	13.5	14.130000114440918	13.024999618530273	14.03499984741211	3.251018524169922	4184800	13.473907889499914	12.990189681948692	12.66734387713237	12.028803390444885	11.872447710355427	11.808594867570923	11.590285295785364	11.135870177751524	10.852993549995533	70.44281886987248
2005-09-14	14.164999961853027	14.390000343322754	13.335000038146973	13.774999618530273	3.190793037414551	1577410	13.574271799176701	13.102305387174633	12.772834900122646	12.097281673899214	11.922514865833712	11.847533575510711	11.61202374675795	11.153405921544074	10.86896079627168	66.05605124203908
2005-09-15	13.850000381469727	14.199999809265137	13.774999618530273	13.875	3.213956832885742	1807700	13.674514532784467	13.212690331863971	12.87780300487287	12.16699611806003	11.97389605357493	11.887681425500599	11.634540923407124	11.1714896031285	10.8853872400079	66.90958887881496
2005-09-16	14.0	14.100000381469727	13.600000381469727	13.6899995803833	3.1711037158966064	1002090	13.679676215317413	13.280877367366733	12.955155059683387	12.226721744033492	12.019056672701465	11.923370893914118	11.654993248352161	11.188223888691654	10.900712990501754	63.717501360606676
2005-09-19	13.800000190734863	13.800000190734863	13.600000381469727	13.720000267028809	3.178053617477417	650420	13.693117565887878	13.3436092101756	13.02799746038295	12.28528168611174	12.063818346236395	11.958947713183717	11.675540581871331	11.20504632309921	10.916118931903542	64.01729567590004
2005-09-20	13.5	13.6899995803833	13.324999809265137	13.59000015258789	3.1479406356811523	511730	13.658745094787882	13.378807916234498	13.081521526307231	12.336447116169628	12.103981025350908	11.991245781290731	11.694589930833684	11.220893192398139	10.930730304694167	61.640511945096655
2005-09-21	13.399999618530273	14.0	12.199999809265137	13.78499984741211	3.1931095123291016	1546650	13.700830012329291	13.436835334974157	13.148519461650553	12.393253105630118	12.148218362773571	12.026765663788185	11.715390029506107	11.237930445919826	10.946327406020496	63.81093590084348
2005-09-22	13.789999961853027	13.800000190734863	12.399999618530273	12.539999961853027	2.904721975326538	1159350	13.313886662170537	13.308715995956852	13.090565223574599	12.399007884305526	12.158528404854609	12.036928719195409	11.723595103459807	11.246582070610412	10.955035999221765	45.93894744079521
2005-09-23	12.600000381469727	13.199999809265137	12.3100004196167	12.574999809265137	2.9128293991088867	431180	13.067591044535403	13.203899397858036	13.041463755545125	12.405909528421589	12.169488178654886	12.047583592266097	11.732066792074786	11.255408766548317	10.963888260478832	46.393492350479484
2005-09-26	12.800000190734863	13.300000190734863	12.75	13.164999961853027	3.049495220184326	418720	13.100060683641278	13.198342335571606	13.05322910852683	12.435677780713018	12.1956858571601	12.0697106490896	11.746324833565117	11.268097080138382	10.975916193273227	53.49233419934285
2005-09-27	13.399999618530273	13.5	12.824999809265137	12.944999694824219	2.99853515625	351730	13.048373687368924	13.162150529750551	13.042921545317057	12.455651189109535	12.215404642361788	12.087043105440781	11.758251946612472	11.27923929020274	10.986676212407385	50.79138858377811
2005-09-28	13.390000343322754	13.449999809265137	12.869999885559082	13.3100004196167	3.083082914352417	525160	13.135582598118182	13.183271942588572	13.068357628583689	12.489155080501973	12.244209794394813	12.111260081959117	11.773692229925947	11.292732719634062	10.999371973102518	54.86339438951572
2005-09-29	13.270000457763672	13.270000457763672	12.71500015258789	12.829999923706055	2.9718966484069824	345320	13.033721706647473	13.132804511319641	13.04565689478582	12.502521544941349	12.25962532411353	12.125492554072917	11.784202754242168	11.302947119661118	11.009375404526581	49.10827188426469
2005-09-30	12.510000228881836	12.899999618530273	12.399999618530273	12.585000038146973	2.9151456356048584	387880	12.884147817147307	13.054546729437831	13.001784813201168	12.505755995655294	12.268187816588094	12.134591712173393	11.792170886420324	11.311465743704213	11.017985375202104	46.4310213460974
2005-10-03	12.739999771118164	13.239999771118164	12.595000267028809	13.0600004196167	3.0251731872558594	571190	12.942765351303771	13.055325828034812	13.007329156669313	12.52749107110476	12.289024990352004	12.15291663707326	11.80478610565611	11.323083914308283	11.029143927357374	51.905497403499645
2005-10-04	13.100000381469727	13.289999961853027	12.960000038146973	13.114999771118164	3.0379135608673096	472600	13.000176824575236	13.06385067704672	13.017583500902537	12.550530627968032	12.310761168793219	12.171967788242466	11.817823057551255	11.334990331961505	11.040542046722187	52.510662125117555
2005-10-05	13.274999618530273	13.274999618530273	12.864999771118164	12.914999961853027	2.9915854930877686	251260	12.971784537001167	13.042586289161907	13.007813640040679	12.564823543022346	12.326662189663214	12.186681296630793	11.828740240678636	11.345488734817927	11.050784986149132	50.044664557771924
2005-10-06	12.800000190734863	12.949999809265137	12.449999809265137	12.579999923706055	2.913987398147583	1994780	12.841189665902796	12.976502522668214	12.967069476580239	12.56541869520602	12.333328972138025	12.19446978429565	11.836215461405278	11.353691466970007	11.059141351928131	46.136359702943544
2005-10-07	12.729999542236328	13.4399995803833	12.5	13.25	3.069183588027954	4345480	12.97745977726853	13.01557359085847	12.994015240715454	12.592265020884215	12.357451893923866	12.21537137272544	11.85028296925199	11.366291523667881	11.071113257108852	53.89206045242554
2005-10-10	13.390000343322754	13.420000076293945	13.005000114440918	13.170000076293945	3.0506532192230225	856210	13.041639876943668	13.037634517349252	13.01077570124674	12.61492129756695	12.378834740828342	12.234274911409964	11.863414482754896	11.378276298103934	11.082582583989645	52.91238531471987
2005-10-11	13.199999809265137	13.680000305175781	12.75	12.984999656677246	3.0078001022338867	2787860	13.022759803521527	13.030115251538966	13.008320839859168	12.629434174394804	12.394786449140156	12.24914074794991	11.87457453423671	11.388952200818707	11.09297830569832	50.620708647463
2005-10-13	13.100000381469727	14.039999961853027	10.6899995803833	13.324999809265137	3.086557149887085	9983460	13.123506472102731	13.07224161692842	13.038480741707355	12.656711258115209	12.419265748090814	12.270444887777934	11.889006626525552	11.401816304529314	11.105175144515625	54.51935382471959
2005-10-14	13.199999809265137	13.279999732971191	12.614999771118164	12.6850004196167	2.938309669494629	890190	12.977337787940721	13.016921445883888	13.004815949127293	12.65782063699762	12.426258765762547	12.278653908210385	11.896926962775215	11.410342444828897	11.113808069516178	46.997442422170586
2005-10-17	12.699999809265137	12.805000305175781	12.204999923706055	12.585000038146973	2.9151456356048584	404180	12.846558538009472	12.955218387635757	12.964833481414882	12.65496492723877	12.4304361676674	12.28472016820913	11.90377346103762	11.418147478671543	11.12184736989121	45.93111330935937
2005-10-18	12.449999809265137	12.890000343322754	12.25	12.430000305175781	2.879242420196533	277410	12.707705793731575	12.880187232998617	12.91389698843973	12.646142785197085	12.43042469760183	12.28759700260451	11.909009549038995	11.424870753266255	11.128995746586755	44.25503722596055
2005-10-19	12.149999618530273	12.444999694824219	11.619999885559082	11.8100004196167	2.735628128051758	414730	12.408470669026617	12.727303402515487	12.808763981885155	12.613352888507658	12.414097742918011	12.278139644525544	11.908024383572107	11.427429754371573	11.132717083597848	38.243449877365606
2005-10-20	11.899999618530273	12.239999771118164	11.78499984741211	12.020000457763672	2.784271240234375	618500	12.278980598605635	12.626260124693799	12.733643646254539	12.590084165733384	12.40372676172974	12.273027977460952	11.909138573365057	11.431367101237965	11.137565626626076	41.15898997058451
2005-10-21	11.699999809265137	11.925000190734863	11.505000114440918	11.600000381469727	2.6869843006134033	1588200	12.052653859560332	12.479651589947503	12.625677621036937	12.55125735066422	12.382576067512371	12.259700698332413	11.906062571455651	11.432487588149804	11.140092592499538	37.360084240507554
2005-10-24	11.859999656677246	12.119999885559082	11.800000190734863	11.885000228881836	2.7530007362365723	332390	11.996769316000833	12.39470139550955	12.555136917022166	12.525129620398245	12.369481966495778	12.252280887056164	11.905852995907653	11.435494316659652	11.144163126031682	41.31810339248369
2005-10-25	11.949999809265137	12.03499984741211	11.555000305175781	11.614999771118164	2.690457820892334	300650	11.869512801039944	12.283315449167924	12.46560004598369	12.48943825375981	12.349627171880577	12.239661459017787	11.90295893396945	11.436687043931801	11.146736003873684	38.81580076075594
2005-10-26	11.789999961853027	11.989999771118164	11.619999885559082	11.694999694824219	2.708989143371582	290940	11.811341765634703	12.199270341404537	12.392209536349455	12.458283800468218	12.332400133010673	12.228876077548607	11.9008896878088	11.438403407060655	11.149731980326965	39.97574205595245
2005-10-27	11.649999618530273	11.649999618530273	11.300000190734863	11.305000305175781	2.6186513900756836	468810	11.642561278815062	12.071517479086143	12.2886658000472	12.41305699673126	12.30536329543607	12.21058150779865	11.89496044022041	11.437517007712582	11.150580441118489	36.35710472908222
2005-10-28	11.244999885559082	11.300000190734863	10.859999656677246	10.930000305175781	2.531787395477295	214000	11.405040954268635	11.908443597098948	12.159269086249923	12.354897910787908	12.269169532534484	12.185223464182355	11.885358846836882	11.434144803709016	11.149375085184376	33.24124545042393
2005-10-31	10.930000305175781	11.274999618530273	10.895000457763672	11.199999809265137	2.594329357147217	283070	11.336693905934135	11.807237341694117	12.067910107489467	12.309607789159564	12.241033487185291	12.165714084877063	11.87853935392572	11.432589023015037	11.149651723020883	37.40104146257172
2005-11-02	11.100000381469727	11.489999771118164	11.010000228881836	11.375	2.6348659992218018	193080	11.34946260395609	11.745489150023529	12.001918668680947	12.27295650331017	12.218243132259362	12.150056380226031	11.873529012095615	11.432206371699323	11.150883134370495	40.01020571623333
2005-11-04	11.375	11.375	11.375	11.375	2.6348659992218018	0	11.357975069304059	11.692562128591597	11.94221212880657	12.237742522788201	12.196052523515695	12.134708729132447	11.868568524413071	11.431826262917268	11.15210781669634	40.01020571623333
2005-11-07	11.399999618530273	11.600000381469727	11.3100004196167	11.520000457763672	2.6684529781341553	260170	11.41198353212393	11.667910461330464	11.902001493469152	12.20959577514018	12.178261679680116	12.122536288115244	11.865100185441435	11.43241213796608	11.154118158997255	42.3204422726725
2005-11-08	11.600000381469727	11.640000343322754	11.399999618530273	11.404999732971191	2.641814708709717	820870	11.409655599073018	11.630351785850568	11.854667992469347	12.178042989172768	12.157912681082513	12.108327643458926	11.860522071486507	11.432229995740201	11.155489096559954	40.972751976269755
2005-11-09	11.595000267028809	11.75	11.420000076293945	11.635000228881836	2.695091485977173	958180	11.484770475675957	11.631015849140748	11.83374725308006	12.156747194651555	12.144151827077232	12.09895482336829	11.85827807305263	11.433577306259414	11.158109375971549	44.76149131324238
2005-11-10	11.699999809265137	12.074999809265137	11.635000228881836	11.904999732971191	2.7576332092285156	730960	11.624846894774368	11.67015640397367	11.840533203545883	12.146874745173893	12.137858350916547	12.095114128508941	11.858742965191123	11.43670968118773	11.162190744042585	48.90739416913072
2005-11-11	12.0	12.0	11.555000305175781	11.694999694824219	2.708989143371582	757440	11.648231161457652	11.673705445523748	11.826672869381914	12.129154154964102	12.126204175756223	12.087191070416175	11.857113678918816	11.438425893902924	11.165102268363796	46.01462265569022
2005-11-14	11.795000076293945	11.795000076293945	11.399999618530273	11.430000305175781	2.647606134414673	272240	11.575487542697028	11.638890425474038	11.788894529933712	12.101736356933188	12.107883021267265	12.074177391896564	11.852863794602966	11.43836990992467	11.166549798619599	42.591133255644166
2005-11-16	11.5	11.600000381469727	11.449999809265137	11.484999656677246	2.6603455543518066	266840	11.545324914023768	11.61690602993164	11.759952161052144	12.077550603981974	12.091491353778054	12.062510506050637	11.849203454922113	11.438679742129006	11.168289961778383	43.530179347299125
2005-11-17	11.489999771118164	11.579999923706055	11.40999984741211	11.475000381469727	2.658029556274414	159270	11.52188340317242	11.59663379443708	11.73281389633001	12.053921183491298	12.075267907138361	12.05087664219755	11.84548004125592	11.43892107528077	11.16996597500074	43.391214365036326
2005-11-18	11.729999542236328	11.729999542236328	11.425000190734863	11.460000038146973	2.654554605484009	201630	11.501255614830605	11.577114686395637	11.7068316241221	12.030630158183676	12.05907664742806	12.039176115384668	11.841644419334438	11.439061134834699	11.171550860591703	43.16857600019131
2005-11-21	11.425000190734863	11.510000228881836	11.305000305175781	11.3149995803833	2.620966911315918	104290	11.439170270014836	11.539669671251017	11.669514286623167	12.00256621395621	12.039495671979514	12.0248359859787	11.836404172180695	11.438236805569241	11.172334733377449	40.97970635476991
2005-11-22	11.300000190734863	11.470000267028809	11.100000381469727	11.194999694824219	2.593170642852783	187210	11.35778007828463	11.490431103190046	11.624322420737553	11.970896938696132	12.017272093633322	12.008403584173662	11.830022038077646	11.436620612142365	11.172458585625792	39.207877967131
2005-11-23	11.199999809265137	11.289999961853027	11.149999618530273	11.164999961853027	2.5862221717834473	80700	11.293520039474096	11.4439409401419	11.580577424653312	11.939293135682677	11.994843879639104	11.99170252234553	11.823404902990834	11.43481582376835	11.172417828118837	38.7567277648824
2005-11-24	11.324999809265137	11.385000228881836	11.164999961853027	11.324999809265137	2.623283624649048	154670	11.30401329607111	11.426949350016647	11.556236699378248	11.91520320131336	11.977216404102947	11.978500488423146	11.818445648326897	11.434086149253378	11.173251609436576	42.55336642002666
2005-11-25	11.5	11.510000228881836	11.319999694824219	11.40999984741211	2.642972946166992	156520	11.33934214651811	11.424527992501714	11.542309380143378	11.895391305081938	11.962289652611084	11.967243049987283	11.814381511004362	11.433926107380678	11.174545315655022	44.52104162115968
2005-11-28	11.585000038146973	11.75	11.25	11.390000343322754	2.638340473175049	539970	11.356228212119658	11.419595471190433	11.527803757589032	11.875572051679617	11.947229407629811	11.95581250134046	11.810158812818475	11.433634241838766	11.175722665532987	44.13796475870369
2005-11-29	11.6899995803833	11.6899995803833	11.399999618530273	11.5	2.663820266723633	608110	11.404152141413105	11.431081832448942	11.52515578067579	11.860843735927475	11.935460212692185	11.946786511214906	11.807072655476997	11.434075210331532	11.177494672825157	46.84694372207885
2005-11-30	11.6899995803833	11.6899995803833	11.319999694824219	11.404999732971191	2.641814708709717	261130	11.404434671932467	11.427355818237835	11.513712347561066	11.842967500517425	11.921500726383737	11.936058060160576	11.803071929879923	11.433882017790932	11.178737869875135	44.82518578826309
2005-12-01	11.475000381469727	11.545000076293945	11.25	11.425000190734863	2.646446943283081	330930	11.4112898448666	11.427019300023124	11.505263570720475	11.826576625623991	11.90843492281403	11.925938102350166	11.799310022027734	11.433823002328765	11.180083565617538	45.359823732188104
2005-12-02	11.6899995803833	11.779999732971191	11.305000305175781	11.375	2.6348659992218018	516990	11.399193229911067	11.419587971448392	11.492857516366143	11.808867738344619	11.894397161687344	11.915028436957094	11.795088031758802	11.433432151814953	11.181148682745311	44.20657709728372
2005-12-05	11.475000381469727	11.5	11.34000015258789	11.399999618530273	2.6406562328338623	390800	11.399462026117469	11.416789635317231	11.48401390704844	11.79283369443033	11.881386700025315	11.904829846493197	11.791156803766478	11.43321000873665	11.182344589498234	44.96006306634119
2005-12-06	11.395000457763672	11.399999618530273	11.220000267028809	11.300000190734863	2.617492914199829	351360	11.366308080989933	11.400105428948322	11.466488791209052	11.77350689036384	11.866087055043987	11.892853021626696	11.786269673288551	11.43232489366687	11.182987516280948	42.48828119486954
2005-12-07	11.225000381469727	11.319999694824219	11.114999771118164	11.210000038146973	2.5966453552246094	491000	11.31420540004228	11.372947515976701	11.442061290917426	11.751408582433767	11.848821607230908	11.879331180369672	11.780535647068238	11.430847652101953	11.183135125690052	40.33878604476424
2005-12-08	11.109999656677246	11.5	11.109999656677246	11.375	2.6348659992218018	1132840	11.334470266694852	11.37324072798003	11.435674501306243	11.73664746155401	11.836352617566938	11.869344424322747	11.776500466500394	11.43047657135709	11.184183567626173	45.75677471998759
2005-12-09	11.390000343322754	12.0	11.390000343322754	11.475000381469727	2.658029556274414	1011290	11.381313638286477	11.3877778213357	11.439419823226576	11.726386791746783	11.82684334819596	11.861535631394965	11.773500465654317	11.430772410626941	11.18577273054335	48.791969562664896
2005-12-12	11.5	11.574999809265137	11.3149995803833	11.404999732971191	2.641814708709717	430040	11.389209003181382	11.390238094426484	11.43614171939273	11.713783377677153	11.815742200426886	11.852495316574691	11.769833791697272	11.430601163599329	11.186970692305252	46.81713380039486
2005-12-13	11.300000190734863	11.5	11.180000305175781	11.21500015258789	2.5978035926818848	608050	11.331139386316885	11.365204102735257	11.415080617792269	11.694223251203065	11.799933199167965	11.839871649961092	11.764313058969815	11.42916859874211	11.187123858754884	41.86421867515579
2005-12-14	11.199999809265137	11.399999618530273	11.135000228881836	11.170000076293945	2.5873799324035645	3038890	11.277426282975904	11.337317813243642	11.391739613840047	11.673665479638002	11.783356011723912	11.826606866324118	11.75839949695314	11.427446548759066	11.18703028617313	40.76424878123582
2005-12-15	11.199999809265137	11.449999809265137	11.005000114440918	11.079999923706055	2.566532850265503	760820	11.211617496552622	11.300558114738273	11.362050119541571	11.650384477444593	11.7648466409866	11.81182257043069	11.751649252443219	11.425137933310209	11.186445420804457	38.580891797413436
2005-12-16	11.220000267028809	11.270000457763672	11.0649995803833	11.210000038146973	2.5966453552246094	300550	11.211078343750739	11.287621246653801	11.347569159408753	11.633114499432923	11.750245414596083	11.799905292563686	11.746259708022361	11.423708445634706	11.186574134560427	43.30455220957201
2005-12-19	11.199999809265137	11.5	11.199999809265137	11.3100004196167	2.619809865951538	450450	11.244052369039393	11.290818271362786	11.343991184190463	11.620443359047973	11.738660019991363	11.790204205970676	11.741918819580514	11.422952910578108	11.187248595134506	46.70035222904017
2005-12-20	11.3100004196167	11.710000038146973	11.265000343322754	11.430000305175781	2.647606134414673	1019000	11.306035014418189	11.310701419050357	11.352182529046207	11.612975003994162	11.730537395917269	11.783071455459886	11.738815152770517	11.422999737120286	11.188575107211234	50.529515945614214
2005-12-21	11.5	11.520000457763672	11.21500015258789	11.25	2.6059107780456543	751890	11.287356676278792	11.30202978775745	11.342450859613235	11.598740690112038	11.717891674972078	11.772515585054741	11.73395132040464	11.421850237205865	11.188910762363085	45.275190430290266
2005-12-22	11.300000190734863	11.449999809265137	11.225000381469727	11.380000114440918	2.636023759841919	3345950	11.318237822332835	11.313168405855087	11.346026979120634	11.590162628321014	11.708999791800206	11.76474300147823	11.730429417857739	11.42157216330045	11.189954966472799	49.37001073956155
2005-12-23	11.489999771118164	11.680000305175781	11.180000305175781	11.234999656677246	2.6024365425109863	323560	11.290491767114306	11.302001441686825	11.33545294841174	11.57623466864871	11.696526104033813	11.754253034254448	11.725499768492758	11.42033247887106	11.19020111232091	45.29859334508405
2005-12-26	11.210000038146973	11.5	9.425000190734863	11.0	2.548002243041992	321180	11.193661178076203	11.258858378588707	11.303505048563004	11.553637230662485	11.678196469717134	11.739317330605845	11.718280865323676	11.417539572034707	11.189161761980358	39.59893928737637
2005-12-27	10.850000381469727	11.140000343322754	10.8100004196167	10.9350004196167	2.5329456329345703	305230	11.107440925256368	11.21259295587842	11.268409369615737	11.52937696356265	11.658638678925017	11.723390263061505	11.710487030043009	11.414333331819305	11.18777290218602	38.16841284338812
2005-12-28	11.029999732971191	11.039999961853027	10.800000190734863	10.829999923706055	2.5086238384246826	245700	11.014960591406263	11.157936808425225	11.226656089052911	11.501950412980039	11.63683239589294	11.705699365252487	11.701725964308313	11.410450717811909	11.18581785858777	35.91151674242708
2005-12-29	10.819999694824219	10.930000305175781	10.710000038146973	10.774999618530273	2.4958837032318115	257290	10.9349736004476	11.103231495583088	11.183641187098374	11.473442538687891	11.614152585962344	11.687269667297592	11.69250480663888	11.406228451371499	11.183572950172156	34.752339247923636
2005-12-30	10.9399995803833	10.9399995803833	10.604999542236328	10.850000381469727	2.513256311416626	232590	10.906649194121643	11.067055622138323	11.151865872276598	11.44899382664012	11.594043317423065	11.670690077479218	11.684121678030232	11.4025325837974	11.181750149250284	37.7052667742919
2006-01-02	10.96500015258789	10.970000267028809	10.800000190734863	10.9350004196167	2.5329456329345703	299030	10.916099602619996	11.048190593206662	11.131212019642323	11.428837222443123	11.576700083270266	11.656121965442336	11.676667735160446	11.399426057789555	11.180401790071958	40.96609183656717
2006-01-03	10.925000190734863	11.175000190734863	10.925000190734863	11.005000114440918	2.5491600036621094	351980	10.945733106560303	11.042020524811557	11.11919183819457	11.412216159384213	11.561655347248442	11.643228463442309	11.66998447525279	11.396805287401856	11.179443310970148	43.58507032021694
2006-01-04	11.279999732971191	11.28499984741211	10.75	10.8100004196167	2.5039913654327393	569210	10.900488877579102	11.008874795498006	11.08974503642525	11.38859985586392	11.541874954416027	11.62672889821804	11.661427419972828	11.392906251735509	11.177424497356196	38.465596409665395
2006-01-05	10.899999618530273	11.699999809265137	10.779999732971191	11.609999656677246	2.6892998218536377	1936870	11.136992470611817	11.094749775666468	11.139293095496868	11.397282200993853	11.54366770973869	11.626397626108322	11.66091570093506	11.394348732831467	11.17978829604101	59.48893128045326
2006-01-06	11.8100004196167	11.819999694824219	11.399999618530273	11.520000457763672	2.6684529781341553	1051810	11.264661799662436	11.155499873108926	11.175550939522278	11.402094681651493	11.543044887318295	11.624290751487635	11.659513559211963	11.395183628013742	11.181647378891954	57.124431606013914
2006-01-09	11.970000267028809	11.970000267028809	11.5	11.609999656677246	2.6892998218536377	1506180	11.379774418667372	11.220428413618686	11.21692700782275	11.410247817927011	11.544806854933004	11.624007759511192	11.659020883564851	11.396610977041407	11.183988101721383	58.88435934624393
2006-01-10	11.59000015258789	11.899999618530273	11.515000343322754	11.604999542236328	2.6881422996520996	793810	11.454849459857025	11.275367146278349	11.25388629681452	11.417885140448945	11.546390873019934	11.623631359169115	11.658483357780488	11.39799561867061	11.186288710685945	58.74009945255324
2006-01-12	11.510000228881836	11.6899995803833	11.40999984741211	11.569999694824219	2.680034637451172	246880	11.493232871512756	11.31745751035633	11.283992334720205	11.423850417091112	11.547012157804257	11.622569346013771	11.657602923323212	11.399138502897545	11.188385492020034	57.674966323183874
2006-01-13	11.59000015258789	11.755000114440918	11.3100004196167	11.449999809265137	2.652238130569458	395940	11.47882185076355	11.33639212448616	11.29980257039115	11.424875883450877	11.544459201263754	11.619152127464293	11.655537220695768	11.399476451777064	11.189815078453067	54.0557817488295
2006-01-16	11.369999885559082	11.539999961853027	11.175000190734863	11.225000381469727	2.6001200675964355	297500	11.394214694332275	11.320479018340956	11.292678552398634	11.417037628471224	11.536052390216543	11.611347142395093	11.651253272046754	11.398317142339806	11.190007347868459	47.9766871227489
2006-01-17	11.204999923706055	11.449999809265137	11.0	11.024999618530273	2.553792715072632	191170	11.271143002398274	11.27826767551086	11.267185320601648	11.401663588865697	11.522603633066904	11.599736300338364	11.645021892409774	11.395836627231438	11.189105666287375	43.313770360754326
2006-01-18	11.055000305175781	11.100000381469727	10.904999732971191	10.984999656677246	2.544527530670166	171740	11.17576188715793	11.236372244248914	11.240310495465991	11.385323826819091	11.508456160004018	11.58756329749359	11.6384545069796	11.393106813473603	11.187990332901528	42.42565662326082
2006-01-19	10.954999923706055	11.300000190734863	10.954999923706055	10.994999885559082	2.546844005584717	292180	11.11550788662498	11.201890478721795	11.216947580236761	11.370017005593208	11.494944152781782	11.575829368544392	11.632051973433128	11.390461584716695	11.1869357402931	42.74175023088161
2006-01-20	11.055000305175781	11.1850004196167	10.819999694824219	10.920000076293945	2.5294711589813232	405310	11.050338616514635	11.161620421232103	11.18866686557554	11.35236928287559	11.479814045505787	11.562842649885967	11.624966879929255	11.387335594627507	11.185477075462503	40.92694128993004
2006-01-23	10.920000076293945	11.145000457763672	10.850000381469727	10.925000190734863	2.5306291580200195	212320	11.008559141254711	11.12781753116107	11.163555753685952	11.335609710634778	11.465213680906553	11.550212106140402	11.618002037250704	11.384263598588353	11.184053704507706	41.106476904311656
2006-01-24	11.069999694824219	11.079999923706055	10.949999809265137	10.975000381469727	2.542210817337036	197490	10.99737288799305	11.105986509776592	11.145598099189169	11.32146816831458	11.452313330921374	11.538821774958803	11.611604010825022	11.381544241663976	11.182911336622253	42.97293637397084
2006-01-25	11.085000038146973	11.085000038146973	10.850000381469727	10.914999961853027	2.5283126831054688	140930	10.969915245946376	11.078702717216084	11.123636371823821	11.305528238649421	11.438173505419575	11.52646886776859	11.604672627253162	11.378444279671877	11.181447340038813	41.28218026856376
2006-01-27	10.979999542236328	11.199999809265137	10.515000343322754	10.755000114440918	2.491250991821289	547380	10.89827686877789	11.032459488248202	11.088528156834974	11.283938900445166	11.420195258288558	11.511192258791805	11.596218174389358	11.374301793524163	11.179117027330628	37.09127659223868
2006-01-30	10.805000305175781	10.885000228881836	10.505000114440918	10.5649995803833	2.447239875793457	436450	10.787184439313027	10.965679501410358	11.038668292411005	11.255745201619211	11.397690108869998	11.492455770110448	11.58595729285696	11.368924370181034	11.1757611942872	32.829164912584986
2006-01-31	10.515000343322754	10.699999809265137	10.25	10.3100004196167	2.3881726264953613	516880	10.628123099414251	10.87201106115412	10.969271352144881	11.218657170952445	11.369066695994912	11.469040812674928	11.573261204566013	11.361888330642401	11.171030261092278	28.153401474653784
2006-02-01	10.289999961853027	10.489999771118164	9.949999809265137	10.0	2.3163650035858154	673290	10.418748732942834	10.747438052417818	10.87695979479775	11.170866693660193	11.333038625047678	11.439950895592256	11.557606864222072	11.352839238744444	11.164631188627293	23.728778316544297
2006-02-02	10.010000228881836	10.300000190734863	10.0	10.239999771118164	2.371957778930664	396640	10.359165745667944	10.674946869375011	10.816296935399695	11.134362108462465	11.304274444681111	11.416189487186829	11.54449634588273	11.345444956567526	11.159578557930523	32.56495327673282
2006-02-03	10.25	10.28499984741211	9.600000381469727	10.005000114440918	2.317523241043091	208360	10.241110535258935	10.579240190098712	10.739030571498859	11.09007340281456	11.270083014937947	11.388245143172059	11.529177975420621	11.336538346320838	11.153269386108175	29.01977028086291
2006-02-06	10.100000381469727	10.3100004196167	9.989999771118164	10.135000228881836	2.3476359844207764	573740	10.205740433133235	10.515777338496301	10.681503872201999	11.052619552856415	11.240212415304892	11.363428412196015	11.515305560032175	11.3285547043445	11.147705073773604	33.342876971098136
2006-02-07	10.25	10.625	10.140000343322754	10.154999732971191	2.352269172668457	243430	10.188826866412553	10.464237680564143	10.631360620846683	11.017418775606014	11.211654186822427	11.339499131419286	11.501770178668384	11.320756996893515	11.142280454424958	34.00877073410762
2006-02-08	10.5	10.5	10.15999984741211	10.34000015258789	2.3951218128204346	186300	10.239217961804332	10.446489462281821	10.603612004822036	10.990853339409226	11.188715922763624	11.319707072432525	11.490210277911364	11.314240340120719	11.137896409059728	39.98161081737386
2006-02-10	10.399999618530273	10.489999771118164	10.21500015258789	10.335000038146973	2.393963098526001	337730	10.271145320585212	10.430562401691128	10.578029912757744	10.965133602104823	11.166249715273713	11.300207923238752	11.478715648659977	11.30773376004116	11.133508997196817	39.87655883389365
2006-02-13	10.5	10.5	10.100000381469727	10.1850004196167	2.3592183589935303	3790850	10.242430353595708	10.395482118537638	10.540598532458597	10.934540143968034	11.140427365388001	11.278124606335345	11.465842860311287	11.300273737845648	11.128325890215505	36.75643225534472
2006-02-14	10.350000381469727	11.079999923706055	10.225000381469727	10.545000076293945	2.4426074028015137	1200790	10.343286927828453	10.41684182678854	10.541017727109583	10.919264062882776	11.124758226201315	11.263607288908782	11.456680245544947	11.295255308200787	11.125138317461836	47.39489845405784
2006-02-15	10.869999885559082	10.994999885559082	10.5	10.635000228881836	2.4634549617767334	3077700	10.440524694846248	10.448007312801868	10.549968441564083	10.908116461549406	11.111869857850802	11.251159624353793	11.448504324981135	11.29086823126179	11.122459967251016	49.67408653647419
2006-02-16	10.779999732971191	10.779999732971191	10.300000190734863	10.420000076293945	2.4136526584625244	190300	10.433683155328813	10.444006279015023	10.537590502014545	10.88897464251978	11.093662758336148	11.234701019441717	11.43827045185987	11.285081731893232	11.118621388611906	44.692505390216034
2006-02-17	10.524999618530273	10.524999618530273	10.100000381469727	10.145000457763672	2.3499529361724854	250070	10.337455589473766	10.4012911616934	10.500200973990653	10.859799184294051	11.068697960952662	11.213122790497597	11.425402093709659	11.277506441035229	11.113301055656452	39.2680662480782
2006-02-20	10.149999618530273	10.385000228881836	10.010000228881836	10.329999923706055	2.392805576324463	315130	10.334970367551195	10.39110669912378	10.483991350154025	10.839022742702365	11.049258538919856	11.195635208976972	11.41450256963002	11.271210716667593	11.109020721602079	44.17668009036281
2006-02-21	10.390000343322754	10.5	10.1899995803833	10.289999961853027	2.3835394382476807	409980	10.319980232318473	10.376662879513672	10.465515979839644	10.817492437571019	11.029278050049676	11.177701837746795	11.403313488955622	11.264691043878127	11.104545198324761	43.36064049344262
2006-02-22	10.274999618530273	10.59000015258789	10.130000114440918	10.40999984741211	2.4113364219665527	392080	10.349986770683019	10.381425303499164	10.46022872913226	10.80151233599616	11.012981255243425	11.162499818136208	11.393429771129318	11.259012032605927	11.100749868538353	46.55047357066713
2006-02-23	10.319999694824219	10.550000190734863	10.300000190734863	10.300000190734863	2.385856866836548	87220	10.333324577366968	10.369793144532835	10.444968868332507	10.781845193044736	10.994218595651095	11.145420617593608	11.382549874806985	11.252639860899142	11.09637418723888	44.09875223662905
2006-02-24	10.229999542236328	10.399999618530273	10.100000381469727	10.175000190734863	2.3569014072418213	169890	10.280549781822932	10.341965579704553	10.41925756570416	10.758047349816898	10.972660216574353	11.126204371517197	11.370534455064973	11.245479464419645	11.09133935665689	41.42851564811459
2006-02-27	10.300000190734863	10.600000381469727	10.300000190734863	10.539999961853027	2.4414491653442383	860810	10.367033175166297	10.370256205725763	10.430756841527863	10.749496471857531	10.961274420397476	11.114596363405035	11.362270430256894	11.24079189297402	11.088326573078728	50.79723469490952
2006-02-28	10.869999885559082	10.875	10.199999809265137	10.244999885559082	2.3731162548065186	265250	10.326355411963892	10.352362445701951	10.41306570286417	10.72971229200269	10.942425090533309	11.09737663117046	11.351153310409154	11.234175334785217	11.083718230523976	44.589403899188774
2006-03-01	10.130000114440918	10.489999771118164	10.125	10.40999984741211	2.4113364219665527	224970	10.35423689044663	10.360596360231973	10.41277371663064	10.71717454907757	10.928413899924855	11.083765209709899	11.341788599334556	11.228699085699681	11.080036709304785	48.388601043862565
2006-03-02	10.699999809265137	10.699999809265137	10.300000190734863	10.444999694824219	2.419443368911743	727160	10.384491158572493	10.372653979459438	10.415842857410981	10.706501025381359	10.915692473474838	11.071116387632955	11.332865326652861	11.22349178077692	11.076566561684674	49.18450769838847
2006-03-03	10.520000457763672	10.520000457763672	10.350000381469727	10.430000305175781	2.415969133377075	725920	10.399660874106923	10.38084631170463	10.417191185769534	10.6956578598831	10.902911100624863	11.058421019663506	11.323881595095875	11.218219412168274	11.073033412742001	48.83692596562916
2006-03-06	10.350000381469727	10.819999694824219	10.199999809265137	10.744999885559082	2.4889345169067383	417920	10.51477387792431	10.432868250826695	10.448411061939966	10.697592841282159	10.898755542333658	11.052214660572329	11.318121578085558	11.21507509637685	11.071240879806576	55.887316366790586
2006-03-07	10.875	10.885000228881836	10.414999961853027	10.449999809265137	2.4206020832061768	90580	10.493182521704584	10.4353156163179	10.44856237120903	10.687883310614824	10.886946180937118	11.04028961401179	11.309483550535106	11.209991539651856	11.067846119858261	49.06784987488073
2006-03-08	10.5	10.600000381469727	10.449999809265137	10.505000114440918	2.4333417415618896	3784680	10.497121719283362	10.44527054462119	10.453937394373972	10.68071142056879	10.876894968660903	11.02968982194108	11.301478740225711	11.205307211245138	11.064770458626473	50.28584311155877
2006-03-09	10.5	10.550000190734863	10.354999542236328	10.46500015258789	2.424076557159424	124120	10.486414530384872	10.448089060045005	10.454990990394345	10.672252155157773	10.866055631395824	11.018507848290522	11.293155570199465	11.200388227466684	11.061493025260141	49.361317868267676
2006-03-10	10.600000381469727	10.600000381469727	10.265000343322754	10.34000015258789	2.3951218128204346	3209470	10.437609737785879	10.432647787551131	10.444039482031826	10.659222664860915	10.852212066164036	11.005072052336015	11.283671436690891	11.194671363181776	11.057550441256467	46.48509908690775
2006-03-13	10.324999809265137	10.550000190734863	10.324999809265137	10.449999809265137	2.4206020832061768	230660	10.441739761612299	10.43512664779599	10.444607132244522	10.651017846994414	10.841627533087749	10.994080522770254	11.275376196617003	11.189723379434822	11.054230492447772	49.285580108104135
2006-03-14	10.880000114440918	11.0	10.600000381469727	10.795000076293945	2.500516653060913	872970	10.559493199839514	10.486537137581411	10.477977888820657	10.65666420892773	10.84040049475107	10.990138335711316	11.270596334723242	11.18710063323455	11.052813932796658	56.90314662698429
2006-03-16	10.774999618530273	11.479999542236328	10.774999618530273	11.095000267028809	2.57000732421875	1000350	10.73799555556928	10.573460441788182	10.53674192484048	10.673853858265026	10.847100488758379	10.992214809598792	11.268849110169068	11.1864886706684	11.053044459213227	62.21762699924135
2006-03-17	11.194999694824219	11.279999732971191	10.8100004196167	11.0	2.548002243041992	1146560	10.82533037037952	10.63439466438987	10.58086174152234	10.686643903038947	10.851124160106842	10.992368971784956	11.266173994644998	11.185249543288544	11.052754598780368	59.70674324566239
2006-03-20	11.135000228881836	11.449999809265137	11.0	11.305000305175781	2.6186513900756836	1169130	10.98522034864494	10.730195470216428	10.649827319013143	10.71089317371098	10.863068269187604	10.998559691258041	11.266560326093066	11.18604522941404	11.054132990618594	64.6405167110065
2006-03-21	11.420000076293945	11.789999961853027	11.319999694824219	11.670000076293945	2.703198194503784	1531010	11.213480257861276	10.864453271084644	10.746986629230362	10.74850520910639	10.884303316743035	11.011855540466673	11.270574651965712	11.189260876237162	11.057498384529389	69.45992705408223
2006-03-22	11.699999809265137	12.199999809265137	11.670000076293945	12.045000076293945	2.790062189102173	1488340	11.490653530672166	11.033102814685973	10.870606957522131	10.79934814507453	10.914847968310164	11.032313848106817	11.278280377580918	11.19494685098837	11.062894568637391	73.46195630968785
2006-03-23	12.050000190734863	12.380000114440918	11.40999984741211	11.529999732971191	2.670769214630127	547760	11.503768931438508	11.10408808872672	10.93340626946966	10.828001148521459	10.93103617264335	11.042169014143735	11.280785047783807	11.197173115984933	11.065447055874188	61.53583502918411
2006-03-24	11.529999732971191	11.600000381469727	11.109999656677246	11.430000305175781	2.647606134414673	326100	11.479179389350932	11.15064697679087	10.98070093953691	10.851608958586334	10.944166807709992	11.049848841688924	11.28226977671308	11.198720140497828	11.067439150132666	59.5154185418876
2006-03-27	11.6850004196167	11.819999694824219	11.5	11.649999618530273	2.6985654830932617	901600	11.536119465744045	11.221983068467928	11.04444367086961	10.882918396231196	10.962741355363157	11.061733015487762	11.285928780114247	11.201718675235586	11.070622540670357	62.43739681110865
2006-03-28	11.869999885559082	11.869999885559082	11.600000381469727	11.604999542236328	2.6881422996520996	368350	11.559079491241473	11.2766997075777	11.097829944333107	10.911235303917671	10.979642886596661	11.072490768492685	11.289103613568198	11.204398282325291	11.073542633575089	61.46025345600985
2006-03-29	11.5	11.6899995803833	11.274999618530273	11.385000228881836	2.6371819972991943	119600	11.501053070454928	11.292171210621149	11.12517949524251	10.929814320582933	10.990310185077849	11.078679074639005	11.290057808745448	11.205598295259222	11.075244587647804	56.78166965744668
2006-03-30	11.779999732971191	11.795000076293945	11.149999618530273	11.220000267028809	2.5989623069763184	97740	11.407368802646221	11.281861075822244	11.134210044936443	10.941194161620027	10.996354660918664	11.081477514092269	11.289360718778118	11.205693989423803	11.07603560228923	53.49268630383596
2006-03-31	11.0	12.0	11.0	11.859999656677246	2.747208595275879	472810	11.558245753989896	11.364452301658673	11.203332865102235	10.977225749661487	11.019082160807049	11.096893794143456	11.2950387181602	11.21004153538562	11.080319558870585	62.553129548920836
2006-04-03	12.0	12.149999618530273	11.625	12.069999694824219	2.7958528995513916	496120	11.72883040093467	11.465244786396608	11.285872563170996	11.020079629863947	11.046737885386447	11.116163217919313	11.30274977265437	11.215755543089532	11.085727647045195	64.96500432024543
2006-04-04	12.069999694824219	12.199999809265137	11.899999618530273	12.005000114440918	2.780796766281128	408600	11.82088697210342	11.542352690402938	11.354360901387178	11.058703962592455	11.071955312466828	11.133763948543503	11.309737338244286	11.22099969306529	11.090750993861565	63.599574758687496
2006-04-05	12.005000114440918	13.300000190734863	12.005000114440918	12.449999809265137	2.8838751316070557	1160840	12.030591251157325	11.672016564526109	11.458707464042222	11.113264584030599	11.108219641329942	11.159828024993436	11.321083233478324	11.229165806794192	11.098178583016777	68.4834284080966
2006-04-07	12.5	12.699999809265137	11.949999809265137	12.220000267028809	2.8305981159210205	694010	12.093727589781153	11.750299950597922	11.531211540517136	11.156665983363862	11.137477026216754	11.18082153473671	11.330027681573354	11.23574942447017	11.104308756153454	63.72444503056246
2006-04-10	12.100000381469727	12.699999809265137	11.699999809265137	12.630000114440918	2.9255692958831787	510310	12.272485098001075	11.875971402575493	11.63585807136702	11.214443792425707	11.176753949591074	11.209518140275406	11.342962730656613	11.245013548656022	11.112645867400927	67.99416387414807
2006-04-12	12.699999809265137	12.800000190734863	12.010000228881836	12.085000038146973	2.7993276119232178	212780	12.209990078049708	11.905832636228562	11.678633496774633	11.248583253042227	11.200655162447807	11.226854415480783	11.350346186452537	11.250594854234036	11.11795927817003	58.18960278535883
2006-04-13	11.609999656677246	12.079999923706055	11.510000228881836	11.734999656677246	2.718254327774048	172930	12.051659937592222	11.881427924864088	11.684001702479645	11.267658406125953	11.214716859664371	11.236916697484673	11.354173584166215	11.253813490795121	11.121331083517065	52.91276643709645
2006-04-17	11.75	12.050000190734863	11.46500015258789	11.510000228881836	2.6661369800567627	667060	11.871106701355426	11.828366825438051	11.667430133565567	11.27716200701834	11.222487474643778	11.242324292165806	11.355724098043982	11.25551572825749	11.123454958628347	49.78709991167797
2006-04-18	11.704999923706055	11.994999885559082	11.199999809265137	11.420000076293945	2.645289421081543	709650	11.720737826334933	11.770028718417464	11.643865366206365	11.282763499931109	11.227685174687203	11.24584262452478	11.35636366001662	11.256608647513547	11.125075423752202	48.55162908318103
2006-04-19	11.925000190734863	11.925000190734863	11.135000228881836	11.414999961853027	2.6441309452056885	717780	11.618825204840965	11.719310324622544	11.622068661029857	11.28794924353589	11.232614511191567	11.249192274768903	11.356947105806036	11.257661081495868	11.126659710845649	48.479651619619226
2006-04-20	11.399999618530273	12.600000381469727	11.199999809265137	11.625	2.692774534225464	5982730	11.620883469893977	11.705837421105038	11.62234783616987	11.301166920259972	11.242940445107578	11.256634011902193	11.35961429878309	11.260101871652042	11.129382881824634	51.717151269988506
2006-04-21	11.800000190734863	12.0	11.359999656677246	11.90999984741211	2.758791208267212	1971980	11.717255595733354	11.735003482006048	11.649743265811988	11.325042721324762	11.260494639905065	11.269571949239023	11.365090771903777	11.264420130627192	11.133648548303254	55.77853480959234
2006-04-24	11.699999809265137	11.75	11.5	11.699999809265137	2.7101471424102783	299260	11.711503666910614	11.730002957328775	11.654529603283716	11.339746920851836	11.272060565414542	11.278095273199936	11.368423200136228	11.267314347761	11.136743363936926	52.28837213776261
2006-04-25	11.399999618530273	11.774999618530273	11.324999809265137	11.34000015258789	2.6267588138580322	524930	11.587669162136374	11.67428827093722	11.624574417503162	11.33975685150815	11.273848449287524	11.279321112395737	11.368140383742713	11.267797309919317	11.137854056771085	46.873666080544794
2006-04-26	11.399999618530273	11.800000190734863	11.255000114440918	11.4399995803833	2.6499218940734863	783340	11.538445968218683	11.640818458000945	11.606995861586984	11.34368793891502	11.278220847474255	11.282502864237074	11.368855400624708	11.268941511051969	11.139505125206124	48.46995107295224
2006-04-27	11.670000076293945	11.75	11.300000190734863	11.380000114440918	2.636023759841919	1764030	11.485630683626095	11.603558694635227	11.585377219001645	11.345111945798388	11.280899249236535	11.284433502854972	11.368966293299497	11.269679441971496	11.140819305475167	47.54683409022975
2006-04-28	11.005000114440918	11.6899995803833	11.0	11.479999542236328	2.6591875553131104	212490	11.483753636496173	11.58590738714967	11.5753412497859	11.35040165546262	11.286138730631267	11.288306097694207	11.37007110174663	11.271076917720764	11.142672749391895	49.28061011755358
2006-05-02	11.694999694824219	11.694999694824219	11.324999809265137	11.4399995803833	2.6499218940734863	508760	11.469168951125216	11.565063414754475	11.562451566985652	11.353915299577157	11.290187700361583	11.291309929034584	11.370766907504208	11.272199327439452	11.144297486173269	48.58877283211273
2006-05-03	11.369999885559082	11.5649995803833	10.90999984741211	11.0649995803833	2.563058376312256	517480	11.334445827544577	11.493625724130021	11.515075187309238	11.342585271373476	11.28426169720426	11.286828535991985	11.367724446537832	11.270822584934095	11.143864164283706	42.556874820823175
2006-05-04	11.300000190734863	11.489999771118164	10.800000190734863	10.960000038146973	2.538736343383789	450480	11.209630564412043	11.4173934832753	11.462210887389022	11.327581928894006	11.275728495650121	11.28035668454951	11.36366748725036	11.268757318842486	11.142859442282958	41.02130914190465
2006-05-05	11.234999656677246	11.239999771118164	10.854999542236328	10.899999618530273	2.5248379707336426	1644370	11.10642024911812	11.34348007402601	11.408666957021522	11.310813995154252	11.265840893620652	11.27282486146002	11.35905387661633	11.266307101564664	11.141532339420921	40.13021874937244
2006-05-08	10.949999809265137	11.199999809265137	10.819999694824219	10.975000381469727	2.542210817337036	316920	11.062613626568655	11.29084011794654	11.367365378397542	11.29764483383329	11.25818719593247	11.266927347004767	11.355232448803925	11.264371508740112	11.140622328721735	41.83119581419508
2006-05-09	10.949999809265137	11.125	10.835000038146973	11.0	2.548002243041992	630160	11.041742417712436	11.249291529668463	11.332378199502537	11.285972487408456	11.25139279603951	11.261641656965068	11.351697797572045	11.262614887419579	11.139853900695933	42.41845053623802
2006-05-10	11.0	11.890000343322754	10.954999923706055	11.399999618530273	2.6406562328338623	1533720	11.161161484651716	11.270821256648722	11.338818334648035	11.290444139609312	11.25530350189453	11.264381418580221	11.352178412705959	11.263527742775796	11.141275461995575	50.950976626813784
2006-05-11	11.399999618530273	11.479999542236328	11.164999961853027	11.3149995803833	2.620966911315918	350350	11.212440849895577	11.277132445753661	11.336549881860918	11.291407098071037	11.256874451328446	11.265383758417906	11.351808474075883	11.263869748341294	11.142224774117912	49.27985549774879
2006-05-12	11.194999694824219	11.345000267028809	11.125	11.1850004196167	2.5908546447753906	166960	11.203294039802618	11.263970727734096	11.32211659974242	11.287234287151259	11.254983029441295	11.263792009134715	11.350148692439474	11.26334569964545	11.142458520814627	46.754155600291895
2006-05-15	11.050000190734863	11.300000190734863	11.050000190734863	11.199999809265137	2.594329357147217	1549800	11.202195962956791	11.254832025095673	11.310486429220774	11.283813327234157	11.253536102594554	11.26252879725611	11.34865467370142	11.262924796719336	11.142772954084847	47.09110041080111
2006-05-16	11.260000228881836	11.260000228881836	10.779999732971191	11.03499984741211	2.5561091899871826	1385700	11.146463924441898	11.223427428283737	11.284249611905663	11.274055935868587	11.247785148510806	11.258023273496823	11.345533730156253	11.261410345228922	11.14218403000467	43.80703461806979
2006-05-17	11.069999694824219	11.425000190734863	11.069999694824219	11.324999809265137	2.623283624649048	191740	11.205975886049645	11.237937768423937	11.288130583082756	11.276053734825314	11.249817113267499	11.259349541531838	11.345329412535445	11.261832866584644	11.143183023333961	50.359542684770545
2006-05-18	11.444999694824219	11.444999694824219	10.90999984741211	11.210000038146973	2.5966453552246094	328620	11.207317270082088	11.233946664098656	11.280689578803157	11.273463393779105	11.24876929550117	11.258372323643028	11.343982851596257	11.261488462408979	11.143548143633486	47.97071133280997
2006-05-19	10.949999809265137	11.1899995803833	10.300000190734863	10.399999618530273	2.409019947052002	234800	10.938211386231483	11.114811371874602	11.196814344491454	11.239209912396797	11.226433251370356	11.241374844333865	11.33458998360555	11.255764284044336	11.139485036938934	35.277436515880076
2006-05-22	10.005000114440918	10.100000381469727	8.399999618530273	9.1850004196167	2.127581834793091	177180	10.353807730693221	10.839124092980615	11.005213018312906	11.158652677385813	11.172711334745259	11.200654558695902	11.31320103272009	11.242005055709269	11.128804793128431	24.71381645811969
2006-05-23	9.5	9.960000038146973	8.600000381469727	9.369999885559082	2.1704342365264893	137410	10.025871782315175	10.62924920620611	10.849478434241114	11.08850943064751	11.125271559766675	11.164403971109035	11.293865697922467	11.229566483150132	11.119193837349364	28.237465831191216
2006-05-24	9.699999809265137	9.890000343322754	9.550000190734863	9.635000228881836	2.2318179607391357	100680	9.895581264504061	10.487213638016927	10.733813843254516	11.031509069793955	11.086053893164443	11.134118748490675	11.277359573852412	11.218971358537054	11.11108348976211	33.06983334613876
2006-05-25	9.645000457763672	10.25	9.40999984741211	10.050000190734863	2.327946901321411	127140	9.947054239914328	10.42475457411949	10.66868873349074	10.993018525517128	11.058789322047875	11.112651054277688	11.265147042677112	11.211204108252653	11.105285220368518	39.8956468844053
2006-05-26	10.28499984741211	10.5	10.0	10.114999771118164	2.343003511428833	133100	10.00303608364894	10.380503887976444	10.615956451360018	10.958586417501483	11.033952754918147	11.092895583324033	11.253702791218814	11.203920358504252	11.099873824470976	40.912079056423664
2006-05-29	10.119999885559082	10.25	9.880000114440918	9.984999656677246	2.3128907680511475	142960	9.997023941325041	10.32400328350513	10.555865328056898	10.920406544527983	11.006348726017071	11.070957050123107	11.24107887943233	11.195821217628325	11.093781615903797	39.47425967259194
2006-05-30	10.0	10.0	9.699999809265137	9.78499984741211	2.2665634155273438	42850	9.926349243354064	10.247002792634698	10.48244956799549	10.87588079169991	10.974207966053783	11.045492551059523	11.226590530855013	11.186446989254796	11.08662980296122	37.30226612519406
2006-05-31	9.875	9.875	9.199999809265137	9.329999923706055	2.1611688137054443	60100	9.727566136804727	10.116002382787748	10.372692459015543	10.815258012562897	10.93093933336042	11.01152240002282	11.207718982525172	11.174111792805967	11.077030732582775	32.8710355497031
2006-06-01	9.899999618530273	10.270000457763672	9.350000381469727	9.630000114440918	2.2306602001190186	2532230	9.695044129350125	10.04657348730963	10.30195985477034	10.76877731067576	10.896704090757275	10.984165523080604	11.192020287320354	11.163851914544404	11.069123461445388	38.09288768147287
2006-06-02	9.800000190734863	10.199999809265137	9.109999656677246	9.835000038146973	2.2781450748443604	365440	9.741696098949074	10.016348708857821	10.2574874912824	10.732158594106004	10.868764510425425	10.9614097709037	11.178517598273853	11.155022333970335	11.062379617602227	41.4448313402033
2006-06-05	10.289999961853027	10.890000343322754	9.100000381469727	9.305000305175781	2.1553781032562256	197050	9.596130834357977	9.914727508331815	10.166774425938913	10.67619160238325	10.827612820813592	10.928609583463542	11.15987563515845	11.14272982879562	11.052776451960552	36.015435901484786
2006-06-06	9.010000228881836	9.104999542236328	7.599999904632568	8.899999618530273	2.061565399169922	146120	9.364087095748742	9.769766381217309	10.046129206185709	10.606537014781173	10.776886157595609	10.888439089108427	11.137389306634786	11.127827966933392	11.0410126441276	32.51057679712023
2006-06-07	8.699999809265137	8.699999809265137	7.755000114440918	8.079999923706055	1.8716232776641846	752410	8.93605803840118	9.528371173001416	9.858878798330505	10.50745712885666	10.705915467230094	10.832826432367787	11.106967521730022	11.107576617808958	11.024832246748247	26.819708268432723
2006-06-08	8.0	8.100000381469727	7.019999980926514	7.309999942779541	1.6932628154754639	375540	8.394038673193966	9.211460997255434	9.616128431135175	10.382066650971282	10.616549269218238	10.7630674919799	11.069186749800167	11.08234355020079	11.004532616671915	22.78616418951994
2006-06-09	7.300000190734863	8.5	7.215000152587891	8.03499984741211	1.8611994981765747	567750	8.274359064600015	9.043395118706387	9.465544756494884	10.290024815537588	10.548613758118076	10.70904635050331	11.038995835348544	11.06209541928525	10.988305661648637	33.00307385898215
2006-06-12	8.0	8.0	7.5	7.800000190734863	1.806765079498291	933580	8.116239439978298	8.865767271853313	9.306921464517739	10.192376791035521	10.476281822134307	10.651441476052451	11.006767022964329	11.040420367932755	10.970883227381348	31.545996408496492
2006-06-13	7.820000171661377	7.820000171661377	6.900000095367432	7.045000076293945	1.6318795680999756	137300	7.759159652083514	8.60565767248769	9.091500379924996	10.068950253202518	10.385984934085878	10.580026794869115	10.967346456330793	11.013872724798944	10.949430313987428	27.3657650998888
2006-06-14	7.75	7.75	6.0	6.625	1.534591794013977	453450	7.3811064347223425	8.32270657641802	8.8565955818369	9.933893380527909	10.287011646346775	10.50170943259448	10.924139028904616	10.984710779783668	10.925799547244328	25.35308860999217
2006-06-15	6.900000095367432	7.099999904632568	6.625	7.005000114440918	1.6226141452789307	404620	7.255737661295201	8.134462796135576	8.680253156370616	9.819034821073517	10.200642921822936	10.432467663918171	10.885142621795524	10.958267519548833	10.904374413731741	30.344687348184753
2006-06-16	7.394999980926514	7.489999771118164	6.315000057220459	6.610000133514404	1.5311174392700195	440270	7.040491818701602	7.916682415761123	8.483086201812881	9.69319032352218	10.106152322130606	10.356775237573542	10.842603890568846	10.929375377448936	10.880907887610334	28.23140128420877
2006-06-19	6.614999771118164	7.059999942779541	6.614999771118164	6.965000152587891	1.6133487224578857	1872270	7.0153279299970315	7.780727806736375	8.338506578077167	9.586202473681618	10.023490422932113	10.289611374504519	10.80402076879789	10.903034013828597	10.859509484686715	32.76347403652307
2006-06-20	6.900000095367432	7.099999904632568	6.800000190734863	6.84499979019165	1.5855518579483032	507560	6.958551883395238	7.647052375801414	8.196267836373785	9.478704329231032	9.939845932596837	10.221401244122086	10.764627525229669	10.876070331279514	10.837572273241387	32.02723189031382
2006-06-21	7.079999923706055	7.199999809265137	6.880000114440918	6.96999979019165	1.6145066022872925	514550	6.962367852327375	7.550330577857163	8.079480403404059	9.380323759072626	9.86169208674407	10.157017056915542	10.726870035328792	10.850116374195874	10.816437997377728	33.698575434631536
2006-06-22	7.09499979019165	7.349999904632568	7.09499979019165	7.15500020980835	1.6573596000671387	554050	7.0265786381543665	7.493854810993047	7.991434670680658	9.2930561689054	9.790463353140497	10.097571178755004	10.691329042040032	10.825564107322867	10.796430140615053	36.19895503776831
2006-06-23	7.050000190734863	7.34499979019165	6.804999828338623	7.15500020980835	1.6573596000671387	251580	7.069385828705694	7.445447010823805	7.911774245835676	9.209210837176103	9.721109059894914	10.039302446696654	10.656141690475538	10.801174978435727	10.776531616402995	36.19895503776831
2006-06-26	7.5	7.699999809265137	7.5	7.505000114440918	1.7384322881698608	476020	7.214590590617435	7.453954597054821	7.873033852369509	9.142379044127665	9.662790403435599	9.98911824209753	10.62478704792793	10.779273484322804	10.758654395080798	41.074788016797754
2006-06-27	7.599999904632568	7.800000190734863	7.364999771118164	7.53000020980835	1.7442231178283691	287690	7.31972713034774	7.464818256019611	7.840363981649398	9.079148501605339	9.606664345708566	9.940422835517547	10.593993149041168	10.75768362867819	10.741011476035593	41.419165703105755
2006-06-28	7.5	7.550000190734863	7.340000152587891	7.465000152587891	1.7291665077209473	132840	7.368151471094457	7.464844241243651	7.804615045548302	9.015848566349753	9.550304761679074	9.891404564568445	10.562858890369991	10.735805333155996	10.723109774814567	40.752293428360254
2006-06-29	7.699999809265137	7.699999809265137	7.409999847412109	7.449999809265137	1.7256923913955688	58210	7.3954342504846835	7.462723608103864	7.770842165902287	8.954442732738592	9.495033578720813	9.843059915948578	10.531885168169943	10.713972738312867	10.705223928008285	40.589876538780615
2006-06-30	7.699999809265137	8.0	7.519999980926514	7.84499979019165	1.8171883821487427	275610	7.5452894303870055	7.517334491259262	7.777904796786988	8.910935166364203	9.451611636917415	9.803494368903886	10.505149990279612	10.694909795135981	10.689594287910927	46.62264606641577
2006-07-03	8.0	9.3100004196167	8.0	8.78499984741211	2.0349271297454834	7788600	7.95852623606204	7.69842954213824	7.873818611132237	8.905996526405296	9.434069221404117	9.783326160557515	10.488034068460035	10.682219363589644	10.67918666801749	57.64504232622739
2006-07-04	8.960000038146973	9.34000015258789	8.609999656677246	9.135000228881836	2.115999698638916	5043740	8.35068423366864	7.9036539259587535	7.993931146156009	8.914977063757318	9.426198984758795	9.77048802329661	10.47457104518065	10.671938837777631	10.670748490754454	60.883954989458566
2006-07-05	9.1899995803833	9.220000267028809	8.755000114440918	8.864999771118164	2.053457736968994	1180860	8.522122746151814	8.040989046695811	8.076890062819071	8.913017169928331	9.411430584399831	9.752557562857433	10.458555410612863	10.659932598132054	10.66088101141218	57.24707513537114
2006-07-06	8.789999961853027	8.789999961853027	8.5	8.6899995803833	2.0129213333129883	418670	8.578081690895642	8.133704837222595	8.135281445444235	8.904271382103035	9.392445557978343	9.731516810729232	10.440957840162818	10.646843342200167	10.650111167526775	54.955693157833984
2006-07-07	8.699999809265137	9.069999694824219	8.5	8.579999923706055	1.9874415397644043	510870	8.578721101832446	8.197461278148804	8.177635586231075	8.891554854322761	9.37106540970802	9.708714496134714	10.422440845969218	10.633110163339742	10.638799084227209	53.50597374850241
2006-07-10	8.640000343322754	8.925000190734863	8.199999809265137	8.295000076293945	1.9214249849319458	656880	8.484147426652946	8.211395392169539	8.188813156713254	8.868160549302024	9.342747900933965	9.680720151187373	10.401272281096828	10.617574548143425	10.625991439375115	49.83765674255618
2006-07-11	8.305000305175781	8.6899995803833	8.239999771118164	8.53499984741211	1.9770175218582153	388510	8.501098233572668	8.257624600061336	8.221783317732193	8.855095423737714	9.321491373209705	9.658032620419545	10.382702406134792	10.603736842490726	10.614565255812476	52.77393513817019
2006-07-12	8.21500015258789	8.460000038146973	8.005000114440918	8.359999656677246	1.9364815950393677	179380	8.454065374607527	8.272249608149323	8.234946778584103	8.835679903460832	9.296188959616746	9.632328997375144	10.3625760106178	10.588828289761068	10.602245225216109	50.45475800954906
2006-07-13	8.425000190734863	8.489999771118164	8.100000381469727	8.319999694824219	1.927215814590454	154280	8.409376814679758	8.27907104910288	8.243047056321256	8.815457150180965	9.270499768437995	9.606342278512749	10.342251868172093	10.573753016705009	10.589773938164788	49.91481288214658
2006-07-14	8.300000190734863	8.5	8.100000381469727	8.329999923706055	1.9295324087142944	89090	8.382917851021856	8.28634660261762	8.251328281786474	8.796419611887831	9.245749772523997	9.581068172476973	10.322229460764472	10.558844358279767	10.577425446282499	50.05870676419216
2006-07-17	8.369999885559082	8.494999885559082	8.104999542236328	8.175000190734863	1.8936289548873901	169130	8.313611964259525	8.270439972348655	8.244058939781558	8.772050222823008	9.217572151950598	9.553225242145446	10.300863995391044	10.543004862149902	10.564297439421583	47.76796838173984
2006-07-18	8.109999656677246	8.199999809265137	7.909999847412109	7.960000038146973	1.8438267707824707	78990	8.195741322222007	8.226091410319842	8.217005711054455	8.740205117541596	9.184478148955765	9.521676228204882	10.277571816711998	10.525842039399052	10.550066306081286	44.71158101785366
2006-07-19	8.024999618530273	8.125	7.5	7.554999828338623	1.7500139474868774	132810	7.9821608242608795	8.130221184322526	8.153957531748185	8.693726478749323	9.141597140518472	9.482732141078817	10.250481548170969	10.506102224043168	10.533699822596354	39.574795132836314
2006-07-20	7.65500020980835	7.699999809265137	7.420000076293945	7.449999809265137	1.7256923913955688	172340	7.804773819262299	8.03304670217147	8.086913939130753	8.64495288386759	9.097081421274964	9.442480015696367	10.222616058231607	10.485795895705772	10.516849002851375	38.344818293104616
2006-07-21	7.695000171661377	7.695000171661377	7.300000190734863	7.380000114440918	1.7094776630401611	121210	7.663182584321839	7.939754332495677	8.019588812969817	8.595346892909681	9.051895071095121	9.401638829532892	10.194331322472495	10.465159378886737	10.499707752095034	37.50788228186761
2006-07-24	7.400000095367432	7.400000095367432	7.050000190734863	7.085000038146973	1.641144871711731	454020	7.4704550689302165	7.817646576160148	7.930580358224784	8.536117604487615	9.000134675491223	9.355764794059905	10.163392702727963	10.442699848383482	10.481048147100783	34.127252865324564
2006-07-25	7.300000190734863	7.489999771118164	7.059999942779541	7.09499979019165	1.643460988998413	199370	7.345303309350695	7.7144113210217915	7.851001256507343	8.479603180397577	8.949999546930709	9.31099717022093	10.132861429966407	10.420455994176228	10.46254515061494	34.34327885268817
2006-07-26	7.150000095367432	7.300000190734863	7.099999904632568	7.150000095367432	1.6562012434005737	179430	7.28020223802294	7.633781145928311	7.784239241160685	8.427461882945414	8.902631140310623	9.268205148936701	10.10318121768184	10.398725390197432	10.444443811515226	35.59435772542642
2006-07-27	7.300000190734863	7.5	7.099999904632568	7.119999885559082	1.64925217628479	187260	7.226801453868321	7.560383823018421	7.720978350151008	8.376188863440067	8.855719791501372	9.225666430850016	10.07349782134231	10.376939838671596	10.4262774512641	35.200357518260915
2006-07-28	7.195000171661377	7.199999809265137	7.010000228881836	7.054999828338623	1.6341955661773682	103890	7.169534245358421	7.4881861094927356	7.6575518242641145	8.324377528730206	8.80833242404972	9.182682933770582	10.043463015441775	10.354867147573039	10.407855169171611	34.31409582268785
2006-07-31	7.150000095367432	7.389999866485596	7.050000190734863	7.110000133514404	1.6469358205795288	3027030	7.149689541410416	7.4341595414958315	7.6054040441927135	8.276754885780568	8.763639469035633	9.141639710003133	10.014274330049464	10.333306569406536	10.389834103402993	35.78732964070715
2006-08-01	7.300000190734863	7.699999809265137	7.0	7.494999885559082	1.73611581325531	502040	7.264792989459971	7.442851019219153	7.5948893624180815	8.246097826948352	8.730254216838881	9.109032980806221	9.9892069226416	10.314447388782966	10.374015337185266	45.07395378902549
2006-08-02	7.494999885559082	7.699999809265137	7.300000190734863	7.449999809265137	1.7256923913955688	243960	7.326528596061693	7.4438722749400075	7.5810903573558965	8.214878296843128	8.696563311376414	9.076180838795507	9.963941180219944	10.295414514500456	10.358037110256742	44.26808313965485
2006-08-03	7.440000057220459	7.5	7.349999904632568	7.375	1.7083194255828857	190450	7.342685730707795	7.434033378520007	7.5614627042743825	8.181941893045359	8.661785329498088	9.042494089512427	9.938180571461537	10.276009766895802	10.341736361020367	42.89168405853802
2006-08-04	7.400000095367432	7.525000095367432	7.329999923706055	7.364999771118164	1.706003189086914	59850	7.350123744177918	7.424171434605458	7.542751948735695	8.14990494708743	8.627659393751248	9.009276380237294	9.912576782403393	10.256667507787645	10.325470040856967	42.701038558142734
2006-08-07	7.364999771118164	7.429999828338623	7.25	7.329999923706055	1.6978962421417236	60280	7.343415804020631	7.410718361619828	7.522489851113825	8.117751808915612	8.593510460329005	8.976023381098061	9.8868795002273	10.2372212115479	10.309101351692208	41.9974523758606
2006-08-08	7.340000152587891	7.539999961853027	7.340000152587891	7.440000057220459	1.7233755588531494	90650	7.37561055508724	7.414901460991347	7.514633680266837	8.091173308849136	8.563154923405095	8.945607077654941	9.862532441092904	10.218635024475958	10.293423202542089	45.061312192593334
2006-08-09	7.449999809265137	7.699999809265137	7.400000095367432	7.574999809265137	1.7546467781066895	171780	7.442073639813206	7.437772653601888	7.520382835409532	8.070931210826235	8.537150841454045	8.918466339667024	9.839770922368249	10.201069341982864	10.278568429901231	48.64653395932476
2006-08-10	7.695000171661377	7.824999809265137	7.599999904632568	7.775000095367432	1.8009743690490723	207460	7.553049124997948	7.485948002425537	7.544632098262666	8.059326069043536	8.517094242872819	8.8958234437403	9.819225939015007	10.184949280543558	10.264887728619625	53.489092556029505
2006-08-11	7.949999809265137	8.25	7.875	8.175000190734863	1.8936289548873901	2838660	7.760366146910253	7.584384029326869	7.604667154688589	8.063862309109862	8.508091767816557	8.881549715958014	9.80286548380824	10.171594137089679	10.25346757813938	61.34092079019655
2006-08-14	8.125	9.34000015258789	8.125	9.199999809265137	2.131056070327759	1378150	8.240244034361881	7.815186283603764	7.756603597981593	8.108416720880657	8.526299874170467	8.88785565839974	9.79686682037995	10.165138360825065	10.247710923664657	73.62720252009535
2006-08-16	9.199999809265137	9.875	9.199999809265137	9.395000457763672	2.176225185394287	1013590	8.625162842162478	8.040874022769465	7.912641394151315	8.158870985072147	8.549160415843973	8.897898129674273	9.79286815010516	10.160021165455886	10.243051303632411	75.23943110860432
2006-08-17	9.395000457763672	9.545000076293945	9.0	9.085000038146973	2.1044178009033203	571640	8.778441907490643	8.190034882109108	8.024294598341378	8.195189771467238	8.563261458536157	8.90160311796086	9.785824686304581	10.152878167932238	10.236723154640687	68.11093124329058
2006-08-18	9.100000381469727	9.385000228881836	8.875	8.914999961853027	2.06503963470459	230780	8.823961258944772	8.293601322072526	8.109123680580582	8.223417622070603	8.572517734939233	8.901868401998328	9.777159763673222	10.144653063572909	10.229500623532559	64.50185257329463
2006-08-21	9.0	9.180000305175781	8.699999809265137	8.835000038146973	2.0465087890625	216260	8.827640852012172	8.370943995797447	8.178254762253571	8.24740124623046	8.579425163971015	8.90054427598147	9.767785040036145	10.13595105011493	10.221880401754495	62.815034395634974
2006-08-22	9.085000038146973	9.229999542236328	8.619999885559082	9.020000457763672	2.0893619060516357	500260	8.891760720596006	8.463666347506907	8.25842101896882	8.27769925452588	8.591019250649769	8.902909744927653	9.760344397426469	10.128536096012928	10.215312751787332	65.08871640366345
2006-08-23	9.149999618530273	9.170000076293945	8.75	8.845000267028809	2.048825740814209	312980	8.876173902740273	8.518142621724321	8.314285709260247	8.299946353055406	8.597702961607112	8.901763022593023	9.751236495631467	10.12000761874393	10.207824705422532	61.272124108787416
2006-08-24	8.699999809265137	9.425000190734863	8.699999809265137	9.170000076293945	2.1241071224212646	2923910	8.974115960591497	8.611265115234268	8.395782315644409	8.334066106907898	8.612763411993608	8.907074647418785	9.745453048672884	10.11369527626918	10.202153532585763	65.33715235681841
2006-08-25	9.199999809265137	9.289999961853027	8.805000305175781	8.904999732971191	2.0627236366271973	143480	8.951077218051395	8.6532272034824	8.444279212532674	8.356455660871164	8.620453841493019	8.907033560003981	9.737090329113663	10.105664076645937	10.195065260456722	59.823263532863834
2006-08-28	9.180000305175781	9.180000305175781	8.850000381469727	9.015000343322754	2.0882036685943604	129390	8.972384926475181	8.70490908060245	8.498633605941253	8.382280942535933	8.63083664417275	8.909171516109303	9.729905354130668	10.0984171415408	10.188616818286592	61.283837153065456
2006-08-29	9.095000267028809	9.100000381469727	8.800000190734863	8.84000015258789	2.0476670265197754	113650	8.92825666851275	8.7242078051718	8.531144705621886	8.400230715479147	8.63634094702578	8.907801786138583	9.721050576005865	10.090055566863372	10.181247328310096	57.690630524448906
2006-08-30	8.824999809265137	8.949999809265137	8.71500015258789	8.864999771118164	2.053457736968994	69890	8.907171036047888	8.744320943164137	8.56294042614534	8.418456952955186	8.642358284501894	8.906954221484714	9.712532657549271	10.081915661243801	10.174054718707955	58.06885748387124
2006-08-31	8.899999618530273	8.949999809265137	8.75	8.779999732971191	2.033768892288208	66790	8.86478060168899	8.749417913136574	8.583612741081136	8.432635101191108	8.645980427882664	8.90444027121712	9.703253722976354	10.073265057069232	10.16643693190065	56.228333166220935
2006-09-01	8.670000076293945	8.84000015258789	8.555000305175781	8.649999618530273	2.0036556720733643	188660	8.793186940636085	8.735215299621387	8.589935300838198	8.441159199910292	8.6460861960576	8.899401842451043	9.692773582633608	10.063808143856349	10.158150389204637	53.43860010895492
2006-09-04	8.460000038146973	8.835000038146973	8.460000038146973	8.755000114440918	2.0279781818389893	133870	8.780457998571029	8.738041701738464	8.605655759276551	8.45346668675463	8.64895235180453	8.896542402292427	9.68344250334811	10.055111744989802	10.150482901364398	55.364867473616464
2006-09-05	8.625	8.829999923706055	8.625	8.770000457763672	2.0314524173736572	107630	8.776972151635244	8.742607238313493	8.621307635322944	8.465879775813809	8.652137828277139	8.89403662121265	9.674353527770155	10.046572799559728	10.142939281454012	55.6471646009025
2006-09-06	8.744999885559082	8.864999771118164	8.729999542236328	8.770000457763672	2.0314524173736572	71340	8.774648253678054	8.746520555377804	8.635468856507776	8.477806077066745	8.65523947642152	8.891580459560194	9.66535498976014	10.038090591308592	10.13543688351035	55.6471646009025
2006-09-07	8.65999984741211	9.494999885559082	8.649999618530273	9.055000305175781	2.0974690914154053	1344730	8.868098937510629	8.79058909106323	8.675424232571396	8.500441144835728	8.665759498230843	8.894816496107037	9.659281808819001	10.031558429938938	10.129532858492128	61.07219681120194
2006-09-08	9.140000343322754	9.5	9.140000343322754	9.369999885559082	2.1704342365264893	502600	9.03539925352678	8.873362061705494	8.7415742947607	8.534541487609193	8.684292140002638	8.904226068175394	9.656403381721887	10.027162692102527	10.125382405088123	66.01942245928876
2006-09-11	9.300000190734863	9.970000267028809	9.300000190734863	9.489999771118164	2.198230504989624	1330060	9.186932759390574	8.96145316305016	8.812852911556648	8.572010439903663	8.705494972400414	8.915825547441587	9.654747624402447	10.023593503258777	10.121910368836922	67.70331845720902
2006-09-12	9.59000015258789	9.600000381469727	9.149999618530273	9.399999618530273	2.1773838996887207	186770	9.257955045770474	9.024102656690177	8.868771645554137	8.604480603771373	8.723771410456463	8.92541315280968	9.652212818373867	10.019450022297125	10.117965501348907	65.0977782885351
2006-09-13	9.579999923706055	9.800000190734863	9.350000381469727	9.444999694824219	2.1878068447113037	1643430	9.320303262121723	9.08423080499504	8.923650507389382	8.637442136753837	8.74275110215035	8.93570199522581	9.650150996248994	10.01563307659963	10.114288092570083	65.8063566442967
2006-09-14	9.5	9.5	9.300000190734863	9.380000114440918	2.17275071144104	150400	9.340202212894788	9.126483563487307	8.967112374727623	8.666562057447448	8.759520813000103	8.944499977784524	9.647462927773292	10.011409601768012	10.110275589957356	63.79179024635396
2006-09-15	9.335000038146973	9.5	9.319999694824219	9.404999732971191	2.178541660308838	151630	9.361801386253589	9.16627158769929	9.008815932655581	8.695520397664065	8.776507100367763	8.953618784817923	9.645050358670783	10.007380300314212	10.106421623525737	64.24516365659781
2006-09-18	9.354999542236328	9.699999809265137	9.170000076293945	9.460000038146973	2.191281318664551	328200	9.39453427021805	9.208232794906102	9.051785847464286	8.725499991408492	8.79449375662511	8.963646136368993	9.643209061949154	10.003743222160278	10.102889265135689	65.27532116374259
2006-09-19	9.59000015258789	9.770000457763672	9.354999542236328	9.430000305175781	2.1843326091766357	141320	9.406356281870627	9.239913867801771	9.087806272008239	8.753127454693484	8.811217613165917	8.97288087238497	9.641087581782255	9.9999309768647	10.099212276283449	64.18897987999664
2006-09-20	9.399999618530273	9.4399995803833	9.210000038146973	9.289999961853027	2.1519036293029785	129340	9.36757084186476	9.247069024094808	9.107062813898219	8.774181278503661	8.823817148657684	8.97916045831503	9.63759417262873	9.995213827263294	10.094790351067982	59.23460190914421
2006-09-21	9.430000305175781	9.699999809265137	8.800000190734863	8.975000381469727	2.0789380073547363	3295580	9.236714021733082	9.208202075148368	9.09448543938122	8.782056537443507	8.827795654784316	8.979078080555718	9.631001199582373	9.988435000380944	10.08867128019586	49.90182926467608
2006-09-22	9.149999618530273	9.300000190734863	9.0	9.239999771118164	2.140321969985962	380220	9.237809271528109	9.212744603144053	9.108343947165691	8.800015095626827	8.838643131529944	8.984244846705469	9.627110638105117	9.98346200882438	10.084033730965926	56.159721728548305
2006-09-25	9.364999771118164	9.5	9.125	9.319999694824219	2.1588525772094727	214950	9.26520607929348	9.228066759098363	9.128501637418884	8.82040664853653	8.851310409511372	8.990893457559306	9.624054807823715	9.979053621355941	10.079858681588103	57.87060671307999
2006-09-26	9.399999618530273	9.399999618530273	9.100000381469727	9.130000114440918	2.1148414611816406	93230	9.220137424342626	9.214057238433014	9.12864434951622	8.832547568768074	8.858644349114781	8.993648044824289	9.619138840725379	9.973412069814978	10.07466819761462	52.618497944912136
2006-09-27	9.210000038146973	9.420000076293945	9.199999809265137	9.380000114440918	2.17275071144104	166820	9.273424987708724	9.237763363577	9.152582993794763	8.854016296049362	8.872364237675995	9.0012985808563	9.616759350911602	9.96946913323442	10.070872197160119	58.01752786932292
2006-09-28	7.650000095367432	10.0	7.650000095367432	9.869999885559082	2.286252498626709	1347570	9.472283286992177	9.328082866717297	9.220908412058032	8.893858789755626	8.898617807357128	9.018500586890019	9.619279157226503	9.968808208000697	10.069774534255195	66.15730331035921
2006-09-29	10.0	10.0	9.5	9.635000228881836	2.2318179607391357	433260	9.526522267622063	9.371928204169373	9.260345727946014	8.922923159917438	8.917996292134095	9.030708500592826	9.619435585800188	9.96659021478396	10.067398718378838	60.1354393808302
2006-10-03	9.5	9.800000190734863	9.329999923706055	9.414999961853027	2.1808578968048096	111820	9.48934816569905	9.378081312409895	9.275074702603824	8.942220289405109	8.931075336074066	9.03831823249897	9.617401400487282	9.962925163269468	10.063833697851374	55.080758744767834
2006-10-04	9.6850004196167	9.789999961853027	9.399999618530273	9.494999885559082	2.1993892192840576	323700	9.491232072319061	9.394783965716922	9.296019958123372	8.963897920626833	8.945915455797357	9.047361433549664	9.616183474965608	9.959816025211591	10.060725316363438	56.51222613115545
2006-10-05	9.600000381469727	9.649999618530273	9.449999809265137	9.510000228881836	2.2028636932373047	108070	9.497488124506653	9.411243431883339	9.31639903152894	8.985313697421146	8.960759791931158	9.056522597813668	9.615126925253332	9.956827215933652	10.057715889655888	56.79027864214225
2006-10-06	9.600000381469727	9.65999984741211	9.449999809265137	9.569999694824219	2.216761589050293	104400	9.521658647945841	9.43392289801775	9.3405514756523	9.008242560064405	8.97679242095466	9.066690461120809	9.614677898084883	9.954256933401364	10.055050773837136	57.94844922515961
2006-10-09	9.595000267028809	9.800000190734863	9.5	9.734999656677246	2.254981756210327	179200	9.592772317522977	9.476933863540536	9.378117969083247	9.036742838362947	8.996745242947359	9.079924306577372	9.615875129513663	9.952800074419809	10.053301860628613	61.041020904314806
2006-10-10	9.699999809265137	9.899999618530273	9.604999542236328	9.675000190734863	2.2410831451416016	245740	9.620181608593606	9.505229053139725	9.406392466383402	9.061772538455964	9.01459405736282	9.091707987451777	9.61646343858054	9.950954228016586	10.051234638388756	59.332276924585784
2006-10-11	9.800000190734863	9.800000190734863	9.5	9.515000343322754	2.204021692276001	126840	9.585121186836655	9.506624951737301	9.41673607371096	9.079546177862504	9.027762643835448	9.100090014300706	9.61545385554315	9.948057524463803	10.048304396339216	54.9173676051684
2006-10-12	9.890000343322754	9.890000343322754	9.40999984741211	9.484999656677246	2.1970725059509277	70310	9.551747343450186	9.50353562387158	9.423237367326797	9.095446314286612	9.039795196804969	9.107711987417073	9.61415580381314	9.944980728000104	10.045226228362921	54.10442503063053
2006-10-13	9.40999984741211	9.704999923706055	9.3100004196167	9.414999961853027	2.1808578968048096	101360	9.5061648829178	9.490887672154644	9.422452852519772	9.107977829877452	9.049669006411497	9.113796897801944	9.612174153644384	9.941459261115405	10.041782368983085	52.16411281656049
2006-10-16	9.40999984741211	9.550000190734863	9.199999809265137	9.234999656677246	2.139163017272949	76310	9.415776474170949	9.454332241372159	9.404600167201437	9.112959077987249	9.054546128786912	9.116196952433137	9.60842117357506	9.936765177364986	10.03737372028196	47.451610601335744
2006-10-17	9.21500015258789	9.390000343322754	9.010000228881836	9.114999771118164	2.1113667488098145	77930	9.315517573153354	9.405856174193017	9.377019177098267	9.113039105168854	9.05613701411142	9.116173245872444	9.603511507878972	9.931304942107532	10.032333425477788	44.56139154585062
2006-10-18	9.5	9.5	9.100000381469727	9.1850004196167	2.127581834793091	81940	9.272011855307802	9.374305352110687	9.358731676385737	9.115861117500142	9.059528156361559	9.117536160204013	9.599347218443526	9.926346108071048	10.027703190473082	46.60449526014192
2006-10-19	9.390000343322754	9.390000343322754	9.119999885559082	9.210000038146973	2.1333725452423096	60010	9.251341249587526	9.350833164401585	9.344566758458235	9.119552839878448	9.063487942724333	9.119367128084072	9.595473117147042	9.921586333520057	10.023234867236328	47.35074861203905
2006-10-20	9.210000038146973	9.289999961853027	9.050000190734863	9.130000114440918	2.1148414611816406	74730	9.210894204538656	9.319285585835775	9.324131839980396	9.119962536920113	9.065238263032663	9.119577682269355	9.590841544980812	9.916326624423187	10.018353803013403	45.17494303019294
2006-10-23	9.119999885559082	9.550000190734863	9.069999694824219	9.5	2.200546979904175	154760	9.30726280302577	9.345101930716378	9.340881188553691	9.134865966844814	9.076679361373909	9.127110797471943	9.589937649010853	9.913560334559909	10.015521268570707	55.38581634590849
2006-10-26	9.324999809265137	9.489999771118164	9.1850004196167	9.255000114440918	2.14379620552063	78500	9.28984190683082	9.332230242677026	9.332702038638189	9.139577109887798	9.081372012770409	9.1296432591941	9.586604937224088	9.909184519143835	10.01136541526945	48.892388414696455
2006-10-27	9.25	9.444999694824219	9.225000381469727	9.350000381469727	2.165801525115967	105960	9.309894731710456	9.334768833933126	9.33434949986024	9.14782900289101	9.08844118036776	9.134006766565895	9.584250663037478	9.90546900992341	10.00775139869131	51.27770919143969
2006-10-30	7.489999771118164	9.5	7.489999771118164	9.1850004196167	2.127581834793091	142630	9.26826329434587	9.313373346173636	9.320125777932283	9.149286705507704	9.090982212979574	9.135016541873831	9.58027802379946	9.900681843210409	10.00325549170183	47.160671117538904
2006-10-31	9.149999618530273	9.345000267028809	9.0	9.09000015258789	2.105576276779175	89790	9.20884224709321	9.2814628899471	9.298209051709007	9.146961742648104	9.090956369285056	9.134125128224605	9.575399637021235	9.895295253903948	9.998265025367875	44.924204944872784
2006-11-01	9.270000457763672	9.279999732971191	8.404999732971191	8.875	2.055774211883545	185040	9.09756149806214	9.2233967628118	9.25790342773672	9.136296576269746	9.085273306935449	9.128993937566692	9.568430486404107	9.888515883446114	9.992126965119963	40.26983564195458
2006-11-02	9.149999618530273	9.180000305175781	8.725000381469727	8.824999809265137	2.044192314147949	185940	9.006707601796473	9.166482912305135	9.216674511691807	9.124088859916624	9.078424004365177	9.12297425185775	9.561033166233571	9.881449331458201	9.9857492210989	39.25135524955991
2006-11-03	9.100000381469727	9.199999809265137	8.904999732971191	8.954999923706055	2.074305295944214	139180	8.989471709099666	9.13627105679098	9.191753122359831	9.1174579212417	9.075176002242568	9.119648027537915	9.555002984715884	9.875293521439914	9.98011671127708	43.26881407675101
2006-11-06	9.385000228881836	9.385000228881836	9.050000190734863	9.114999771118164	2.1113667488098145	274300	9.031314396439166	9.133232301694862	9.184443279384434	9.117361523197639	9.076223996160346	9.119555982856335	9.550624843287052	9.870241735723491	9.975389296303534	47.8408135054122
2006-11-07	9.100000381469727	9.34000015258789	8.914999961853027	8.970000267028809	2.07778000831604	135840	9.01087635330238	9.109913439599712	9.164020135350565	9.111582650406705	9.07342863486741	9.116594483533017	9.544847484319307	9.864260064835154	9.969895367181815	44.352361998146264
2006-11-08	9.25	9.399999618530273	8.609999656677246	8.744999885559082	2.0256612300872803	433840	8.922250864054615	9.057782931879622	9.124113444894233	9.097206855706798	9.064785773043507	9.109236174662247	9.53688880174458	9.856823120122357	9.96320194924945	39.534920741285895
2006-11-09	8.989999771118164	9.1899995803833	8.800000190734863	9.085000038146973	2.1044178009033203	186080	8.976500588752067	9.061671089917814	9.120388358537351	9.096728156978962	9.065317727388335	9.108756251166895	9.532392396136643	9.851694727551092	9.958403031702442	48.61725563426692
2006-11-10	9.100000381469727	9.244999885559082	8.90999984741211	8.989999771118164	2.0824127197265625	477940	8.981000316207433	9.051432330089293	9.107970397830762	9.09254273008246	9.06333567590754	9.106404637700583	9.526995454594172	9.845969179667817	9.953111210606354	46.51485743101267
2006-11-13	9.050000190734863	9.229999542236328	9.0	9.055000305175781	2.0974690914154053	327340	9.005666979196883	9.051942040815934	9.102925627101715	9.091070478125335	9.063116324046177	9.105386730125835	9.52229898544573	9.840713572528335	9.948203500740613	48.166484470266994
2006-11-14	9.09000015258789	9.170000076293945	8.96500015258789	9.029999732971191	2.0916779041290283	135860	9.013777897121653	9.048807425409542	9.095980303851189	9.08867554694282	9.062244834807363	9.10389391830099	9.517400485421108	9.83532676960769	9.94318599381291	47.55817896005234
2006-11-15	9.100000381469727	9.350000381469727	9.024999618530273	9.279999732971191	2.1495866775512695	559970	9.1025185090715	9.08183489791835	9.113505963767379	9.096178456198835	9.067975226864306	9.107381162155846	9.515038288879317	9.831636888965587	9.939562025174432	53.83658593931049
2006-11-16	9.260000228881836	9.545000076293945	9.149999618530273	9.225000381469727	2.1368472576141357	219710	9.14334579987091	9.102287109854261	9.12412447973903	9.101230296405538	9.072107467774975	9.109710255607606	9.512152339551859	9.82760608160681	9.935657316738887	52.35166130727749
2006-11-17	9.204999923706055	9.25	8.90999984741211	8.994999885559082	2.0835704803466797	154370	9.093897161766966	9.086960363526378	9.11182689934094	9.09706439794097	9.070078320874558	9.107438763131398	9.507006543989743	9.822073814523437	9.93051711219692	46.56720009172486
2006-11-20	8.899999618530273	8.920000076293945	8.664999961853027	8.71500015258789	2.018712282180786	110010	8.967598158707274	9.033823190535166	9.07403387584065	9.082081486358497	9.060734158551224	9.099667701536477	9.49912588337878	9.814717843347784	9.92387494301873	40.675046824518915
2006-11-21	8.800000190734863	9.050000190734863	8.729999542236328	8.979999542236328	2.0800960063934326	80420	8.971731953216958	9.026134097921046	9.06507822502119	9.07807827286351	9.058609563385042	9.097298035015681	9.493960447148506	9.809171542343721	9.918717153943415	47.45182798979488
2006-11-22	9.125	9.125	8.949999809265137	8.975000381469727	2.0789380073547363	107310	8.972821429301215	9.018829281285143	9.056499382778194	9.074036002612772	9.056409321755693	9.0948762993019	9.488796665400459	9.803628876822964	9.91356023168946	47.34196049815401
2006-11-23	9.0	9.199999809265137	8.84000015258789	8.880000114440918	2.0569324493408203	99850	8.941880991014449	8.99899654316454	9.039689928650834	9.066426752096229	9.051766974194777	9.090621325344257	9.482738988276484	9.79749180863438	9.9079123621963	45.20020885147123
2006-11-24	8.850000381469727	10.470000267028809	8.850000381469727	9.864999771118164	2.2850942611694336	1748170	9.24958725104902	9.122711290015056	9.118290866028675	9.09774334107748	9.073167837271708	9.105955551993246	9.486542578155506	9.797940366524637	9.907677867163086	63.591763749903265
2006-11-27	9.75	9.800000190734863	9.425000190734863	9.484999656677246	2.1970725059509277	364740	9.328058052925096	9.174466770966797	9.153215512757109	9.112929863257863	9.084005516729748	9.113461375848374	9.486527225702986	9.795861026259871	9.905368150165895	55.80990789547341
2006-11-28	9.180000305175781	9.449999809265137	9.100000381469727	9.3149995803833	2.157693862915039	112770	9.323705228744497	9.194542886597725	9.168623519197698	9.120854165890233	9.090084307878525	9.11745223138372	9.484820482963487	9.79266593359624	9.90214209240752	52.70273420725551
2006-11-29	9.3149995803833	9.5	9.199999809265137	9.239999771118164	2.140321969985962	144780	9.29580340953572	9.201036727243503	9.175421257475838	9.125526542565838	9.09402945164799	9.119878915338857	9.482384455979952	9.788993733181103	9.898523828356758	51.34459379169435
2006-11-30	9.404999732971191	9.550000190734863	9.199999809265137	9.25	2.1426379680633545	122060	9.280535606357146	9.208031480494432	9.18252399485909	9.13040785462208	9.098133939762516	9.122455570480662	9.480072172835873	9.785412379472259	9.894979982300164	51.523973373064855
2006-12-01	9.5	9.800000190734863	9.210000038146973	9.255000114440918	2.14379620552063	325540	9.272023775718404	9.21474128534393	9.189426482438313	9.135293825595367	9.102261996990894	9.125080214915519	9.47783264986677	9.78188804548534	9.8914828245523	51.62001562066636
2006-12-04	9.300000190734863	9.699999809265137	9.265000343322754	9.414999961853027	2.1808578968048096	369950	9.319682504429945	9.243349667702372	9.210909670953999	9.146262693683903	9.110491943434635	9.13082120000339	9.477207448991011	9.77945025090971	9.88887909306214	54.71203637326914
2006-12-05	9.274999618530273	9.5	9.149999618530273	9.1850004196167	2.127581834793091	142360	9.274788476158863	9.23501406083299	9.20844212320759	9.147781820191073	9.112452692807848	9.131894055837318	9.47429991636042	9.775500418143643	9.885032761513258	49.78622310940211
2006-12-06	9.149999618530273	9.300000190734863	9.0	9.125	2.1136832237243652	193000	9.224858984105909	9.219297766428276	9.200495254330676	9.146888415477697	9.112782885102378	9.131757539880143	9.470824295302108	9.771178156229068	9.880879577024116	48.558025955417186
2006-12-07	9.010000228881836	9.199999809265137	9.0	9.09000015258789	2.105576276779175	180740	9.17990604026657	9.200826678736792	9.189971911307554	9.144657503207508	9.112183339509892	9.13093066092386	9.467035000349728	9.7666520565371	9.876557831535393	47.81699267795095
2006-12-08	9.0600004196167	9.135000228881836	8.949999809265137	8.989999771118164	2.0824127197265625	67310	9.116603950550434	9.170708549076988	9.17092694557523	9.138592494105966	9.108967982446952	9.128139950234639	9.462288381153394	9.761491576235311	9.871713251970272	45.67237220905396
2006-12-11	9.09000015258789	9.09000015258789	8.699999809265137	8.755000114440918	2.0279781818389893	193540	8.996069338513928	9.111321629843264	9.131314866419581	9.123549655687729	9.099653038552056	9.12075104259516	9.45525068695725	9.754803925326378	9.865610994388144	41.01673116211299
2006-12-12	8.75	8.789999961853027	8.414999961853027	8.505000114440918	1.9700686931610107	130370	8.832379597156258	9.024704270500072	9.071665842421613	9.099292810932951	9.084004277391236	9.108557954908937	9.445795457379973	9.746499581068003	9.858175962257285	36.72754157924716
2006-12-13	8.425000190734863	8.949999809265137	8.210000038146973	8.789999961853027	2.0360851287841797	168230	8.818253052055182	8.991175083550495	9.0448405204627	9.087163679596484	9.076267321719177	9.102249875838522	9.439270129066271	9.74014410187056	9.852338934932671	43.92637510604883
2006-12-14	9.039999961853027	9.039999961853027	8.800000190734863	9.0	2.084728956222534	73030	8.878835368036787	8.992435785900424	9.040569994704347	9.083745496082896	9.074260286937093	9.100225125821918	9.434899282010885	9.735226200861455	9.847681345124297	48.56966897584296
2006-12-15	9.100000381469727	9.100000381469727	8.71500015258789	8.795000076293945	2.037243127822876	61470	8.850890270789174	8.96423068452807	9.017182383427166	9.07242214628725	9.066911334025432	9.094181065435226	9.428532125735096	9.728978851196555	9.841928988464021	44.680106535851664
2006-12-18	8.779999732971191	8.899999618530273	8.699999809265137	8.755000114440918	2.0279781818389893	152810	8.818926885339755	8.93434060308705	8.992212643523713	9.059974223469746	9.058703144036366	9.08746461096009	9.421830314677443	9.722507231683228	9.835989486420178	43.94068350508052
2006-12-19	8.800000190734863	8.899999618530273	8.5	8.555000305175781	1.981650948524475	55520	8.73095135861843	8.880149131956868	8.950573373204863	9.04017132471312	9.045447806171614	9.076920763320796	9.413205140453545	9.714749710576866	9.828989545539061	40.34544298798069
2006-12-20	8.699999809265137	8.899999618530273	8.425000190734863	8.5600004196167	1.9828088283538818	134710	8.67396771228452	8.834413601622558	8.91337594905361	9.02134109314071	9.032672874946485	9.066684716910814	9.404715541241238	9.707076957813012	9.822055178730743	40.47656758136215
2006-12-21	8.649999618530273	8.779999732971191	8.5	8.664999961853027	2.0071303844451904	96270	8.67097846214069	8.810211653084053	8.889721093129744	9.007366931129429	9.022997271970342	9.058730563345312	9.397355187217475	9.700152858172082	9.815732472627586	43.29528689683203
2006-12-22	8.699999809265137	8.729999542236328	8.550000190734863	8.600000381469727	1.9920743703842163	41670	8.647319101917036	8.780181471424864	8.862128644400219	8.991391772319245	9.011865774851904	9.049646797367577	9.389421308553318	9.69284287493818	9.80908912786716	41.97029353652848
2006-12-26	8.6899995803833	8.795000076293945	8.635000228881836	8.6899995803833	2.0129213333129883	68030	8.661545928072458	8.767298344133213	8.845735400208131	8.979572470674698	9.003395611839572	9.042525070298582	9.382461888372521	9.68617946434313	9.802973884438288	44.50283549158046
2006-12-27	8.65999984741211	8.850000381469727	8.645000457763672	8.824999809265137	2.044192314147949	130290	8.716030555136685	8.775541410580631	8.843760582023084	8.973510797678244	8.998700985456034	9.03821763938703	9.376915002013243	9.680457340389124	9.797629763808926	48.15769841765903
2006-12-28	8.725000381469727	8.84000015258789	8.505000114440918	8.579999923706055	1.9874415397644043	119750	8.670687011326475	8.747606912455693	8.818640519326223	8.958078998698943	8.987682536462614	9.029144021254734	9.368985498746506	9.673145330975947	9.790976048835686	42.66609400775832
2006-12-29	8.779999732971191	8.789999961853027	8.5600004196167	8.600000381469727	1.9920743703842163	148370	8.647124801374225	8.726520265171983	8.797817649054176	8.944036699984071	8.977480374489117	9.020646127397605	9.361333905539771	9.666014799749991	9.784467985079589	43.235171734956715
2007-01-02	8.5649995803833	9.199999809265137	8.5649995803833	8.949999809265137	2.0731468200683594	134310	8.748083137337863	8.758445914328147	8.812311188121887	8.944270547406859	8.976757201720066	9.019247190404883	9.357241028959924	9.661257225062384	9.779908049692624	52.18016839462407
2007-01-03	8.850000381469727	9.199999809265137	8.760000228881836	9.125	2.1136832237243652	154370	8.873722091558575	8.81081078370984	8.842091074967422	8.951357976920315	8.98065832799059	9.02134130544637	9.354930172950374	9.657694054131737	9.776329317180643	55.92036725045283
2007-01-04	9.149999618530273	9.640000343322754	8.850000381469727	9.484999656677246	2.1970725059509277	1111260	9.077481279931465	8.90712347984804	8.903320463701691	8.972285101616665	8.993930468219185	9.030522658936091	9.356224396669049	9.656546583052306	9.7747373518227	62.43025047494013
2007-01-05	9.100000381469727	9.6899995803833	9.100000381469727	9.579999923706055	2.2190775871276855	235970	9.244987494522995	9.003248686113471	8.96776612655925	8.996117055424092	9.009353348626734	9.041403396852328	9.358451018828621	9.656037967375587	9.773673212871243	63.943552417675555
2007-01-08	9.899999618530273	9.899999618530273	9.3100004196167	9.520000457763672	2.2051799297332764	193130	9.336658482269888	9.077070367777786	9.020359872388243	9.016661502574664	9.022791430446127	9.050880566375325	9.360058475932453	9.655134063657236	9.772287022952622	62.23843918451154
2007-01-09	9.600000381469727	9.774999618530273	9.25	9.335000038146973	2.1623268127441406	203570	9.336105667562249	9.113917463544812	9.050325602460502	9.029145366714754	9.031007446438254	9.056506694529219	9.359809138243046	9.653006927275108	9.769897476587563	57.17578125201908
2007-01-10	9.210000038146973	9.5	8.875	8.979999542236328	2.0800960063934326	399290	9.217403625786941	9.094786331929315	9.043627882439152	9.027218079480306	9.029665133169782	9.054991701414508	9.35602993828278	9.648535117407741	9.765581094432639	48.947788571206004
2007-01-11	9.0	9.225000381469727	9.0	9.15999984741211	2.121790647506714	94170	9.19826903299533	9.104102548426857	9.05471092672229	9.032425207634494	9.033094994070897	9.057071070642184	9.354079390114913	9.64528903587953	9.76227190729045	52.66718990929231
2007-01-12	9.100000381469727	9.359999656677246	9.100000381469727	9.295000076293945	2.1530613899230957	100460	9.23051271409487	9.13137362383644	9.077595607633876	9.042722261307414	9.039987233076767	9.061782536100635	9.353491536246048	9.642961534486934	9.759718509306861	55.297667550182894
2007-01-15	9.300000190734863	9.399999618530273	9.229999542236328	9.324999809265137	2.160010576248169	145550	9.262008412484958	9.15903450746911	9.10115791255114	9.053791969070462	9.047487564029092	9.066994759331616	9.353208036475094	9.640848831993766	9.757342997284775	55.8843893017068
2007-01-16	9.390000343322754	9.449999809265137	9.164999961853027	9.265000343322754	2.1461126804351807	313530	9.263005722764223	9.17417248401963	9.116761953577008	9.062074650413688	9.05321158453682	9.070915661984905	9.352330347986015	9.638351499843129	9.754652600268589	54.34800352155149
2007-01-17	9.25	9.5	8.960000038146973	9.149999618530273	2.119474411010742	626890	9.225337021352907	9.170719217521151	9.11992744547732	9.065522688379044	9.055758638062963	9.072481680926398	9.350317106896904	9.635106636844371	9.751348485614281	51.42950174144095
2007-01-18	9.199999809265137	9.5	9.149999618530273	9.345000267028809	2.1646435260772705	213960	9.26522476991154	9.195616510307959	9.141362952291747	9.076482593424133	9.063370259877853	9.07787808857199	9.35026420301762	9.633179019769186	9.749128003545508	55.76703284542134
2007-01-19	9.399999618530273	9.600000381469727	9.260000228881836	9.414999961853027	2.1808578968048096	176870	9.315149833892036	9.226957003385825	9.167423619869012	9.089757784342913	9.072623673087726	9.084553769231022	9.350908339921455	9.6317293250322	9.747302167252107	57.243148989908285
2007-01-22	9.579999923706055	9.600000381469727	9.324999809265137	9.460000038146973	2.191281318664551	275830	9.363433235310348	9.26024886549456	9.19528804065739	9.10427708841366	9.082817787957707	9.091988348813516	9.351993829456037	9.63058826664758	9.745732210262462	58.20867153890698
2007-01-23	9.600000381469727	9.600000381469727	9.25	9.300000190734863	2.154219627380371	68260	9.342288887118519	9.265927626243174	9.205260626379054	9.111952504190961	9.088533114346578	9.096107395188195	9.35147647981702	9.628391668136532	9.743296516166684	53.57613267400435
2007-01-24	9.305000305175781	9.449999809265137	9.210000038146973	9.25	2.1426379680633545	195280	9.311525924745679	9.263652251065578	9.20952151910486	9.11736613147759	9.092782242916405	9.0991547735013	9.350466763599934	9.625877437783465	9.740600906788723	52.17860435086118
2007-01-25	9.59000015258789	9.600000381469727	9.125	9.260000228881836	2.144954204559326	531730	9.294350692791065	9.263130533610758	9.214329015274094	9.122959625493444	9.097182716231284	9.102339832023688	9.349566599075375	9.623446359983454	9.737974673576117	52.445782697094046
2007-01-29	9.234999656677246	9.359999656677246	9.010000228881836	9.265000343322754	2.1461126804351807	71770	9.284567242968295	9.2633976492839	9.219154856040634	9.128529849722044	9.101598969575797	9.105560832247432	9.348725143794255	9.621064658876074	9.735390114394404	52.588415091160634
2007-01-31	9.154999732971191	9.239999771118164	8.90999984741211	9.0	2.084728956222534	189030	9.189711495312197	9.225769413671914	9.198282964989145	9.123489463458435	9.098925312481697	9.103470518737582	9.345255241865953	9.616937983401815	9.731371589179133	44.90166510439502
2007-02-01	9.199999809265137	9.364999771118164	9.0	9.244999885559082	2.141479730606079	156090	9.208140958727826	9.228516623941509	9.202732195519616	9.128254578050617	9.10276938019426	9.10627308045682	9.344257676131557	9.614466633914487	9.728713820306892	51.90150756984752
2007-02-02	9.25	9.300000190734863	8.819999694824219	8.96500015258789	2.0766215324401855	896120	9.127094023347848	9.190871413748136	9.180091048573738	9.121852443718746	9.09914387420462	9.103475596736644	9.340483969429629	9.610151242011986	9.724540521576186	44.883512658967405
2007-02-05	9.194999694824219	9.75	9.055000305175781	9.5600004196167	2.2144453525543213	712810	9.271396155437465	9.243604128872215	9.216272893434972	9.139034717283371	9.111271678031253	9.112515692239219	9.342668212715072	9.609818013956202	9.72364139533597	57.90837164479564
2007-02-06	9.699999809265137	10.0	9.600000381469727	9.9399995803833	2.302467107772827	717920	9.494263963752744	9.3430891933738	9.285199244572908	9.170445104071604	9.133080307040517	9.12890151180643	9.348611808413263	9.612011911407546	9.724823680500164	63.79317670790542
2007-02-07	9.9399995803833	10.0	9.600000381469727	9.645000457763672	2.2341346740722656	275980	9.544509461756386	9.386219374000925	9.319466026781551	9.189055117941882	9.146551889954285	9.139121292914494	9.35156094920282	9.61223110440659	9.724387488026194	57.11704556342211
2007-02-08	9.619999885559082	9.75	9.25	9.3149995803833	2.157693862915039	268430	9.468006167965358	9.376045117769836	9.319040650934099	9.193994116468996	9.150984723912943	9.142604031280213	9.351197154488199	9.610256144114077	9.722150395634703	50.722230007700595
2007-02-09	9.399999618530273	9.569999694824219	8.90999984741211	8.96500015258789	2.0766215324401855	354990	9.300337496172869	9.317324408458129	9.28532250823446	9.185013961022678	9.146090393088599	9.139087122791256	9.347354398250385	9.605968728887989	9.718012962612589	44.97134025962469
2007-02-12	8.949999809265137	9.100000381469727	8.625	8.725000381469727	2.021028995513916	219790	9.108558457938488	9.23270669031693	9.231958496161628	9.166974212804915	9.135009076993365	9.130887385339344	9.341161820968985	9.60011511860614	9.712586664354978	41.4969318559598
2007-02-13	8.510000228881836	9.050000190734863	8.510000228881836	8.760000228881836	2.0291361808776855	257760	8.99237238158627	9.165177195826201	9.187010089754029	9.1510144487295	9.125140423095694	9.123543085211473	9.335379118560157	9.594532959870431	9.707381273997202	42.19826747912433
2007-02-14	8.664999961853027	9.0	8.539999961853027	8.744999885559082	2.0256612300872803	194400	8.90991488291054	9.105151865788041	9.144913879830701	9.135092308997326	9.115136724739466	9.116047180267861	9.32950469833129	9.58888822183514	9.702122359306284	41.96606585918724
2007-02-15	8.979999542236328	9.100000381469727	8.649999618530273	9.085000038146973	2.1044178009033203	146460	8.968276601322684	9.102273033267888	9.139207799670347	9.133127906218881	9.114343654039663	9.115432385374378	9.327071816140402	9.585540127591365	9.698750106185194	48.83802434864902
2007-02-19	9.699999809265137	9.699999809265137	8.850000381469727	8.949999809265137	2.0731468200683594	372010	8.962184337303501	9.08051971555321	9.121187991060326	9.125946412220696	9.11001881601928	9.112156492778155	9.323319855872986	9.581317268333384	9.694658574508036	46.48435526456286
2007-02-20	9.100000381469727	9.100000381469727	8.720000267028809	8.869999885559082	2.0546159744262695	126600	8.931456186722029	9.050445454125478	9.097265314345922	9.115909293528084	9.10370252837559	9.107361312437183	9.318809209402202	9.576590906986047	9.690152242874435	45.097350060796224
2007-02-21	8.829999923706055	8.970000267028809	8.710000038146973	8.8149995803833	2.0418763160705566	104390	8.892637317942453	9.016810329305168	9.07038286349234	9.104108912620445	9.096105082375793	9.101571971208394	9.313796178267685	9.571530499500314	9.685369987888144	44.12260150711049
2007-02-22	8.710000038146973	9.0	8.510000228881836	8.645000457763672	2.002498149871826	142210	8.810091697882859	8.963694633370668	9.029870253422942	9.086104659488807	9.084233908043895	9.092530951140182	9.307141494481575	9.565374153708044	9.679684908488557	41.16120906642986
2007-02-23	8.579999923706055	8.720000267028809	8.300000190734863	8.46500015258789	1.9608036279678345	100630	8.695061182784537	8.892452564687414	8.976073100962461	9.061747620002496	9.067938282900316	9.080104598693602	9.298761978641837	9.5580626985511	9.673047286871613	38.23498848158148
2007-02-26	8.529999732971191	8.609999656677246	8.0	8.109999656677246	1.8785723447799683	578720	8.500040674082106	8.780673577828818	8.893589915792441	9.02442417046033	9.04272937168392	9.060894599841793	9.286933497826269	9.548441017209745	9.66450604299077	33.21910672990263
2007-02-27	8.300000190734863	8.300000190734863	8.149999618530273	8.225000381469727	1.9052103757858276	54670	8.408360576544647	8.701291692634662	8.829914722047421	8.993074217950895	9.021210187730915	9.044342239081951	9.276366999156053	9.5396473917231	9.656639891834917	36.14164594580136
2007-02-28	8.0	8.395000457763672	6.599999904632568	7.849999904632568	1.8183465003967285	405870	8.222240352573953	8.579678580062934	8.736589501341244	8.948247774291353	8.990388864491486	9.020691895825527	9.26217429174786	9.52842049812117	9.646767542178074	31.327206591620932
2007-03-01	8.295000076293945	8.300000190734863	7.659999847412109	7.699999809265137	1.7836012840270996	374900	8.048160171471014	8.454010184234678	8.637866673524472	8.89929687370209	8.956431257775003	8.994539577279777	9.24663026704654	9.516271523444386	9.636129467134834	29.627117829504883
2007-03-02	7.755000114440918	7.989999771118164	7.550000190734863	7.619999885559082	1.7650704383850098	666120	7.905440076167037	8.334865855852449	8.54092697943253	8.849128364363148	8.921262011137742	8.967320969522932	9.230444890116315	9.503671711896976	9.625112365596168	28.73156356283953
2007-03-05	7.425000190734863	7.900000095367432	7.199999809265137	7.474999904632568	1.7314831018447876	241230	7.761960018988881	8.212027862821037	8.439410115165867	8.795240973785479	8.883202482019184	8.937770057346885	9.212977775832895	9.490192165004853	9.613363117175602	27.130796630846778
2007-03-06	7.599999904632568	8.300000190734863	7.320000171661377	7.420000076293945	1.7187433242797852	188390	7.647973371423903	8.09888103617431	8.342323444797112	8.741309958197576	8.84469715555273	8.907715206236926	9.19513720170813	9.476436735843983	9.601377526788271	26.527075619204073
2007-03-07	7.599999904632568	7.75	6.014999866485596	7.465000152587891	1.7291665077209473	107580	7.586982298478565	8.008326624233392	8.258768845539091	8.691258593271705	8.808389339685235	8.879146591313182	9.177921907687033	9.463071708712713	9.58970333348663	27.939954318460202
2007-03-08	7.480000019073486	7.650000095367432	7.400000095367432	7.465000152587891	1.7291665077209473	345700	7.5463215831816735	7.930708556855463	8.183171827162786	8.64317002697038	8.773036992656357	8.851143691536443	9.160877910123856	9.449795485748428	9.578092933591009	27.939954318460202
2007-03-09	7.539999961853027	7.730000019073486	7.304999828338623	7.400000095367432	1.7141101360321045	329650	7.4975477539102595	7.854893062357173	8.108584043182276	8.594418264946734	8.7369044427277	8.822408174780621	9.143356737837722	9.436175582822308	9.56619078693405	27.06798085589141
2007-03-12	7.5	7.675000190734863	7.304999828338623	7.349999904632568	1.7025282382965088	50400	7.4483651374843625	7.782765468396516	8.036337934748971	8.545617544934414	8.700406954883093	8.793251575371748	9.125512391238667	9.422313950409087	9.554080454243877	26.38581390263088
2007-03-13	7.400000095367432	7.625	7.400000095367432	7.585000038146973	1.7569628953933716	133560	7.493910104371899	7.754513264075152	7.993353373167828	8.507946270158437	8.671054141284774	8.769325802357397	9.110183910113376	9.41010588454688	9.543320451970123	34.7137548824512
2007-03-14	7.099999904632568	7.400000095367432	7.099999904632568	7.289999961853027	1.68863046169281	136330	7.425940056865609	7.688154220900563	7.92636733399499	8.460183669832734	8.634710610247096	8.74003222135731	9.09207262704611	9.396018802004063	9.531007225248171	30.108957317551628
2007-03-15	7.5	7.5	7.300000190734863	7.364999771118164	1.706003189086914	172480	7.405626628283128	7.641989299503077	7.8729037565781494	8.41723528164785	8.601297167112124	8.71280385600604	9.074887822509513	9.382523658941698	9.51917111894145	32.55835780975808
2007-03-16	7.304999828338623	7.364999771118164	7.019999980926514	7.099999904632568	1.644619107246399	60380	7.303751053732941	7.564562243093005	7.799293865916666	8.365578992353132	8.561789344415294	8.680867144097654	9.055237196460986	9.367357388148946	9.505951604109162	28.72742013394498
2007-03-19	7.110000133514404	7.244999885559082	6.715000152587891	6.800000190734863	1.575128197669983	370320	7.135834099400248	7.455339092756128	7.704123039708875	8.304183745230848	8.515426471950018	8.643622253932055	9.032797027249782	9.350298536338885	9.491164984363948	25.12344595217535
2007-03-20	6.610000133514404	7.300000190734863	6.610000133514404	6.869999885559082	1.5913430452346802	708730	7.047222694786526	7.371719206013693	7.624682739313657	8.247941240929995	8.472125772308152	8.608501018914769	9.01127665768072	9.333818146632707	9.476841677813102	27.4117379049517
2007-03-21	7.070000171661377	7.199999809265137	6.900000095367432	7.074999809265137	1.6388286352157593	295260	7.056481732946063	7.329330720763899	7.572331984070941	8.201943537727452	8.435359299596493	8.578134658327647	8.992010221378077	9.318809386915978	9.463716858859287	33.79306898003998
2007-03-22	7.085000038146973	7.199999809265137	7.085000038146973	7.175000190734863	1.661992073059082	89360	7.095987885542329	7.307283502188322	7.534490860896077	8.161671249610096	8.402191954626451	8.550349817385216	8.973930519580632	9.304564807539359	9.45121021039959	36.715696850399944
2007-03-23	7.190000057220459	7.300000190734863	7.150000095367432	7.175000190734863	1.661992073059082	82950	7.122325320606508	7.2883858862664	7.500253654214057	8.122978266909106	8.369897434524042	8.523115171312933	8.95603071531351	9.290414876530692	9.438771904281204	36.71569685039994
2007-03-26	7.175000190734863	7.349999904632568	7.119999885559082	7.175000190734863	1.661992073059082	272630	7.139883610649293	7.272187929761895	7.469277133882705	8.085802656078744	8.3384527702138	8.49641982516287	8.938309018551534	9.276358964997165	9.42640156704871	36.71569685039993
2007-03-28	7.199999809265137	7.199999809265137	7.0	7.025000095367432	1.627246618270874	108600	7.101589105555339	7.236875381991257	7.426965034976488	8.044202555658693	8.303888226138897	8.467282800810485	8.919271118818358	9.261399769850124	9.413279154635152	33.911186909827734
2007-03-29	7.150000095367432	7.170000076293945	7.005000114440918	7.070000171661377	1.6376705169677734	72120	7.0910594609240185	7.213036066229845	7.39296838132743	8.005998540599974	8.271417487863172	8.439613837857038	8.900870412876497	9.246838975177774	9.400474351449503	35.50285352566874
2007-03-30	7.099999904632568	7.150000095367432	7.065000057220459	7.119999885559082	1.64925217628479	72870	7.100706269135706	7.199745183276879	7.366971381730444	7.971253495304253	8.241117024644643	8.413482868504603	8.88315030812707	9.232707153984293	9.388012742346277	37.30946629169427
2007-04-02	7.0	7.269999980926514	6.940000057220459	7.059999942779541	1.6353538036346436	138180	7.0871374936836515	7.179781577491545	7.337736006592263	7.935518061871911	8.210034996174508	8.386681226411039	8.86500950847187	9.218270561218814	9.375291360927879	36.00609370697933
2007-04-03	7.184999942779541	7.380000114440918	7.114999771118164	7.199999809265137	1.6677829027175903	198670	7.124758265544147	7.1826698963163444	7.324618273513489	7.906674208828508	8.183455122834788	8.363182584487358	8.848442247783245	9.204860124328757	9.363404521847754	41.17034443677044
2007-04-04	7.199999809265137	7.335000038146973	7.199999809265137	7.224999904632568	1.6735737323760986	30750	7.158172145240287	7.188717040361519	7.315130809810545	7.879941883173765	8.158232617092624	8.340644313599144	8.832288592627517	9.191704906922137	9.35171925071543	42.06937741281084
2007-04-05	7.244999885559082	7.389999866485596	7.110000133514404	7.375	1.7083194255828857	48510	7.230448096826858	7.215328891738445	7.320832637447635	7.860140240696363	8.137621232432291	8.321522644022924	8.817788208621273	9.179633777972489	9.340917506176002	47.275630367910125
2007-04-09	7.380000114440918	7.454999923706055	7.199999809265137	7.320000171661377	1.6955794095993042	113290	7.260298788438364	7.230281931727435	7.320753354991801	7.838958277204795	8.116104888727794	8.301690515857349	8.802884845069434	9.16727740849534	9.329874242052972	45.655447067940536
2007-04-10	7.440000057220459	7.440000057220459	7.300000190734863	7.320000171661377	1.6955794095993042	935140	7.280199249512702	7.24309882314657	7.320681623246046	7.81860697894819	8.095154764594467	8.282251103100993	8.788129773692239	9.155003141140961	9.318891323635532	45.65544706794054
2007-04-11	7.429999828338623	7.519999980926514	7.360000133514404	7.380000114440918	1.7094776630401611	99530	7.3134662044887735	7.262656150474334	7.326331003359844	7.801406709751826	8.0763349053799	8.264384746889903	8.774118533301678	9.143209101096442	9.308296289705506	47.91388249755749
2007-04-12	7.400000095367432	7.474999904632568	7.349999904632568	7.389999866485596	1.7117936611175537	90120	7.338977425154381	7.280848109904515	7.332394704609915	7.785273108055112	8.058273456987944	8.247070194802689	8.760346208258731	9.131559870301686	9.297813795589551	48.29951123033703
2007-04-13	7.425000190734863	7.474999904632568	7.300000190734863	7.454999923706055	1.7268502712249756	269330	7.377651591338272	7.305726940447592	7.34407139214288	7.772321218472796	8.042397837691052	8.231385634978993	8.747357688014427	9.120419937101715	9.287743774431718	50.84696844376834
2007-04-16	7.46999979019165	7.590000152587891	7.454999923706055	7.554999828338623	1.7500139474868774	180620	7.436767670338389	7.341337353003453	7.364159814637713	7.763798811016554	8.02957157428704	8.217991856629679	8.73549343070422	9.110018474585017	9.278275228278204	54.556780212673175
2007-04-17	8.649999618530273	8.890000343322754	7.800000190734863	8.15999984741211	1.8901540040969849	1301480	7.677845062696296	7.4582891379189755	7.43995410347337	7.779336106561478	8.033003897264015	8.216843500011509	8.729767126392856	9.103706058457622	9.272164433847243	69.53691993116925
2007-04-18	8.100000381469727	8.100000381469727	7.804999828338623	7.90500020980835	1.8310866355895996	334200	7.75356344506698	7.522105005331743	7.484244208838605	7.7842641106103745	8.029635379173076	8.21066838535402	8.72156049040694	9.09574123554301	9.264693591092932	60.48640298290498
2007-04-19	7.800000190734863	8.050000190734863	7.614999771118164	7.855000019073486	1.819504976272583	179990	7.787375636402483	7.569661435866277	7.5195542860038325	7.787038067805006	8.025039711802034	8.203625447407871	8.712937998154866	9.087497107858827	9.256990347529985	58.868481105493
2007-04-20	7.849999904632568	7.985000133514404	7.755000114440918	7.784999847412109	1.8032902479171753	110950	7.786583706739025	7.60042406608711	7.544834815661764	7.78695813759352	8.018722873265457	8.195335831566371	8.70370478272459	9.078842641012004	9.248946683594914	56.58643582985656
2007-04-23	8.0	8.119999885559082	7.699999809265137	7.835000038146973	1.814872145652771	225950	7.802722483875008	7.633934919238519	7.5724695987555934	7.788842133693655	8.01388806181497	8.188200469320442	8.695060954420335	9.070577906109246	9.24122019919356	57.843516201723965
2007-04-24	7.610000133514404	7.900000095367432	7.605000019073486	7.744999885559082	1.7940250635147095	81940	7.7834816177696995	7.649801342998599	7.5889010546416396	7.787122829845241	8.006812057176658	8.179424220137049	8.685607610451566	9.061770078730175	9.23304413190594	54.76932242205288
2007-04-25	7.710000038146973	7.789999961853027	7.619999885559082	7.684999942779541	1.7801268100738525	63460	7.75065439277298	7.654829714395877	7.598053329702392	7.783118010744625	7.998343317324102	8.169633640387396	8.67565131525085	9.052622104404922	9.224584874041861	52.7563243545766
2007-04-26	7.690000057220459	7.829999923706055	7.340000152587891	7.414999961853027	1.7175852060317993	391820	7.638769582466329	7.62056832117547	7.5806196756215	7.768682008827307	7.982992176390653	8.154690399228299	8.663107520689678	9.041740894155406	9.214696431898753	44.78023611897945
2007-04-27	7.349999904632568	7.449999809265137	7.349999904632568	7.40500020980835	1.715268611907959	177900	7.560846458247003	7.589772876694453	7.563894012210723	7.75441997749323	7.967781861480592	8.139845048942755	8.650589039984391	9.03086554077104	9.204807381504816	44.51182469315195
2007-04-30	7.550000190734863	7.550000190734863	7.289999961853027	7.335000038146973	1.6990538835525513	151870	7.485564318213659	7.553376756901955	7.542094586109414	7.7379721367345535	7.951129708234971	8.123907523976502	8.637498602155162	9.01959733145128	9.19458985503838	42.58744501155359
2007-05-03	7.400000095367432	7.53000020980835	7.349999904632568	7.375	1.7083194255828857	212320	7.448709545475773	7.527894363058819	7.526180816003755	7.723737935293983	7.9359684001235244	8.109077672016571	8.62493642700934	9.00866977443167	9.184646741076422	44.07531194048862
2007-05-04	7.400000095367432	7.505000114440918	7.360000133514404	7.480000019073486	1.732641339302063	116390	7.459139703341678	7.521052313918058	7.521782644867539	7.714179585638277	7.923969232201155	8.096620688789976	8.613544024940326	8.998512500309689	9.17533173166657	47.8927324327239
2007-05-07	7.789999961853027	7.789999961853027	7.369999885559082	7.400000095367432	1.7141101360321045	170610	7.439426500683596	7.503759139839397	7.51018430681991	7.70185882131393	7.91018057070553	8.08282622159349	8.601468960964477	8.987891155426352	9.165630465894445	45.35261584973899
2007-05-08	7.5	7.5	6.699999809265137	6.835000038146973	1.5832358598709106	1048840	7.237951013171388	7.408222125311908	7.445881043136773	7.667864359228951	7.8818863461645154	8.05811679221831	8.583892155762312	8.973586231059047	9.152894780496919	32.316419918519955
2007-05-09	6.875	7.025000095367432	6.840000152587891	7.0	1.6214556694030762	145150	7.1586340087809255	7.3499046788387785	7.403416181885652	7.641673600043502	7.858678810739134	8.037163984451611	8.568132034809453	8.960472701284568	9.141130328144476	37.927752900413495
2007-05-10	7.099999904632568	7.099999904632568	6.835000038146973	6.880000114440918	1.593659520149231	159990	7.065756044000923	7.28277545535337	7.353567032605201	7.611804051588499	7.8329241082049705	8.014249848411795	8.551334702268473	8.946648963166005	9.128774425337353	35.61515949158564
2007-05-11	6.875	6.985000133514404	6.664999961853027	6.699999809265137	1.5519644021987915	446310	6.943837299088995	7.19952179162648	7.291322535144243	7.576047022477779	7.803110310864448	7.988225095161367	8.532913459552022	8.931721061811182	9.115502432899799	32.42174260717387
2007-05-14	7.900000095367432	7.900000095367432	6.809999942779541	6.889999866485596	1.5959758758544922	131810	6.925891488221195	7.15530437374921	7.253101328605324	7.54914321243887	7.779081088643952	7.9664780609301635	8.516566060616038	8.918154808021642	9.103341216689886	38.6726112243012
2007-05-15	7.380000114440918	7.380000114440918	6.5	6.840000152587891	1.5843937397003174	338280	6.897261043010094	7.110260913583308	7.213758359460807	7.521333680680008	7.754368432431951	7.944171567695663	8.49988381277496	8.904346471440686	9.090973232733045	37.68474655803778
2007-05-16	6.980000019073486	6.994999885559082	6.699999809265137	6.90500020980835	1.5994504690170288	106590	6.899840765276179	7.080937955901171	7.184352821398669	7.497163740645825	7.732016637099751	7.923593917044429	8.484014324188228	8.891061778672364	9.0790280249575	39.836334710900026
2007-05-17	7.0	7.25	6.929999828338623	7.074999809265137	1.6388286352157593	203890	6.958227113272498	7.0800896492388805	7.1739382488145225	7.480608292356386	7.714726720577788	7.906790073326027	8.46999427926362	8.878994921732781	9.068077051101257	45.16861351481105
2007-05-18	6.849999904632568	7.269999980926514	6.849999904632568	7.204999923706055	1.6689412593841553	149280	7.04048471675035	7.097933974162762	7.1768965035660965	7.469800121036766	7.7013128575022165	7.892893238680087	8.45740727075061	8.867872031380443	9.057896301771228	48.89847691493438
2007-05-21	7.289999961853027	7.385000228881836	7.099999904632568	7.269999980926514	1.683997392654419	151650	7.116989804809071	7.12251483227187	7.185763501409946	7.461964821424599	7.689962518644961	7.880558718724571	8.445592272841912	8.857254941344205	9.04812637652071	50.70410837494988
2007-05-22	7.449999809265137	7.449999809265137	7.099999904632568	7.119999885559082	1.64925217628479	117260	7.117993165059075	7.122155554170043	7.17950029990034	7.448554431782814	7.674963501984807	7.865498147770799	8.432402298839097	8.845711718382178	9.037590166187586	46.611061299330316
2007-05-23	7.199999809265137	7.269999980926514	7.135000228881836	7.175000190734863	1.661992073059082	135710	7.1369955069510045	7.129704787965018	7.179071718075057	7.437826814486815	7.661806572741387	7.8518249208988005	8.419890835076867	8.834610645108775	9.02741207889003	48.260308191819476
2007-05-24	7.295000076293945	7.309999942779541	6.900000095367432	6.925000190734863	1.6040831804275513	509160	7.066330401545624	7.100461274074996	7.154874429756943	7.417715966496543	7.642416931109636	7.833471955945059	8.40501630130232	8.821922203551473	9.01592348933727	41.921206069475424
2007-05-25	6.994999885559082	7.050000190734863	6.900000095367432	6.925000190734863	1.6040831804275513	100440	7.0192203312753705	7.075395405026406	7.132981645088174	7.398393779211771	7.623537543205037	7.815482416039907	8.390289772838962	8.809318070575948	9.004497678962395	41.92120606947542
2007-05-28	6.974999904632568	7.179999828338623	6.974999904632568	7.014999866485596	1.6249299049377441	121370	7.017813509678779	7.066767470949147	7.1217452852212615	7.383358723810745	7.607523393817684	7.799631276444772	8.376605296158829	8.797395690482324	8.99362610621662	44.940729560289036
2007-05-29	7.275000095367432	7.275000095367432	7.03000020980835	7.070000171661377	1.6376705169677734	110970	7.035209063672978	7.067229285336608	7.116817179167939	7.371070153138221	7.593378045866202	7.785183135755991	8.36360425014393	8.785917979393812	8.983114489087903	46.76231206898598
2007-05-30	7.130000114440918	7.275000095367432	7.005000114440918	7.045000076293945	1.6318795680999756	228080	7.038472734546634	7.064053684044799	7.109977455084702	7.358283091301191	7.578947046666932	7.770526045469614	8.350483810603134	8.774350418575873	8.972523699946953	46.01706789873859
2007-05-31	7.099999904632568	7.190000057220459	6.875	6.940000057220459	1.6075575351715088	510950	7.005648508771242	7.046331737355607	7.093789131478584	7.341879835062731	7.562132652207814	7.754079986296364	8.33644914639037	8.762162044081817	8.961417013374676	42.92303165909359
2007-06-01	7.0	7.099999904632568	6.730000019073486	6.760000228881836	1.5658631324768066	283150	6.923765748808107	7.005427236145068	7.061999712183655	7.319061026977205	7.541023904225551	7.7343952386247885	8.320763087509688	8.74885864331637	8.949387413459416	38.18336257567906
2007-06-04	6.909999847412109	7.0	6.775000095367432	6.795000076293945	1.5739703178405762	305580	6.880843857970053	6.975366213309194	7.036571175432254	7.298509617146489	7.521391698227351	7.715793354222198	8.305581366005054	8.735876194366055	8.937614805059605	39.580419434327915
2007-06-05	6.800000190734863	6.875	6.699999809265137	6.724999904632568	1.5577555894851685	170240	6.828895873524225	6.939599597783961	7.006897721070379	7.276019040185158	7.500434019448541	7.696173681953097	8.289854187284929	8.722514890115335	8.925524013253993	37.74318374574692
2007-06-06	6.800000190734863	6.860000133514404	6.699999809265137	6.744999885559082	1.5623881816864014	151050	6.800930544202511	6.911799638894693	6.981955070069303	7.255194759611586	7.480554173819871	7.677338557272027	8.274482502690642	8.709375255533566	8.913608580862217	38.619836659416556
2007-06-07	6.699999809265137	6.800000190734863	6.635000228881836	6.670000076293945	1.545015811920166	81320	6.757287054899655	6.8772568442374435	6.952245070662126	7.232245948501091	7.459223802832347	7.657391260618996	8.258517503423013	8.695824589890778	8.901348425099549	36.541832754174195
2007-06-08	6.699999809265137	6.800000190734863	6.625	6.675000190734863	1.5461739301681519	72150	6.729858100178058	6.848363036594217	6.92584079638334	7.210393173686729	7.438586339356098	7.637937972106439	8.242761112251987	8.682397185245224	8.889182587753293	36.78603711375698
2007-06-11	6.650000095367432	6.800000190734863	6.474999904632568	6.525000095367432	1.5114285945892334	354060	6.661572098574516	6.802168330704677	6.8876654915246815	7.183515013752639	7.414544596093238	7.6158995983096265	8.22566896283025	8.668062320860653	8.876263557740256	32.718299881647006
2007-06-12	6.5	6.519999980926514	6.400000095367432	6.480000019073486	1.5010048151016235	188170	6.601048072074173	6.756144286185935	6.848840208434091	7.155926190431888	7.389951317750613	7.593406537334653	8.208299122593864	8.653523700915223	8.863169221463387	31.589745700740952
2007-06-13	6.489999771118164	6.5	6.369999885559082	6.409999847412109	1.484790325164795	104130	6.537365330520152	6.706695080646817	6.80704588833676	7.126674176980132	7.364163121162758	7.5699727414946025	8.190405597467677	8.638616565676	8.849763924337424	29.86409992087121
2007-06-14	5.199999809265137	6.5	5.199999809265137	6.454999923706055	1.4952141046524048	141820	6.509910194915453	6.67073862965528	6.773517701229074	7.100334010185071	7.340237773861266	7.547894071835423	8.173137879320796	8.624107484998458	8.836677782257471	32.41987903696857
2007-06-15	6.599999904632568	6.599999904632568	6.199999809265137	6.375	1.4766829013824463	308740	6.464940129943636	6.62849025399024	6.735563634445352	7.071889539197421	7.3148367798122855	7.524668446650564	8.155245960123574	8.609163249217737	8.823225991097594	30.30557937873083
2007-06-18	6.789999961853027	6.789999961853027	6.349999904632568	6.385000228881836	1.4789992570877075	257880	6.438293496256369	6.593705964689039	6.702176643439303	7.04495270349877	7.290367396893063	7.502100759169995	8.137631574738084	8.594384757388262	8.8099023530527	30.912123010778274
2007-06-19	6.409999847412109	6.5	6.349999904632568	6.46999979019165	1.4986883401870728	124990	6.448862260901463	6.5760336540465545	6.6800645621776225	7.0224055304279025	7.268778775664079	7.481663116219929	8.12103822364807	8.580269242656058	8.79711600025018	36.00976322442487
2007-06-20	6.539999961853027	6.619999885559082	6.400000095367432	6.465000152587891	1.497530460357666	169030	6.454241558130272	6.560171725266746	6.659582237454791	7.000546496002804	7.247626706635758	7.4615311763460275	8.104560232891252	8.566214298536003	8.784372197803938	35.84224231220427
2007-06-21	6.489999771118164	6.489999771118164	6.375	6.414999961853027	1.4859483242034912	131570	6.441161026037857	6.539432901921929	6.636288687397481	6.97758388682046	7.2257154765098965	7.440807785960027	8.087748687905798	8.55192051556801	8.771424808536446	34.13210997836255
2007-06-22	6.400000095367432	6.5	6.375	6.480000019073486	1.5010048151016235	93750	6.454107357049733	6.530942490086437	6.621404052319005	6.958070793967638	7.2060913855247275	7.421781889586036	8.071751188713437	8.53815360197004	8.75890336159949	38.25643612729166
2007-06-25	6.449999809265137	6.5	6.400000095367432	6.454999923706055	1.4952141046524048	70770	6.454404879268507	6.520093552032097	6.6055560400701525	6.9383425245456145	7.186325820740025	7.402637692241878	8.055664111449682	8.524312049290545	8.746313725326848	37.28932499662175
2007-06-26	6.5	6.5	6.300000190734863	6.335000038146973	1.4674174785614014	280740	6.414603265561329	6.4936516214770785	6.5797888017917545	6.914682034882922	7.163922510671787	7.381496352556831	8.038543075894431	8.509765125628462	8.733137147801274	32.97967418848428
2007-06-27	6.360000133514404	6.400000095367432	6.329999923706055	6.360000133514404	1.4732084274291992	87320	6.396402221545688	6.4745585517681254	6.558856547670102	6.892929803456706	7.14276665864133	7.361268704655001	8.021841156069755	8.49548097285694	8.720169185974571	34.673590182418955
2007-06-28	6.400000095367432	6.454999923706055	6.199999809265137	6.275000095367432	1.453519344329834	126050	6.355934846152936	6.44605020085374	6.531822599831752	6.8686972658845775	7.119930696449911	7.339758435164158	8.00445965297819	8.48072694709289	8.706807606244478	31.736566724202696
2007-06-29	6.400000095367432	6.539999961853027	6.309999942779541	6.5	1.5056374073028564	642240	6.403956564101957	6.453757315017492	6.528791876038252	6.854238549575379	7.103616730753861	7.323129555259917	7.989489905187361	8.467565970700246	8.694748548286858	45.01386456676435
2007-07-02	6.5	6.65500020980835	6.449999809265137	6.46999979019165	1.4986883401870728	308950	6.425970972798521	6.4560776686138	6.523192629767147	6.8391703629328795	7.086942600739066	7.306235896545694	7.974370600560539	8.454293105713479	8.682591451248086	43.79085011711167
2007-07-03	6.545000076293945	6.545000076293945	6.414999961853027	6.465000152587891	1.497530460357666	245430	6.438980699394977	6.457352309181528	6.517650489083408	6.824497021350723	7.070575694208772	7.289577763001975	7.959351989137925	8.441075212337228	8.670473466009506	43.57835203810198
2007-07-04	6.590000152587891	6.965000152587891	6.409999847412109	6.485000133514404	1.5021629333496094	1582980	6.454320510768119	6.461301998371939	6.51454093141017	6.811183417906162	7.055165811032604	7.273645532715093	7.944681821420279	8.428078035733755	8.658530988782756	44.73368686334228
2007-07-05	6.590000152587891	6.59499979019165	6.420000076293945	6.474999904632568	1.4998465776443481	209470	6.461213642056269	6.463258842123457	6.510775119336112	6.7979997507189625	7.039898287179971	7.2578307678025675	7.930058120755724	8.415100772404179	8.64659912493494	44.245822148169914
2007-07-06	6.590000152587891	6.639999866485596	6.409999847412109	6.420000076293945	1.4871063232421875	305800	6.447475786802161	6.457079018433527	6.50212987714162	6.783176234074844	7.023585176367181	7.2412400610400205	7.915032667577	8.401844289373546	8.634431917018869	41.56116688820734
2007-07-09	6.650000095367432	6.949999809265137	6.449999809265137	6.474999904632568	1.4998465776443481	1985670	6.45665049274563	6.45963914503339	6.499546070235996	6.771090887822206	7.009148721847849	7.226066988635912	7.900703983368597	8.389041336651015	8.622631742087796	45.145537464310344
2007-07-10	6.514999866485596	6.59499979019165	6.480000019073486	6.505000114440918	1.5067956447601318	2228880	6.472767033310726	6.46611928352018	6.500065503017417	6.7606559555327435	6.995881653231877	7.211788436671655	7.88681638268275	8.376522790324039	8.61105998455967	47.053188026972485
2007-07-11	6.59499979019165	6.699999809265137	6.474999904632568	6.489999771118164	1.5033209323883057	1927060	6.478511279246539	6.469530781748463	6.499106861884155	6.750041987516486	6.982568972123621	7.19749559180921	7.872917709930864	8.363987753651575	8.599469491590044	46.18825983768583
2007-07-12	6.599999904632568	6.784999847412109	6.349999904632568	6.385000228881836	1.4789992570877075	1833380	6.447340929124971	6.457454988481802	6.488239563502982	6.7357266244327745	6.966843478880416	7.181406574721539	7.858112560865699	8.35083833488234	8.587368566657213	40.566987277108105
2007-07-13	6.619999885559082	6.619999885559082	6.400000095367432	6.409999847412109	1.484790325164795	474180	6.43489390188735	6.450675682614704	6.480788161970518	6.722953025333925	6.952189699104935	7.166131193982738	7.843703479139792	8.337942398088519	8.575470376934563	42.36551091604825
2007-07-16	6.409999847412109	6.460000038146973	6.309999942779541	6.329999923706055	1.4662591218948364	626580	6.399929242493585	6.433436288484897	6.466427377373903	6.70754309977989	6.9358162839628585	7.149574139125774	7.8286417522200535	8.324600587627506	8.563200046589051	38.36459105671245
2007-07-17	6.474999904632568	6.474999904632568	6.28000020980835	6.295000076293945	1.458152174949646	255720	6.364952853760372	6.413659686743332	6.4501009677472405	6.691364941996127	6.918952699550519	7.132651880455837	7.813381636041684	8.311114869944227	8.550805511232246	36.730286536402964
2007-07-18	6.284999847412109	6.380000114440918	6.204999923706055	6.264999866485596	1.4512031078338623	465870	6.3316351913354465	6.392422569563656	6.432472291436608	6.674644742956499	6.901743414469863	7.115470652456427	7.797974852265006	8.297519421416263	8.538314770004122	35.34059291378979
2007-07-19	6.28000020980835	6.349999904632568	6.179999828338623	6.204999923706055	1.437304973602295	464660	6.289423435458983	6.365647905869713	6.410808256414651	6.656227299064325	6.883408059449763	7.097441529114835	7.7821243554634245	8.283615637378322	8.525564415652767	32.677678709787465
2007-07-20	6.28000020980835	6.300000190734863	6.054999828338623	6.114999771118164	1.416457176208496	375500	6.231282214012043	6.3298410294766345	6.382636019719747	6.635002690125259	6.863186788704194	7.077987236877277	7.765536051141581	8.269206229629084	8.512391931256403	29.131771763367787
2007-07-23	6.114999771118164	6.25	5.855000019073486	6.170000076293945	1.4291973114013672	536880	6.210854834772677	6.307006607593393	6.362384977488719	6.616767293504424	6.844945033114451	7.06000729310335	7.74966007129235	8.255258015985662	8.499591975764805	33.855413778555906
2007-07-24	6.050000190734863	6.199999809265137	6.014999866485596	6.119999885559082	1.4176156520843506	209320	6.180569851701478	6.280291361588492	6.339300683019229	6.597286218683037	6.825867529231415	7.041393285033167	7.733444547056198	8.241070254321698	8.486588740299199	31.781498472458754
2007-07-25	6.099999904632568	6.224999904632568	6.054999828338623	6.184999942779541	1.4326719045639038	144650	6.1820465487275	6.266678301758642	6.324605374424974	6.58111812943192	6.8090025927458395	7.024435001028145	7.7180371380584205	8.227408657567265	8.474011752334611	37.16987088805857
2007-07-26	6.800000190734863	6.800000190734863	6.0	6.070000171661377	1.4060338735580444	564020	6.144697756372126	6.2385814260304615	6.300357259876059	6.5610742879507225	6.7895551606120375	7.005535301436724	7.701638760283325	8.213073717461578	8.460875077030385	32.30770805871268
2007-07-27	6.070000171661377	6.150000095367432	5.889999866485596	6.050000190734863	1.4014009237289429	215950	6.113131901159705	6.211641249559662	6.2765137294816595	6.541032166491277	6.770093187720533	6.986613814096093	7.685204545660953	8.198701135888642	8.447700897323852	31.53511612462025
2007-07-30	6.199999809265137	6.224999904632568	6.014999866485596	6.199999809265137	1.4361463785171509	159360	6.142087870528182	6.209978186660444	6.269226689461038	6.52765834856084	6.755090730392759	6.9710372991489455	7.6704263890799	8.185420728402772	8.435418377716974	42.6182603998229
2007-07-31	6.199999809265137	6.275000095367432	6.164999961853027	6.204999923706055	1.437304973602295	122970	6.163058554920807	6.209267006238388	6.26310985462723	6.515005076997908	6.740614656532582	6.955868242209482	7.655845031215484	8.172261786178874	8.423230298733309	42.94979343172409
2007-08-01	6.175000190734863	6.190000057220459	6.005000114440918	6.119999885559082	1.4176156520843506	222790	6.148705665133565	6.196514560427059	6.249480333763597	6.49951467733364	6.724282688875385	6.939316393562939	7.640562989965171	8.158625494480404	8.410644340191373	38.841401680320494
2007-08-02	6.105000019073486	6.184999942779541	6.005000114440918	6.019999980926514	1.3944522142410278	132090	6.105803770397881	6.171298191926981	6.227625062064828	6.480710179435322	6.705748933403046	6.921112108164198	7.62443798490011	8.14441535817772	8.397580709812877	34.64293598458685
2007-08-03	6.050000190734863	6.295000076293945	6.050000190734863	6.179999828338623	1.431513786315918	249480	6.130535789711462	6.17254128284293	6.223089325519475	6.468917616647216	6.691913430638193	6.906436617474583	7.610065465929349	8.13136276329507	8.38546278149881	44.90455877900909
2007-08-06	6.25	6.25	5.900000095367432	6.085000038146973	1.409508228302002	184470	6.115357205856632	6.1600353907435075	6.209937964817332	6.453862025333481	6.675942025572635	6.890170546596808	7.594890685553405	8.117765668775812	8.372891946835685	40.80767945163533
2007-08-07	6.184999942779541	6.275000095367432	6.099999904632568	6.239999771118164	1.445412039756775	362030	6.156904727610476	6.1714588736541725	6.212800993988839	6.445475270266214	6.664469860981727	6.877295877775449	7.581409183917233	8.105288818957488	8.361236798334495	48.98569123934852
2007-08-08	6.28000020980835	6.489999771118164	6.255000114440918	6.385000228881836	1.4789992570877075	368860	6.2329365613675956	6.201964781543839	6.229200921121506	6.443103700015846	6.657115396979099	6.867547449084486	7.569504617200463	8.093858329986887	8.350437691397596	55.21875584155025
2007-08-09	6.400000095367432	6.474999904632568	6.199999809265137	6.204999923706055	1.437304973602295	135070	6.223624348813749	6.202398373281298	6.226896064224796	6.433766297023305	6.64521762136665	6.854427696106695	7.555927456071166	8.081307775792329	8.338713987749008	47.46562095084348
2007-08-10	6.099999904632568	6.25	6.050000190734863	6.139999866485596	1.422248125076294	94750	6.195749521371031	6.193484300881912	6.2186202358686815	6.422246044845355	6.631922417290833	6.840280610371624	7.541838624333996	8.068408719916537	8.326699156485274	45.00804980602587
2007-08-13	6.320000171661377	6.320000171661377	6.210000038146973	6.284999847412109	1.4558353424072266	96230	6.225499630051391	6.206557950386226	6.224942103634723	6.416863841024444	6.622792875978235	6.829284951699159	7.529332765857162	8.056558827075976	8.315542329659738	51.09150259890036
2007-08-14	6.349999904632568	6.349999904632568	6.139999866485596	6.295000076293945	1.458152174949646	55080	6.248666445465576	6.219192539801615	6.23161429150703	6.412084869858542	6.614166749670754	6.818705053176283	7.517050848548075	8.044854117768455	8.304501115160472	51.49007598258149
2007-08-16	5.809999942779541	6.159999847412109	5.809999942779541	6.070000171661377	1.4060338735580444	135280	6.189111020864176	6.19787934435301	6.216222470569348	6.398669783654731	6.599846576565244	6.803879213938364	7.502652334350197	8.031732164638175	8.292290727491078	42.99938076186336
2007-08-17	5.610000133514404	6.09499979019165	5.599999904632568	5.65500020980835	1.309904932975769	609940	6.011074083845567	6.120325182275201	6.162772731449253	6.369506270954873	6.574982198492694	6.781129134648661	7.484267736096049	8.015939925735651	8.277879303897183	32.39016492965471
2007-08-20	5.724999904632568	6.0	5.699999809265137	5.875	1.3608647584915161	155760	5.965716055897045	6.085278727664458	6.135365804644562	6.350113868172329	6.556561614321834	6.763185983467499	7.4682551218065365	8.001714411278936	8.264748815897745	40.737703823993336
2007-08-21	6.0	6.0	5.5	5.554999828338623	1.2867411375045776	467660	5.828810646710904	6.009524599189339	6.080092854520187	6.318932925433752	6.530204725217012	6.739261505148116	7.449217755702378	7.98545717152518	8.249941444381028	34.13577331578072
2007-08-22	5.510000228881836	5.699999809265137	5.454999923706055	5.599999904632568	1.2971646785736084	203550	5.752540399351459	5.951021071395514	6.034369716435652	6.290739473637627	6.5057256509911054	6.716701869494343	7.430817578079793	7.969606957127223	8.235460889519015	35.713535938541355
2007-08-23	5.695000171661377	5.695000171661377	5.400000095367432	5.465000152587891	1.2658936977386475	316700	5.656693650430269	5.881589511565854	5.980144043688246	6.258357539478814	6.478338137875231	6.691915696882334	7.411257205686839	7.952965051449221	8.220321759809009	33.148133245522544
2007-08-24	5.5	5.559999942779541	5.400000095367432	5.514999866485596	1.2774755954742432	222520	5.609462389115378	5.8292195622686735	5.935844598240375	6.229206258184962	6.452987130733399	6.668610432914082	7.392388973455981	7.936765947230193	8.205538580064072	35.010166160194814
2007-08-27	5.699999809265137	5.75	5.510000228881836	5.574999809265137	1.291373610496521	538200	5.5979748624986305	5.79290245469674	5.901478427861781	6.203551103325361	6.429882201221076	6.646954777000241	7.374305499185425	7.921073148971289	8.191164051261891	37.26819557384996
2007-08-28	5.769999980926514	5.769999980926514	5.574999809265137	5.599999904632568	1.2971646785736084	534790	5.598649876543276	5.765344947544715	5.8727661875542365	6.1798824288668195	6.408043193416115	6.626222997349396	7.356650717150074	7.905650735387644	8.17700468434042	38.231201226643726
2007-08-29	5.614999771118164	5.739999771118164	5.53000020980835	5.570000171661377	1.2902153730392456	463350	5.589099974915976	5.737438550989952	5.8439313288977734	6.155965477603861	6.385989429685727	6.605307693870426	7.338873099782027	7.890131462538964	8.162758758041626	37.487517723574435
2007-08-30	5.699999809265137	5.900000095367432	5.65500020980835	5.699999809265137	1.3203281164169312	813010	5.626066586365696	5.7320901593149785	5.830223565123236	6.138084471002342	6.367937071253607	6.587380805066361	7.32256590286146	7.875579092749769	8.149301058867984	42.689993839153075
2007-08-31	5.789999961853027	5.949999809265137	5.789999961853027	5.885000228881836	1.3631807565689087	752810	5.712377800537743	5.7539344549673865	5.835440390243103	6.1281595987623225	6.355228206980666	6.573472278805281	7.308261766801961	7.862352655116095	8.136927830288824	49.172690852409595
2007-09-03	6.059999942779541	6.269999980926514	5.925000190734863	5.989999771118164	1.3875025510787964	433680	5.804918457397883	5.7876580715603545	5.850160331278823	6.122741566305689	6.345616932352705	6.5619183677619715	7.295144732019038	7.849911772165942	8.125195982970952	52.45959841460414
2007-09-04	6.099999904632568	6.099999904632568	5.949999809265137	5.994999885559082	1.3886609077453613	862840	5.868278933451616	5.81727833070303	5.86395457454361	6.117732088629351	6.336390167963399	6.550692259203498	7.282207967377645	7.837586776241644	8.1135555671381	52.616740505305046
2007-09-05	6.005000114440918	6.079999923706055	5.550000190734863	5.675000190734863	1.314537525177002	2612480	5.803852685879365	5.796952882136149	5.8459589189427765	6.1003700534178025	6.318985168562649	6.53335182220412	7.26621585019712	7.823217430158543	8.100230127922782	42.85393402635549
2007-09-06	5.769999980926514	6.114999771118164	5.724999904632568	6.025000095367432	1.3956100940704346	2819770	5.877568489042054	5.829531055454904	5.863010459554649	6.097414368788376	6.311248719268038	6.523285451375671	7.253865444676427	7.811269142219731	8.088890073100075	53.10328194640773
2007-09-07	6.09499979019165	6.235000133514404	6.050000190734863	6.099999904632568	1.4129829406738281	993400	5.9517122942388925	5.868169462480284	5.885580882895403	6.097515762350894	6.305689539935526	6.514903559360956	7.242384195521761	7.7998985825015446	8.078021820813367	54.96715446004028
2007-09-10	6.039999961853027	6.295000076293945	6.0	6.119999885559082	1.4176156520843506	289430	6.007808158012289	5.904145237205827	5.907906502196706	6.098397492672784	6.300802970083514	6.507083684632206	7.2312161924375555	7.788736464913887	8.067322247396676	55.47534713537594
2007-09-11	6.21999979019165	6.380000114440918	6.010000228881836	6.079999923706055	1.4083499908447266	604240	6.031872079910211	5.929267335277288	5.924296351864263	6.097676019379971	6.294992363599897	6.498626580455451	7.219761304191471	7.777382733743071	8.056462562567766	54.158958884817935
2007-09-12	6.210000038146973	6.380000114440918	6.050000190734863	6.135000228881836	1.4210901260375977	542930	6.066248129567419	5.958657748649366	5.944363387770698	6.09913971387024	6.290782044265211	6.491426058642111	7.2089676616510765	7.766469893179209	8.045962768394618	55.7150337658877
2007-09-13	6.099999904632568	6.53000020980835	6.054999828338623	6.449999809265137	1.4940555095672607	1069480	6.1941653561333245	6.0288494715944765	5.992519237436835	6.112898933297491	6.29497198544942	6.49060573687227	7.2014157427218635	7.757722583651541	8.037241659328338	63.38165913753245
2007-09-14	6.474999904632568	6.800000190734863	6.230000019073486	6.340000152587891	1.4685754776000977	699860	6.2427769549515135	6.07329956887925	6.025612657927412	6.1218048634657425	6.296156937216222	6.48762344807456	7.192844443317545	7.748302501053111	8.027967115575658	59.507431228711205
2007-09-17	6.445000171661377	6.84499979019165	6.255000114440918	6.71999979019165	1.5565977096557617	867680	6.4018512333648925	6.1656853147810216	6.091744765762101	6.145263488043229	6.3073106965050485	6.492224959799651	7.188139521395895	7.7414699249012076	8.020819753141865	67.00958380514109
2007-09-18	6.789999961853027	7.0	6.644999980926514	6.695000171661377	1.5508068799972534	753270	6.499567546130387	6.241301722906787	6.149197661562032	6.166821789361587	6.3175130511144255	6.496240310529585	7.183232662194556	7.7345166375042655	8.01357483739607	66.14138589242228
2007-09-19	6.800000190734863	6.889999866485596	6.670000076293945	6.690000057220459	1.549648642539978	496430	6.563045049827077	6.305401484951597	6.200702651624739	6.1873385841795825	6.327315340748795	6.500077137196731	7.178324875080386	7.727576328000719	8.006342188324071	65.95731884068621
2007-09-20	6.650000095367432	6.875	6.599999904632568	6.699999809265137	1.5519644021987915	689940	6.608696636306431	6.361772674139245	6.248254761876205	6.207442945947643	6.337122826762383	6.5040360019901655	7.173565421689189	7.720748577045665	7.9992037053783935	66.16014558596109
2007-09-21	6.840000152587891	6.840000152587891	6.309999942779541	6.409999847412109	1.484790325164795	277130	6.542464373341657	6.3686622703210825	6.263659055736768	6.215386353848211	6.33904064309527	6.502173899919313	7.1659677542834475	7.712039283161056	7.990519531291146	55.780606084519526
2007-09-24	6.199999809265137	6.409999847412109	6.179999828338623	6.239999771118164	1.445412039756775	840810	6.44164283926716	6.350281913292094	6.261405790534996	6.216351585898013	6.33643430435903	6.49698233301236	7.156754142510659	7.702258289725555	7.980953849541567	50.75386398325684
2007-09-25	6.230000019073486	6.364999771118164	6.210000038146973	6.264999866485596	1.4512031078338623	224040	6.382761848339972	6.338098763748309	6.261748083482672	6.2182593616073305	6.334554450730781	6.492388620803909	7.147880965634787	7.69270839987014	7.97157705181995	51.4468083860016
2007-09-26	6.099999904632568	7.0	6.099999904632568	6.739999771118164	1.5612303018569946	2199640	6.501841155932703	6.395513193372573	6.307295863257481	6.238719769823442	6.345224064425186	6.497291811899241	7.143822446286363	7.686378109978101	7.964847121324312	62.30090525218801
2007-09-27	6.400000095367432	6.949999809265137	6.400000095367432	6.800000190734863	1.575128197669983	6606700	6.601227500866757	6.453297050138615	6.354220084921994	6.260730766721929	6.357191857222809	6.503286037222718	7.140401329315701	7.680488555697415	7.9584818375505995	63.41351297380714
2007-09-28	7.380000114440918	7.800000190734863	6.65500020980835	6.715000152587891	1.5554393529891968	551060	6.639151718107135	6.490683207631369	6.388580091366364	6.2785452524421625	6.366607864995575	6.507478395942821	7.136168481786071	7.674073350361139	7.9516868556655576	60.681294032637346
2007-10-01	6.715000152587891	7.0	6.505000114440918	6.900000095367432	1.5982918739318848	683020	6.7261011771939	6.549157048736521	6.437286758414085	6.302916030596094	6.380644502636939	6.51525110286212	7.133818547592851	7.668930006474138	7.945939933478136	64.28780597186534
2007-10-03	6.710000038146973	7.170000076293945	6.710000038146973	7.074999809265137	1.6388286352157593	1456650	6.842400721217646	6.624277443097752	6.498021334685613	6.333193825838017	6.398917010706103	6.52633523566218	7.1332332865149635	7.664983626426237	7.941180697826699	67.33963127510232
2007-10-04	7.074999809265137	7.195000171661377	6.804999828338623	6.90500020980835	1.5994504690170288	580700	6.863267217414547	6.66438069548498	6.536781227554445	6.35561760560156	6.412234989629846	6.533833551981906	7.130962310627336	7.659933902727779	7.935518509367582	61.8134939589168
2007-10-05	6.849999904632568	6.96999979019165	6.760000228881836	6.835000038146973	1.5832358598709106	236820	6.853844824325356	6.688754887293836	6.565183019039448	6.374416916681772	6.423360385643455	6.539797244777254	7.1280174123937	7.65445261459103	7.929504747229765	59.64305918209868
2007-10-08	6.545000076293945	6.699999809265137	6.425000190734863	6.525000095367432	1.5114285945892334	158210	6.744229914672714	6.665361345590064	6.561356073927827	6.380322139375328	6.426035114846718	6.539504231917653	7.122017240084981	7.646947946689211	7.921829858421774	51.08788995205163
2007-10-09	6.320000171661377	6.900000095367432	6.300000190734863	6.695000171661377	1.5508068799972534	282600	6.727820000335602	6.669595463600252	6.5740840832357845	6.3926624543669375	6.433113142657629	6.542583359437331	7.117768314031014	7.640622712303644	7.915125871062428	54.907712168421284
2007-10-10	6.659999847412109	6.900000095367432	6.454999923706055	6.704999923706055	1.553123116493225	192620	6.720213308125753	6.674653243615366	6.586552258518667	6.404910982576315	6.440268057948377	6.5457995290268105	7.113661165868577	7.63440594958871	7.908513160967584	55.129690516515275
2007-10-11	6.614999771118164	6.699999809265137	6.324999809265137	6.505000114440918	1.5067956447601318	161360	6.648475576897474	6.650417082304731	6.578785387654119	6.408836046571005	6.441971533119234	6.54499161982709	7.10760483699865	7.626901591880086	7.900843690767985	49.84461030295789
2007-10-12	6.130000114440918	7.0	6.130000114440918	6.724999904632568	1.5577555894851685	471230	6.673983686142505	6.661071771208708	6.592710579747305	6.421234629240086	6.449419648159059	6.548556140318287	7.103797822746252	7.620908889639239	7.894418314887464	54.95960923043511
2007-10-15	6.860000133514404	7.010000228881836	6.800000190734863	6.894999980926514	1.597133994102478	742340	6.747655784403841	6.694490086882681	6.621500046526277	6.439813662639554	6.461145446389781	6.555416414389737	7.101720232280384	7.616085574631181	7.888957012516093	58.48303456947548
2007-10-16	6.809999942779541	6.809999942779541	6.480000019073486	6.5	1.5056374073028564	320510	6.665103856269227	6.666705788756583	6.609928613523775	6.442173911163493	6.4621679346426815	6.554319059649346	7.095732966287544	7.608669723636954	7.88136708348595	48.90919620987796
2007-10-17	6.40500020980835	6.5	6.0	6.449999809265137	1.4940555095672607	210640	6.5934025072678635	6.635747791686376	6.594697298832476	6.442480809128263	6.461847720816957	6.5522533319189655	7.089307760745033	7.600970920219201	7.873545404391847	47.84156601412764
2007-10-18	6.599999904632568	6.849999904632568	6.0	6.130000114440918	1.4199320077896118	850780	6.438935042992215	6.563498123508453	6.550440424128518	6.430226664238563	6.4531148890702195	6.543891882067915	7.079762411030564	7.591197027822003	7.8640178345014045	41.58508034314017
2007-10-19	6.099999904632568	6.394999980926514	6.099999904632568	6.224999904632568	1.4419375658035278	637370	6.367623330205666	6.515141235097612	6.519446088938428	6.42217855601872	6.447111863163966	6.537577189445433	7.071257311464414	7.582119306073236	7.855061452370974	43.929406253099124
2007-10-22	6.449999809265137	6.5	6.050000190734863	6.40500020980835	1.483632206916809	5251040	6.3800822900732275	6.499406802913432	6.50854648140223	6.421504895383019	6.44600366175987	6.534951902719946	7.064627887567339	7.574297916729283	7.847137620444402	48.17346743419224
2007-10-23	6.605000019073486	6.650000095367432	6.420000076293945	6.489999771118164	1.5033209323883057	716740	6.41672145042154	6.498062941228394	6.506780128041843	6.42419096894126	6.447161454111404	6.534061761500109	7.058910194866352	7.567093277888013	7.839721566622947	50.094450128002755
2007-10-24	6.550000190734863	6.550000190734863	6.400000095367432	6.474999904632568	1.4998465776443481	132400	6.436147601825216	6.494768221714705	6.5037534400981025	6.426183476223272	6.447894044914593	6.532892219779959	7.05310014222721	7.559836843514223	7.832264071202235	49.74404713466527
2007-10-25	6.5	6.5	6.360000133514404	6.434999942779541	1.4905811548233032	114520	6.435765048809992	6.486229896152539	6.497205487972526	6.426529220009793	6.447554726437355	6.530953758849257	7.046949891486437	7.552362844173793	7.824628748096099	48.764470154904316
2007-10-26	6.550000190734863	6.690000057220459	6.340000152587891	6.585000038146973	1.5253266096115112	364620	6.485510045255652	6.500339916437458	6.505566873703425	6.432743761897526	6.45117170832445	6.532023982201688	7.0423533755328105	7.545935184333083	7.817854820719329	52.538904329178784
2007-10-29	6.400000095367432	6.795000076293945	6.400000095367432	6.519999980926514	1.5102704763412476	330710	6.497006690479273	6.503148497078752	6.5069414553437195	6.4361655744084665	6.452982978656084	6.531785883166536	7.037155829317823	7.5391183391277234	7.8107627177696415	50.79272429499445
2007-10-30	6.449999809265137	6.630000114440918	6.400000095367432	6.409999847412109	1.484790325164795	308220	6.468004409456885	6.489841547126375	6.497708921254994	6.435139467467433	6.451851843623348	6.529374278498131	7.03091547128891	7.531615890677786	7.803108275855119	47.89181934599577
2007-10-31	6.400000095367432	6.889999866485596	6.400000095367432	6.644999980926514	1.5392248630523682	666400	6.5270029332800945	6.512007037669251	6.5117366412237105	6.443369291524652	6.4569346893418516	6.531663896368	7.027075516160926	7.525724755064821	7.796779815227094	53.94358006718001
2007-11-01	6.869999885559082	6.900000095367432	6.510000228881836	6.65500020980835	1.5415414571762085	564350	6.569668692122846	6.532434633689123	6.525380790612724	6.451668543222052	6.462146939880443	6.534106199604443	7.023373274306672	7.519939209913615	7.790540582410598	54.18741009981688
2007-11-02	6.550000190734863	6.599999904632568	6.400000095367432	6.449999809265137	1.4940555095672607	132960	6.52977906450361	6.520658230199982	6.518201649532001	6.451603102674722	6.461827278548462	6.532440726528417	7.017668065699294	7.512829978015619	7.783215222994502	48.5169305258963
2007-11-05	6.414999961853027	6.71999979019165	6.324999809265137	6.364999771118164	1.474366545677185	137270	6.474852633375128	6.498421307474008	6.503610994444969	6.448206893594072	6.459279186247665	6.529125064045046	7.011173853812914	7.5052031992322465	7.775465411782063	46.35107110290476
2007-11-06	6.349999904632568	7.400000095367432	6.329999923706055	7.114999771118164	1.6480937004089355	3138060	6.6882350126228065	6.5865039451374585	6.561838496985273	6.474355633889135	6.476534991112678	6.540726543393029	7.012206947517444	7.50261048542418	7.771856309920512	62.33030304088172
2007-11-07	7.300000190734863	7.599999904632568	6.5	6.625	1.534591794013977	2487190	6.667156675081871	6.592003381546393	6.567853878224771	6.480263256089561	6.480441965030765	6.542395324711978	7.008354142069509	7.496779186517707	7.765589335549362	51.53126757501318
2007-11-08	6.550000190734863	6.925000190734863	6.550000190734863	6.724999904632568	1.5577555894851685	401810	6.68643775159877	6.611002884844418	6.582820166454085	6.489860771718699	6.486877700283444	6.546011256987633	7.005534696920883	7.491651084976942	7.7599030545061005	53.309161296759335
2007-11-12	6.599999904632568	6.789999961853027	6.304999828338623	6.369999885559082	1.4755245447158813	543690	6.580958462918874	6.576573884946513	6.562551568273609	6.485160344810478	6.483801968317014	6.542525883295978	6.999210967454596	7.484198253087122	7.752307955222237	46.752768807112425
2007-11-13	6.599999904632568	6.690000057220459	6.400000095367432	6.585000038146973	1.5253266096115112	289610	6.582305654661574	6.577777621118007	6.564689517785357	6.489075626902106	6.486465075417803	6.543366955669265	6.995089465670441	7.4782235141174205	7.745929223434941	50.706842906908264
2007-11-14	6.644999980926514	6.885000228881836	6.574999809265137	6.664999961853027	1.543857455253601	551120	6.609870423725392	6.590237955508724	6.574242893410849	6.495974620429593	6.49116336190294	6.545775530049141	6.9918049929956405	7.472820035364833	7.740022506158537	52.13125388976785
2007-11-15	6.599999904632568	6.875	6.599999904632568	6.800000190734863	1.575128197669983	346610	6.673247012728549	6.620203989112458	6.595743588394089	6.507897191814114	6.499290646872201	6.550809681745888	6.989896487500508	7.46834947161314	7.734885772194473	54.51962772836492
2007-11-16	6.800000190734863	7.0	6.599999904632568	6.724999904632568	1.5577555894851685	949180	6.690497976696555	6.635174834186759	6.6080537137501345	6.516411023689347	6.505230364181685	6.554258993090179	6.9872607006063	7.4634102718325375	7.729367270185938	52.93931983376234
2007-11-19	6.900000095367432	7.0	6.75	6.985000133514404	1.6179808378219604	621720	6.788665362302505	6.685149876947851	6.643953372775303	6.534787067211898	6.5178558844272825	6.562788520623332	6.987238207401406	7.4602314669267695	7.725299690204126	57.534672049056525
2007-11-20	7.199999809265137	8.270000457763672	7.005000114440918	8.270000457763672	1.9156346321105957	2870220	7.2824437274562275	6.911557102778683	6.798814999917052	6.602834651155105	6.563964952146661	6.596594697596409	7.000002010887598	7.465611991782828	7.728276197130682	72.0572549172056
2007-11-21	8.5	8.9399995803833	7.650000095367432	7.820000171661377	1.811397671699524	5390760	7.461629208857944	7.041334684047639	6.896070730559369	6.650566632351429	6.5970185105549435	6.620820548567992	7.008161196566939	7.467966730519563	7.728777421035221	63.82540915691594
2007-11-22	8.0	8.899999618530273	7.699999809265137	8.494999885559082	1.9677520990371704	2572510	7.8060861010916565	7.249001141406416	7.048349697702199	6.722897348163494	6.646965388844526	6.6579330106866275	7.022955611382781	7.474790871084609	7.732964429038083	69.46111339017901
2007-11-23	8.994999885559082	10.194999694824219	8.300000190734863	10.194999694824219	2.361534595489502	13278950	8.602390632335844	7.66985807760896	7.348030649809058	6.85905822450313	6.740334712686097	6.727973935124996	7.054518239078716	7.49286534831876	7.746418173659865	78.53224051770992
2007-11-26	10.739999771118164	10.744999885559082	9.5649995803833	9.779999732971191	2.2654051780700684	8399120	8.994926999214293	7.97130688551785	7.579646752967356	6.973604950325407	6.8203258974304415	6.788410089537791	7.081637457923417	7.508062254529075	7.757530641197086	72.84390577611735
2007-11-27	9.800000190734863	10.079999923706055	9.194999694824219	9.369999885559082	2.1704342365264893	3854160	9.119951294662556	8.171120171238027	7.750156575118949	7.067581222295355	6.887422581328564	6.839530679558015	7.104407233322777	7.52043393314057	7.766341948543326	67.63185343488868
2007-11-28	9.369999885559082	9.699999809265137	9.125	9.204999923706055	2.132214307785034	1581350	9.148300837677056	8.318817278733459	7.888713084508198	7.1514015635271475	6.9484114587595505	6.886371654689659	7.125308653127586	7.531627062645988	7.774203467533287	65.59767601091345
2007-11-29	9.295000076293945	9.395000457763672	8.5	8.770000457763672	2.0314524173736572	1743690	9.022200711039261	8.383272018594917	7.972645215294434	7.214876029967796	6.996348011364922	6.923671234948551	7.14167374571103	7.539855457297933	7.779644981141103	60.43674372469964
2007-11-30	8.989999771118164	9.234999656677246	8.819999694824219	8.994999885559082	2.0835704803466797	1233320	9.013133769212535	8.470661713875513	8.07001232674821	7.284684808618434	7.0489441133174	6.964687643871532	7.160114801828921	7.549524191040532	7.786286264771802	62.097789569675335
2007-12-03	8.710000038146973	9.895000457763672	8.710000038146973	9.895000457763672	2.292043685913086	2094810	9.307089332062914	8.674138677288108	8.243820720178253	7.387050128192757	7.123840332908091	7.022713640186227	7.187327594425287	7.565108750952313	7.797809293148807	67.90279761366317
2007-12-04	10.149999618530273	10.470000267028809	9.505000114440918	9.59000015258789	2.2213943004608154	2102060	9.401392938904573	8.804976030902361	8.372028285169646	7.473440325227861	7.188739275531243	7.073550996867448	7.211234784058745	7.578563178870158	7.807602685823338	64.30822719062365
2007-12-05	9.649999618530273	10.359999656677246	9.550000190734863	10.015000343322754	2.3198397159576416	2847220	9.6059287403773	8.977836646962418	8.528501814517561	7.573109345545308	7.263114566788914	7.131797518579434	7.2391329488275415	7.594752130128979	7.819664968104755	66.93488165200512
2007-12-06	10.199999809265137	10.5	9.75	9.829999923706055	2.276987314224243	2746230	9.680619134820217	9.099574257925795	8.652454015392657	7.661614858414357	7.330664181444629	7.185227269176001	7.264912719721855	7.6096042749368005	7.830650405020609	64.70272003949765
2007-12-07	10.0	10.0	9.420000076293945	9.755000114440918	2.2596139907836914	1488110	9.705412794693784	9.19320652314224	8.757458405778205	7.743708397866379	7.394462495470846	7.236113860171346	7.289689708724035	7.6238593967939705	7.841165977203234	63.77420210247864
2007-12-10	9.795000076293945	10.279999732971191	9.699999809265137	10.0649995803833	2.3314218521118164	2594570	9.82527505659029	9.317748388462393	8.881986136692976	7.834739424631748	7.464739787179069	7.292131399185444	7.317304732322635	7.640079597349382	7.853318073395475	65.94930219057696
2007-12-11	10.350000381469727	10.800000190734863	10.199999809265137	10.345000267028809	2.39628005027771	2737670	9.998516793403128	9.464498656829024	9.02132081577258	7.9331810262943785	7.540536115596168	7.352584248053629	7.347431056051054	7.658052492164527	7.866933823087461	67.82826671196952
2007-12-12	10.399999618530273	11.380000114440918	10.125	11.1850004196167	2.5908546447753906	5654960	10.39401133547432	9.710284622941549	9.22738553994821	8.060703355444273	7.636443070965129	7.428473677193492	7.385615825837776	7.6814873621143755	7.885065334543905	72.69597161661132
2007-12-13	11.295000076293945	11.460000038146973	10.850000381469727	10.949999809265137	2.5364201068878174	2869020	10.579340826737925	9.887386792416347	9.391444041787917	8.174009098731366	7.72364193249934	7.498206867927584	7.421082333135561	7.703205052793118	7.901813610362053	69.52658660752027
2007-12-14	10.970000267028809	11.1899995803833	10.699999809265137	10.960000038146973	2.538736343383789	1135450	10.706227230540941	10.040617256092151	9.540830327155446	8.283263645375115	7.808809251069015	7.566757227733908	7.456295444628212	7.7248448865828445	7.918525011606779	69.58735035441592
2007-12-17	10.989999771118164	11.300000190734863	10.104999542236328	10.274999618530273	2.380065441131592	2093070	10.562484693204052	10.074100450726169	9.610751212048287	8.361370938440023	7.873708997581153	7.620385789927895	7.48434225232873	7.741789436296781	7.931401922027126	60.66414111401027
2007-12-18	10.600000381469727	10.880000114440918	9.850000381469727	10.079999923706055	2.3348960876464844	763560	10.40165643670472	10.074943232580438	9.655441565539503	8.428768153548495	7.931769285110756	7.66909102029974	7.510169691844922	7.757325718605148	7.943142894713896	58.36955207540123
2007-12-19	10.239999771118164	10.770000457763672	9.850000381469727	9.899999618530273	2.293201446533203	3150700	10.234437497313237	10.049951287716128	9.678732808681481	8.486463505116408	7.983564820200744	7.713267428185493	7.533949094100498	7.771562754485049	7.953836100854969	56.254344829710355
2007-12-20	10.109999656677246	10.699999809265137	10.069999694824219	10.244999885559082	2.3731162548065186	1320610	10.237958293395186	10.077815373122265	9.732663006479347	8.55542571611416	8.043076269289122	7.763400744173089	7.560924723866255	7.787997552698165	7.966356121536412	59.29876783531973
2007-12-24	10.0	11.100000381469727	10.0	10.829999923706055	2.5086238384246826	1927400	10.435305503498808	10.185270308919948	9.837171284310463	8.644624704647175	8.116416365457988	7.824125480401465	7.593452835307447	7.808210193037088	7.982004448324225	63.888025589339605
2007-12-26	10.880000114440918	10.895000457763672	10.520000457763672	10.5649995803833	2.447239875793457	608940	10.478536862460306	10.239517347700428	9.906488264888829	8.719933523303494	8.18085276585076	7.878400215054571	7.623020464611685	7.826527730494538	7.996119175821815	60.55702543087374
2007-12-27	10.59000015258789	10.640000343322754	10.210000038146973	10.295000076293945	2.3846983909606934	1053740	10.417357933738186	10.247443451785216	9.943489389784554	8.78170083910704	8.23648822138874	7.92625367765337	7.649607326419468	7.842929540101179	8.008681366534777	57.280145616105536
2007-12-28	10.199999809265137	10.524999618530273	9.960000038146973	10.21500015258789	2.3661675453186035	1408780	10.34990534002142	10.242808694757027	9.969347557670586	8.837908655321975	8.28855432484135	7.971575390028311	7.675133623197263	7.85869080662933	8.020737753343811	56.30789866739322
2007-12-31	10.295000076293945	10.78499984741211	10.100000381469727	10.350000381469727	2.3974382877349854	1640440	10.34993702050419	10.25812179285884	10.005600207556219	8.897206370072867	8.342802905278939	8.01867291461131	7.701749212831815	7.875244358621624	8.033465964426465	57.61530666157733
2008-01-01	10.420000076293945	10.600000381469727	10.210000038146973	10.300000190734863	2.385856866836548	1121880	10.333291410581081	10.264104421126843	10.03363830119228	8.952217892451769	8.394308097001463	8.06384771215831	7.727602456393039	7.891355693054271	8.045851397357113	56.935766366797104
2008-01-02	10.395000457763672	10.899999618530273	10.350000381469727	10.675000190734863	2.47271990776062	1653650	10.447194337299008	10.322803816785132	10.094720385910621	9.019777982580518	8.454326309994448	8.115553701833093	7.756929797033256	7.909851669783046	8.06021833065426	60.68135571558236
2008-01-03	10.600000381469727	10.680000305175781	10.3100004196167	10.375	2.403228998184204	540710	10.423129558199339	10.330260414387256	10.121413682490562	9.072923944047949	8.504870354468277	8.160295212687883	7.782980246814019	7.926231392907411	8.07286741081462	56.451243414618666
2008-01-04	10.59000015258789	10.664999961853027	10.300000190734863	10.354999542236328	2.3985962867736816	906580	10.400419552878335	10.333794575508552	10.143659954847301	9.123201418486708	8.5535579646727	8.20375470436211	7.808572478609266	7.942369387255112	8.085338078199438	56.17011481965427
2008-01-07	10.3100004196167	10.5	10.100000381469727	10.1899995803833	2.3603761196136475	996600	10.330279562046657	10.313252433347802	10.148073252517396	9.165036640521869	8.596622217717716	8.2430862860655	7.832268270666719	7.957303807143007	8.096838960725034	53.790190307846906
2008-01-08	10.199999809265137	10.319999694824219	9.414999961853027	9.829999923706055	2.276987314224243	727460	10.163519682599789	10.244216360541838	10.117780554535363	9.191113632019288	8.62907952577004	8.274510318494025	7.852146197562633	7.9697469707082105	8.106309785659356	48.919986610883136
2008-01-09	9.505000114440918	9.824999809265137	9.359999656677246	9.635000228881836	2.2318179607391357	537370	9.98734653136047	10.157185484590409	10.071801475901694	9.20852094954331	8.65555112322035	8.30145071275913	7.869886038670287	7.980811776410361	8.114663285349096	46.465872942799294
2008-01-10	9.600000381469727	9.864999771118164	8.604999542236328	8.8149995803833	2.0418763160705566	649010	9.596564214368081	9.965444641132251	9.952106057280895	9.193088738988015	8.659747135250955	8.31161999726654	7.879290153513202	7.986354552516493	8.1184902596389	37.863890887764875
2008-01-11	9.0	9.0	8.5	8.5600004196167	1.9828088283538818	441640	9.251042949450953	9.764666895201458	9.819524567979544	9.168261746071494	8.657122221681632	8.316538421471494	7.886063389991844	7.990166152962342	8.120902883463916	35.653467609852314
2008-01-14	8.520000457763672	8.949999809265137	8.520000457763672	8.8100004196167	2.0407180786132812	651030	9.104028772839536	9.62828597011792	9.723379410992607	9.154212282288952	8.661145332153607	8.32630994618724	7.8952567932716935	7.995613556727487	8.124668443770762	39.38928430541773
2008-01-15	8.699999809265137	9.300000190734863	8.699999809265137	8.774999618530273	2.0326104164123535	602200	8.994352388069782	9.506387919891113	9.633057525996193	9.139341197435671	8.664141497584572	8.335194890194034	7.904010453224515	8.00079220165641	8.128222166037208	39.04748112959818
2008-01-16	8.510000228881836	8.699999809265137	8.055000305175781	8.25	1.911001443862915	643960	8.746234925379854	9.32690393133524	9.501337761615604	9.104465072046038	8.65324303712182	8.333507862665439	7.907453135281982	8.002448067426135	8.128887618681814	34.246985870700556
2008-01-17	8.199999809265137	8.819999694824219	8.154999732971191	8.305000305175781	1.9237415790557861	805470	8.599156718645164	9.180917699026745	9.387400861002288	9.07311351256093	8.644078754702187	8.332943356576534	7.911408828514756	8.004458381298226	8.129849983088885	35.14651888785513
2008-01-18	8.449999809265137	8.449999809265137	7.5	7.614999771118164	1.7639122009277344	621290	8.27110440280283	8.957215137896947	9.2186007572038	9.015932581523959	8.616997728818397	8.318726651913991	7.908459484660064	8.001870616446531	8.127036593952432	29.663786583690744
2008-01-21	7.650000095367432	7.650000095367432	6.09499979019165	6.09499979019165	1.4118245840072632	1019070	7.545736198599104	8.548327231081904	8.921114950821691	8.901386197550144	8.55062936201243	8.27469245663236	7.890415109590727	7.989200378398326	8.115932567702373	21.6511622863486
2008-01-22	6.400000095367432	6.699999809265137	4.885000228881836	6.065000057220459	1.4048757553100586	1078390	7.052157484806222	8.193566206244554	8.649104008573955	8.790155368517608	8.485218064517904	8.230936171495491	7.872251775736296	7.976414994204453	8.10472528622433	21.527567078332098
2008-01-23	7.0	7.28000020980835	5.599999904632568	7.235000133514404	1.6758904457092285	971360	7.113105034375616	8.056628195854532	8.514427449044474	8.729168888713561	8.45231759264939	8.211214665792896	7.865910963375879	7.97148864961515	8.099972689761435	36.703440804496715
2008-01-24	6.400000095367432	7.400000095367432	6.144999980926514	6.53000020980835	1.5125865936279297	706870	6.91873675951986	7.83853848356222	8.325434378641033	8.642926979736886	8.401730293100941	8.177923290426866	7.852618319061774	7.961910653337364	8.091393605171527	32.61094842270732
2008-01-25	6.989999771118164	7.199999809265137	6.309999942779541	6.664999961853027	1.543857455253601	386240	6.834157826964249	7.67089012331805	8.167297767518365	8.565361214329677	8.356026863331259	8.147964412633325	7.840801220980095	7.953293306550093	8.083599104388366	34.12564641867741
2008-01-28	6.5	6.679999828338623	6.099999904632568	6.46999979019165	1.4986883401870728	196190	6.712771814706716	7.49933436144285	8.005650341106296	8.48319017808897	8.306394571932849	8.114737390406757	7.8271614057483685	7.94343753567728	8.074781621797127	32.97278002890436
2008-01-29	6.75	6.75	6.5	6.625	1.534591794013977	274110	6.683514543137811	7.3744294526653	7.874159832429506	8.410319975026658	8.262147346355668	8.085237640101672	7.8151996007160465	7.934677153380421	8.066859317852881	34.85664676252009
2008-01-30	6.679999828338623	6.679999828338623	6.5	6.5	1.5056374073028564	176380	6.62234302875854	7.2495109594274	7.74328746743622	8.335405466202083	8.21577504776736	8.053846795743224	7.802113037524842	7.925144414819754	8.058297245077728	34.026082330313685
2008-01-31	6.599999904632568	7.489999771118164	6.300000190734863	6.619999885559082	1.5334336757659912	326220	6.621561981025388	7.15958080601764	7.636307697733636	8.268134659118044	8.173780964551353	8.025453787620766	7.790350717604785	7.916472358146926	8.050437696665059	35.61224066685163
2008-02-01	6.699999809265137	6.864999771118164	6.5	6.784999847412109	1.5716536045074463	157500	6.676041269820962	7.106069240502564	7.555230759607776	8.20997250963938	8.137234093047688	8.000890343260199	7.780347226359086	7.908954268374602	8.04352273574018	37.82570647841907
2008-02-04	6.800000190734863	7.0	6.420000076293945	6.494999885559082	1.5044795274734497	873370	6.615694141733669	7.018773618367781	7.454256390650757	8.142718681244075	8.094017403376935	7.9710707302364145	7.767557700579982	7.899559222641608	8.035060862241922	35.514823531612706
2008-02-05	6.940000057220459	6.940000057220459	6.5	6.565000057220459	1.5206941366195679	236270	6.5987961135625985	6.9539488239181635	7.3695653112764425	8.080847362654913	8.05378010479387	7.943227746612337	7.755591952884862	7.890691719881334	8.0270277430888	36.52290079409182
2008-02-06	6.25	6.570000171661377	6.010000228881836	6.465000152587891	1.497530460357666	122780	6.554197459904363	6.884099013728124	7.283416248544199	8.017480805397382	8.011970106051606	7.913955913067298	7.74275024342917	7.881218686211611	8.018492073195352	35.6651461102288
2008-02-07	6.510000228881836	6.820000171661377	6.224999904632568	6.385000228881836	1.4789992570877075	403720	6.497798382896854	6.812799187321512	7.197852818100165	7.953461959259517	7.969155109283981	7.8836795628854075	7.729240293035664	7.871277035332343	8.009565888253748	34.95782453866673
2008-02-08	6.414999961853027	6.534999847412109	6.010000228881836	6.110000133514404	1.4152990579605103	263410	6.368532299769371	6.712399322491925	7.094247800520568	7.881169338642062	7.920229978342676	7.848557197947367	7.713128450652368	7.859574198775413	7.999185747517467	32.56684152133672
2008-02-11	6.025000095367432	6.300000190734863	5.914999961853027	6.15500020980835	1.4257230758666992	236080	6.297354936449031	6.632770877822843	7.0047956490241665	7.813476431628975	7.873776563381247	7.81502141600402	7.6976246870618805	7.848248125759021	7.989108230917964	33.36993741156188
2008-02-12	6.224999904632568	6.224999904632568	5.900000095367432	5.965000152587891	1.381711721420288	357310	6.186570008495317	6.537375059932136	6.905767506506426	7.740987165784227	7.823545605202474	7.778387331579939	7.680384641942736	7.835734850189778	7.9780475310363785	31.65569992843461
2008-02-13	6.315000057220459	6.315000057220459	5.925000190734863	6.005000114440918	1.3909775018692017	185800	6.126046710477184	6.461321496290533	6.819980135833521	7.672909242202136	7.7756891449192755	7.74327075302273	7.663714149131773	7.823570499786131	7.967265851164272	32.442527405163034
2008-02-14	6.164999961853027	6.300000190734863	6.0	6.150000095367432	1.4245648384094238	266390	6.1340311721072664	6.416847010444376	6.756172512931989	7.613187314875285	7.732907854141596	7.711720839009754	7.648652317751034	7.81245043065378	7.957335437198169	35.348226969239285
2008-02-15	6.230000019073486	6.389999866485596	6.0	6.215000152587891	1.4396212100982666	250740	6.161020832267474	6.388011745036306	6.704632288137312	7.558356445765975	7.692962914627024	7.682082805615261	7.634387122077769	7.80183614309188	7.947814479358769	36.66333960921573
2008-02-18	6.215000152587891	6.440000057220459	5.949999809265137	6.039999961853027	1.3990848064422607	353940	6.1206805421293256	6.338295776010123	6.641333971348333	7.498813054239977	7.649463889554024	7.649566313659573	7.618522573219811	7.790129590392619	7.937389263416114	34.62142792304543
2008-02-19	6.199999809265137	7.25	6.144999980926514	6.900000095367432	1.5982918739318848	2614230	6.380453726542028	6.418539250204025	6.665968840302533	7.4753301931077205	7.629741158128061	7.634723418247847	7.611373095828244	7.784215108698099	7.931720470148089	49.50475687361423
2008-02-20	6.869999885559082	6.894999980926514	6.519999980926514	6.590000152587891	1.526484727859497	527900	6.450302535223982	6.443033664830291	6.658733727186853	7.440611367989296	7.602379552719109	7.614035828828838	7.601210180970131	7.776280125601021	7.9243886651340985	45.48516293409792
2008-02-21	6.71999979019165	7.199999809265137	6.53000020980835	6.744999885559082	1.5623881816864014	1316840	6.5485349853356825	6.486171696362976	6.666949551793731	7.413332486325365	7.579816929899108	7.596827196288842	7.592690675543156	7.769427765202071	7.917943917704727	47.768760657503165
2008-02-22	6.679999828338623	7.289999961853027	6.510000228881836	6.900000095367432	1.5982918739318848	2101510	6.6656900220129325	6.545290039077898	6.689144841657893	7.393201804327015	7.561927013200906	7.583028639834953	7.585798231959318	7.763650837163302	7.912381383156435	50.02330327849596
2008-02-25	6.980000019073486	7.039999961853027	6.585000038146973	6.815000057220459	1.5786030292510986	494960	6.715460033748775	6.583820041669692	6.701131052663852	7.370527226009111	7.542271040675105	7.567820153050508	7.578128598379827	7.757347509721821	7.906384763889026	48.779820332919336
2008-02-26	6.900000095367432	6.989999771118164	6.425000190734863	6.505000114440918	1.5067956447601318	716770	6.645306727312822	6.572560052065581	6.6824519156902396	7.33658498633977	7.514974437353152	7.546774211691901	7.567450703017251	7.749026264570453	7.8987269242745555	44.44093811720221
2008-02-27	6.670000076293945	6.769999980926514	6.269999980926514	6.349999904632568	1.4708919525146484	647290	6.546871119752738	6.540765745289437	6.650789819399033	7.297895375292429	7.484317212807873	7.523075710562014	7.555336764724866	7.739730408358241	7.890263935096184	42.40971168125921
2008-02-28	6.349999904632568	6.53000020980835	6.349999904632568	6.440000057220459	1.4917391538619995	317800	6.511247432241978	6.526370646993868	6.630714603953455	7.2642524216425475	7.456835182397678	7.501628667921588	7.544238887038255	7.73109432629088	7.882338995872819	44.00993909151269
2008-02-29	6.315000057220459	6.71999979019165	6.150000095367432	6.244999885559082	1.446569800376892	763670	6.422498250014346	6.486174823931756	6.593979868868276	7.224281733953	7.4249447798492945	7.4767449296569835	7.531311135779756	7.721219944624888	7.873391787619738	41.33029341443946
2008-03-03	6.110000133514404	6.159999847412109	5.900000095367432	5.989999771118164	1.3875025510787964	395880	6.2783320903822855	6.415292673529814	6.536457954796837	7.175878519724183	7.387183069093212	7.447304431468096	7.515974704290586	7.709716820548431	7.863100027966724	38.06624419524643
2008-03-04	6.139999866485596	6.139999866485596	5.349999904632568	5.835000038146973	1.351599097251892	1196820	6.130554739637181	6.33239372561798	6.469652438925421	7.1232950498584096	7.346336147226206	7.4153776117983705	7.4992485882095545	7.697260230632143	7.852017514361152	36.19507544975231
2008-03-05	5.695000171661377	5.800000190734863	5.264999866485596	5.375	1.2450464963912964	967600	5.87870315975812	6.195623193386839	6.365399825694428	7.054734459667884	7.294458880193938	7.374974094733056	7.4781117863368225	7.681829930096381	7.838481899528578	31.280771809951823
2008-03-07	5.0	5.400000095367432	5.0	5.264999866485596	1.2195663452148438	958410	5.674135395333946	6.062677003829519	6.260599829579301	6.98454878934701	7.241052064043719	7.333192426846968	7.45609077220895	7.665771258577372	7.824419156178616	30.223992360552593
2008-03-10	5.5	5.5	4.625	5.184999942779541	1.2010353803634644	432730	5.511090244482477	5.937294566536665	6.1581617451221815	6.913978246344365	7.186945429273608	7.29065396181593	7.4334928535081595	7.6492877282398455	7.809996100367692	29.444884129438933
2008-03-11	5.199999809265137	5.389999866485596	5.054999828338623	5.315000057220459	1.2311480045318604	287580	5.445726848728471	5.848395350920065	6.077860631988684	6.851273219319898	7.13768370895642	7.25153210231899	7.412413323196839	7.63377751115666	7.796362242208417	32.49032937770648
2008-03-12	5.679999828338623	5.679999828338623	5.204999923706055	5.320000171661377	1.2323062419891357	224300	5.403817956372773	5.77291032531168	6.005683445290845	6.791223295882309	7.089849931659182	7.213283945276265	7.391593291838277	7.61840357534606	7.782830209036029	32.610814490116034
2008-03-13	5.269999980926514	5.349999904632568	5.099999904632568	5.150000095367432	1.192928433418274	824180	5.319212002704326	5.683923149605359	5.924189792917187	6.726861601744471	7.038801251756768	7.172426839337476	7.369288881923144	7.602002223319625	7.768443159234561	30.61052855181947
2008-03-14	5.15500020980835	5.25	4.949999809265137	5.110000133514404	1.18366277217865	156260	5.249474712974352	5.601934147306651	5.846647920593113	6.6634552696570175	6.988043327592495	7.1315867065489	7.3468083968643505	7.585444069898992	7.753916148165052	30.142040807986938
2008-03-17	4.505000114440918	4.989999771118164	4.505000114440918	4.769999980926514	1.1049063205718994	457060	5.089649802291739	5.483086409252346	5.744110021577246	6.58920212107935	6.929673765838126	7.084822612972219	7.321168512128651	7.566736800204823	7.737610595338612	26.43811625880942
2008-03-18	4.800000190734863	4.900000095367432	4.449999809265137	4.5	1.042364478111267	315910	4.893099868194493	5.342645493644868	5.625623352855603	6.507272626135062	6.865734982526597	7.033638006774749	7.293097183649759	7.546359811499143	7.719918734161898	23.923962178900034
2008-03-19	4.699999809265137	4.800000190734863	4.315000057220459	4.349999904632568	1.0076189041137695	343830	4.7120665470071845	5.200838980928825	5.5041354054057905	6.4226736958800625	6.799531427845175	6.9804966582174774	7.263812633609787	7.525121539692721	7.701503877169935	22.636082936548103
2008-03-24	4.389999866485596	4.389999866485596	4.005000114440918	4.074999809265137	0.9439187049865723	302670	4.499710967759835	5.040004813548299	5.368027253392395	6.330608053267713	6.727833227356227	6.922962067149114	7.232083152770536	7.502197142812804	7.6816869150502365	20.461366380295054
2008-03-25	4.099999904632568	4.409999847412109	4.099999904632568	4.300000190734863	0.9960371851921082	268910	4.433140708751512	4.934289867432094	5.266310390282154	6.250976372384072	6.663942884287243	6.871022228012198	7.20290819792441	7.480920086652818	7.6632077526222835	26.66897375657868
2008-03-26	4.324999809265137	4.599999904632568	4.159999847412109	4.304999828338623	0.9971952438354492	821060	4.390427081947215	4.8443912904187405	5.174757003430389	6.174663566735231	6.60186543544649	6.820209903266187	7.174073288774303	7.459817626464684	7.6448568896480555	26.80567217695497
2008-03-27	4.070000171661377	4.300000190734863	4.070000171661377	4.195000171661377	0.9717154502868652	407920	4.325284778518602	4.75162113059626	5.081446828976198	6.097029708104884	6.538526875873197	6.7682255521453	7.144430770196065	7.438124487230111	7.6260052135934835	25.671786391690986
2008-03-28	4.199999809265137	4.599999904632568	4.199999809265137	4.474999904632568	1.0365734100341797	405470	4.375189820556591	4.712103812601447	5.023689979038709	6.033420696204009	6.48422353452476	6.722815143283662	7.11786926904618	7.418435951797568	7.608786605347795	33.395037697984165
2008-03-31	4.400000095367432	4.650000095367432	4.400000095367432	4.474999904632568	1.0365734100341797	174060	4.408459848581917	4.6782318257487505	4.971433781476219	5.97230615535807	6.431349228474965	6.678303950439086	7.091572061440075	7.398878237198465	7.591662087857548	33.395037697984165
2008-04-01	4.519999980926514	4.639999866485596	4.425000190734863	4.46999979019165	1.0354151725769043	192460	4.428973162451828	4.648484392097736	4.923678163258641	5.9133921802535045	6.379734769572773	6.634575155186662	7.065486765208747	7.379417250839616	7.574603823935877	33.323326576456374
2008-04-02	4.539999961853027	4.679999828338623	4.364999771118164	4.425000190734863	1.0249916315078735	127250	4.427648838546173	4.616558077617326	4.876185023018281	5.855023866939048	6.328294385919143	6.590821195494547	7.039213266955276	7.3597865726993845	7.557392875120571	32.64393452456276
2008-04-03	4.465000152587891	4.525000095367432	4.400000095367432	4.489999771118164	1.0400480031967163	81260	4.448432482736837	4.598478319546017	4.83940547521827	5.801493510240189	6.279918211845433	6.54922077124947	7.013847958538986	7.340718221858313	7.540631164169738	34.71443746359722
2008-04-04	4.590000152587891	4.795000076293945	4.414999961853027	4.715000152587891	1.0921663045883179	565420	4.537288372687188	4.615124295694856	4.827557349253472	5.7588859275871584	6.238736157654445	6.5128995708799335	6.990973851017085	7.323271590168808	7.525190557549072	41.426523671547734
2008-04-07	4.715000152587891	5.449999809265137	4.614999771118164	5.184999942779541	1.2010353803634644	749420	4.753192229384639	4.696535102421239	4.861599501017859	5.736380594849605	6.2110062572630005	6.486604528739332	6.97300396138288	7.309063805136321	7.512402630692408	52.42882112467605
2008-04-08	5.210000038146973	5.300000190734863	4.804999828338623	5.09499979019165	1.1801880598068237	378670	4.867128082986976	4.753458629245584	4.883828099986792	5.711228406431646	6.18163766602428	6.459047999263141	6.954317352714311	7.2943524163327025	7.499192779104972	50.4736821397977
2008-04-09	5.0	5.150000095367432	4.849999904632568	5.014999866485596	1.1616572141647339	332880	4.916418677486516	4.790821663137014	4.896320649177154	5.683925326433761	6.150936671299578	6.430452986732893	6.93502066130905	7.279207216665944	7.48561795444585	48.73399726386472
2008-04-10	5.050000190734863	5.244999885559082	5.0	5.074999809265137	1.1755552291870117	207270	4.969279054746056	4.831418541155317	4.913337712042676	5.660045894387933	6.122622543351303	6.403612329753333	6.9165129911394585	7.2645613202712545	7.472445177696229	50.122529499803605
2008-04-11	5.389999866485596	5.550000190734863	5.074999809265137	5.360000133514404	1.2415720224380493	3544470	5.099519414335505	4.9069301972066155	4.955876990278078	5.64827939396152	6.102553532566121	6.382946741708998	6.901025301013836	7.251906428664896	7.4609017621542515	56.192102288660486
2008-04-15	5.21999979019165	5.375	5.110000133514404	5.159999847412109	1.1952444314956665	243690	5.119679558694373	4.9430830043788285	4.975317262386081	5.6291311764497785	6.077749488219963	6.358729971524901	6.88370166465959	7.238006717161555	7.448328527647464	51.45960775191656
2008-04-16	5.400000095367432	5.664999961853027	5.199999809265137	5.449999809265137	1.2624189853668213	546910	5.229786308884628	5.015499690791159	5.02052512399361	5.622106416952342	6.061229759826415	6.34073531484649	6.869435974556162	7.2261262725908155	7.437408698585265	57.10131822786948
2008-04-17	5.59499979019165	5.59499979019165	5.284999847412109	5.34499979019165	1.2380973100662231	145010	5.268190802653636	5.062571133562657	5.051427473155329	5.611239490412706	6.042381602730764	6.3210177797048095	6.854267455308754	7.213627093305771	7.425974770124098	54.625716481207945
2008-04-21	5.525000095367432	5.590000152587891	5.400000095367432	5.46999979019165	1.2670518159866333	2457510	5.335460465166308	5.120775227366799	5.091291503349264	5.605700678639332	6.027318923453419	6.304165938328311	6.840493647695649	7.20204152982993	7.415286382255615	57.01494375551335
2008-04-22	5.425000190734863	5.760000228881836	5.425000190734863	5.494999885559082	1.2728426456451416	1483430	5.388640271963899	5.17423589282284	5.12973992070258	5.601359471067558	6.013310527719358	6.2881428481744654	6.827105650062449	7.190699060432781	7.404793013421208	57.49698451542996
2008-04-23	5.579999923706055	5.800000190734863	5.449999809265137	5.59499979019165	1.296006441116333	2583110	5.4574267780398165	5.234345021018385	5.174050384463444	5.601110071817522	6.002302350415997	6.274417243065895	6.814845890262739	7.180096407474368	7.394903432966402	59.45555939377589
2008-04-24	5.695000171661377	5.789999961853027	5.5	5.505000114440918	1.2751591205596924	251500	5.473284556840183	5.273010034364461	5.2055694063660605	5.597341053881185	5.989215449469285	6.259181260320846	6.801812598961029	7.168966199547235	7.384576092428011	56.913634023937206
2008-04-25	5.599999904632568	5.619999885559082	5.380000114440918	5.414999961853027	1.2543119192123413	119590	5.453856358511131	5.29329430971997	5.225515173555295	5.590190422821257	5.974104515584647	6.242464798965047	6.788013468243537	7.157311938831659	7.373813381331973	54.40853806064331
2008-04-28	5.465000152587891	5.465000152587891	5.304999828338623	5.349999904632568	1.239255428314209	148690	5.41923754055161	5.301395108993199	5.237370862229321	5.580771186813857	5.9576807100332765	6.224792226800047	6.7737048755707905	7.145303220996449	7.3627542912953645	52.60754811653617
2008-04-29	5.320000171661377	5.489999771118164	5.320000171661377	5.40500020980835	1.2519956827163696	114050	5.41449176363719	5.316195837681078	5.253335561998752	5.573878207323445	5.943136486343147	6.208558721513083	6.760085923672657	7.133739745839053	7.352056181560463	53.99520897113401
2008-04-30	5.579999923706055	5.599999904632568	5.269999980926514	5.300000190734863	1.2276737689971924	181970	5.376327906003081	5.313882173831619	5.257779812354572	5.563137892947422	5.9262118469850344	6.190567463477871	6.74555770742452	7.121555429858295	7.340842760845569	50.92935611702606
2008-05-02	5.400000095367432	5.440000057220459	5.0	5.199999809265137	1.204509973526001	246910	5.3175518737570995	5.297613264607835	5.252276954917483	5.548897183783411	5.907101003887142	6.170952262404351	6.730179021870695	7.108787618425782	7.3291441654817415	48.1266432077853
2008-05-05	5.389999866485596	5.389999866485596	5.065000057220459	5.324999809265137	1.2334644794464111	209750	5.3200345189264455	5.301525628130307	5.259202941045831	5.540116894586616	5.891782551397089	6.1542007286788225	6.7161971391582025	7.096935207733685	7.3181925569778254	51.704401679705924
2008-05-06	5.349999904632568	5.699999809265137	5.255000114440918	5.309999942779541	1.2299901247024536	785900	5.316689660210811	5.302736244508769	5.264040750734756	5.531092700398103	5.876472482749259	6.137483881433292	6.702205127253937	7.085061883714056	7.307218826845594	51.24762651160647
2008-05-07	5.400000095367432	5.480000019073486	5.300000190734863	5.329999923706055	1.2346224784851074	155490	5.321126414709226	5.306631055822667	5.270322576732022	5.523206709155278	5.862091625932332	6.121494100092159	6.688551344134058	7.073400342451545	7.29641435196505	51.858319712827985
2008-05-08	5.25	5.34499979019165	5.159999847412109	5.304999828338623	1.2288318872451782	256440	5.315750885919025	5.306398023324946	5.273625172123127	5.514649576574232	5.84743131546934	6.105325896691099	6.674784662384849	7.061650172922556	7.285532305387857	50.998355730241094
2008-05-09	5.300000190734863	5.389999866485596	5.0	5.144999980926514	1.1917697191238403	235600	5.258833917588188	5.28334116012517	5.261375153913926	5.500153513999812	5.828946280349792	6.086309541923483	6.659562924260886	7.04891495569999	7.273835407439981	45.767404273857956
2008-05-12	5.179999828338623	5.199999809265137	4.900000095367432	4.994999885559082	1.1570245027542114	194280	5.1708892402451525	5.242149549472872	5.236006080737274	5.480343567786449	5.807000322592141	6.064699449718248	6.6430001079553955	7.035267679486429	7.261382754314949	41.472608492922156
2008-05-13	5.190000057220459	5.28000020980835	4.949999809265137	5.0	1.1581825017929077	237830	5.113926160163435	5.207556756691033	5.213529311143248	5.461506565128158	5.785763471997611	6.0436162922980845	6.6266518481747445	7.021744306200805	7.249025471504485	41.66910641317788
2008-05-14	5.014999866485596	6.0	4.96999979019165	5.800000190734863	1.3434921503067017	4195700	5.3426175036872445	5.292191532983009	5.269383680628164	5.474780824955872	5.786138122490697	6.038792211079011	6.618426458548477	7.0136264051013635	7.241107300571318	63.04632674536887
2008-05-15	5.949999809265137	6.46999979019165	5.920000076293945	6.054999828338623	1.4025593996047974	9296440	5.580078278571038	5.40116414660524	5.3442042661243985	5.497534511363038	5.793213430539327	6.039113153995043	6.612820223422011	7.007256793295631	7.234625838974417	67.17568389098624
2008-05-16	6.014999866485596	6.099999904632568	5.704999923706055	5.735000133514404	1.3284355401992798	1759930	5.631718896885493	5.448855001877978	5.381422920161542	5.506846888702308	5.79168150167025	6.033091113985526	6.6040856951642235	6.9988032606725	7.226431162988297	58.36213730871884
2008-05-20	5.699999809265137	5.735000133514404	5.510000228881836	5.545000076293945	1.2844244241714478	510710	5.6028126233549775	5.46259001250883	5.397001696936057	5.508343092137274	5.785189885212978	6.023425944922326	6.59354752980233	6.9891434388493865	7.217243014973574	53.844908377416715
2008-05-21	5.400000095367432	5.585000038146973	5.300000190734863	5.494999885559082	1.2728426456451416	922510	5.566875044089679	5.467219994373152	5.406334857757297	5.507819829134207	5.777553306274718	6.012962062558697	6.582616707471551	6.979215574707923	7.207831850331965	52.68915607279753
2008-05-22	5.760000228881836	5.760000228881836	5.355000019073486	5.510000228881836	1.2763174772262573	608460	5.547916772353731	5.473331456445821	5.4162077502453485	5.507905335006663	5.77051243581701	6.003002422287868	6.571943906689564	6.969453346496454	7.198554081908741	53.01498803893936
2008-05-23	5.550000190734863	5.610000133514404	5.25	5.304999828338623	1.2288318872451782	252760	5.466944457682028	5.449284081001935	5.405616519587565	5.499948256313799	5.758262104041263	5.989180588744318	6.559337497949754	6.958393854681452	7.1882067909056255	48.1358833785846
2008-05-26	5.400000095367432	5.409999847412109	5.099999904632568	5.164999961853027	1.1964027881622314	296460	5.3662962924056945	5.408672063980663	5.382700656946181	5.486813029080044	5.74264994240473	5.9728601802910255	6.545463492615458	6.946477616190897	7.177151015883481	45.08430558110216
2008-05-27	5.130000114440918	5.289999961853027	5.005000114440918	5.050000190734863	1.1697646379470825	345020	5.260864258515418	5.357433224945549	5.351014898259389	5.469683113850821	5.724422317360786	5.95458572505229	6.530583260755949	6.933876437284213	7.1655272408826685	42.69022908326961
2008-05-28	5.019999980926514	5.15500020980835	4.909999847412109	4.96999979019165	1.1512335538864136	277840	5.163909435740829	5.302085591409278	5.314727745110081	5.450087689393599	5.704569092961599	5.935088973866931	6.5150550670189915	6.920827423017817	7.15352982311933	41.056882034486506
2008-05-29	5.199999809265137	5.21999979019165	4.949999809265137	5.005000114440918	1.1593409776687622	182030	5.110939661974192	5.259644808985226	5.285229875522542	5.4326332746895725	5.686159383000528	5.916671372690178	6.500029644605279	6.908097673459166	7.141789223618355	42.10061293848669
2008-05-30	5.050000190734863	5.21999979019165	4.860000133514404	5.010000228881836	1.160499095916748	536030	5.07729318427674	5.223981297541885	5.259017528223427	5.4160594297559355	5.668365721050036	5.89871748865437	6.485203481264747	6.895485730305829	7.130140103428538	42.257917183520256
2008-06-02	5.09499979019165	5.09499979019165	4.764999866485596	4.804999828338623	1.113013505935669	197200	4.9865287322973675	5.164126801941419	5.215777747282017	5.392096308131727	5.6456455659786835	5.877059713202573	6.468485036957024	6.881595458531961	7.117434418865205	37.73172876611896
2008-06-03	4.75	4.784999847412109	4.559999942779541	4.769999980926514	1.1049063205718994	161900	4.9143524818404165	5.10782297036786	5.173322721914826	5.367700373731522	5.62260226110889	5.855137738306017	6.451584688140801	6.86756492379704	7.104606908275376	37.00301367714848
2008-06-04	4.699999809265137	4.885000228881836	4.579999923706055	4.614999771118164	1.0690027475357056	167020	4.814568244932999	5.037419656189332	5.12014910755324	5.338182703040802	5.5960864061091335	5.830580550836951	6.433310211354506	6.852597713480237	7.091002497689818	33.882162903338724
2008-06-05	4.519999980926514	4.75	4.519999980926514	4.699999809265137	1.0886919498443604	106310	4.776378766377045	4.989216820914447	5.080134888668659	5.3131559228927365	5.572505179876397	5.808192813380083	6.416063341681975	6.838294737372496	7.077936909228481	37.01917208674673
2008-06-06	4.699999809265137	4.699999809265137	4.510000228881836	4.550000190734863	1.0539463758468628	120010	4.7009192411629845	4.926471588031649	5.029645869817821	5.28322824712184	5.545597153846357	5.783278107981168	6.397495549135237	6.823090122444671	7.064123047378789	33.95730661460511
2008-06-09	4.400000095367432	4.550000190734863	4.199999809265137	4.349999904632568	1.0076189041137695	141830	4.583946128986179	4.8441184904032095	4.964917682657321	5.246631057220299	5.514134068340731	5.754896361380206	6.377122458145161	6.8066576293030625	7.049291773374711	30.352521917739832
2008-06-10	4.300000190734863	4.360000133514404	4.159999847412109	4.230000019073486	0.9798225164413452	117240	4.465964092348615	4.756387280213249	4.894925524220765	5.206763173371405	5.4803410670442245	5.724700394205816	6.355758055766338	6.789536980730109	7.0338858075042126	28.404188082446264
2008-06-11	4.300000190734863	4.599999904632568	4.210000038146973	4.554999828338623	1.0551042556762695	237220	4.495642671011951	4.7276176442311595	4.862551648422466	5.1812038265073745	5.455989981815129	5.701538006762902	6.3378400634536245	6.77468955779063	7.02033998248145	39.69464301497782
2008-06-12	4.400000095367432	4.650000095367432	4.360000133514404	4.579999923706055	1.060895323753357	93950	4.523761755243319	4.706529398441859	4.835641960354236	5.157627202868107	5.43293761186489	5.679329331850885	6.32034911678947	6.760106902414653	7.0070047909034425	40.4722966263171
2008-06-13	4.599999904632568	4.739999771118164	4.480000019073486	4.630000114440918	1.072477102279663	62330	4.559174541642519	4.695596643584581	4.816057022648206	5.136935944498413	5.411807677722154	5.658550535466529	6.303529723731275	6.745953368939745	6.994015694310751	42.08096418266095
2008-06-16	4.690000057220459	4.760000228881836	4.614999771118164	4.635000228881836	1.0736353397369385	108300	4.5844497707222915	4.6869400129127605	4.79881351847998	5.117252190944821	5.391365376436883	5.638282212563862	6.286927440200435	6.731927102228396	6.981124899417697	42.249037730404154
2008-06-17	4.75	4.800000190734863	4.559999942779541	4.614999771118164	1.0690027475357056	119210	4.594633104187582	4.6766628355135325	4.781307447302664	5.0975560176182855	5.370934702612706	5.618019193921373	6.270291343990661	6.7178611398954375	6.968195253907863	41.72742960065208
2008-06-18	4.625	4.764999866485596	4.545000076293945	4.599999904632568	1.0655280351638794	116350	4.596422037669244	4.6657109882448236	4.7640400622864645	5.078044013187473	5.350646944771123	5.597860396113673	6.2536715286736655	6.7037889722192725	6.955254295715102	41.315453338176404
2008-06-19	4.5	4.684999942779541	4.400000095367432	4.440000057220459	1.0284662246704102	74060	4.544281377519649	4.633466569527057	4.733179109423036	5.053022681580923	5.326682552993474	5.574932468610838	6.235625046370648	6.6887471854086495	6.941509737034804	37.106993501839035
2008-06-20	4.574999809265137	4.59499979019165	4.360000133514404	4.385000228881836	1.0157262086868286	82140	4.491187661307045	4.597971378006311	4.70001921603816	5.026825722651547	5.301901439201062	5.551369453962739	6.217210869082202	6.673439896660963	6.9275397397224925	35.75859709909968
2008-06-23	4.235000133514404	4.519999980926514	3.9749999046325684	4.0	0.9265462160110474	326940	4.327458440871363	4.512546895433981	4.633350719272621	4.986558047253447	5.26764087501156	5.520649266755556	6.195149069389842	6.655676176417369	6.911542254805976	28.069423763781774
2008-06-24	4.050000190734863	4.050000190734863	3.8499999046325684	3.865000009536743	0.8952752947807312	304830	4.17330563042649	4.420040197448661	4.560174461202537	4.942575379107694	5.230729273288539	5.487864132949243	6.171963506605234	6.6371334776341095	6.894894482973904	25.961358612216834
2008-06-25	3.9000000953674316	3.990000009536743	3.7149999141693115	3.9049999713897705	0.9045407176017761	284590	4.083870410747584	4.3464630222973915	4.497776890744179	4.9018861474324815	5.195841660080676	5.456520288165887	6.149406655508563	6.618979766629164	6.878556261599128	27.694104059416212
2008-06-26	3.9649999141693115	4.099999904632568	3.9649999141693115	4.0	0.9265462160110474	74310	4.0559136071650554	4.296968304826335	4.450369567816161	4.866518063219443	5.164372142710132	5.427678302261612	6.12801952460798	6.601577907714685	6.862826445961974	31.77777772892314
2008-06-27	3.700000047683716	4.0	3.700000047683716	3.8949999809265137	0.9022241830825806	239990	4.002275731752208	4.2395442585549326	4.397477226207624	4.82841931489423	5.130967612136879	5.3973282364926005	6.105800424670851	6.583594001224398	6.846608815005496	29.776094383531852
2008-06-30	3.9000000953674316	4.079999923706055	3.5	3.549999952316284	0.8223095536231995	187970	3.8515171386069	4.141037929092269	4.316765104884639	4.778285222244114	5.089363200036337	5.360747478390099	6.080369574199661	6.563437230135308	6.828594558925227	24.348999546780377
2008-07-01	3.700000047683716	3.740000009536743	3.509999990463257	3.680000066757202	0.8524225354194641	179820	3.7943447813236673	4.075175377330116	4.256120815539169	4.735215216146588	5.0522746965289915	5.327465351427072	6.056485300493766	6.544278179215852	6.811389124541795	29.558963327278327
2008-07-02	3.680000066757202	3.700000047683716	3.299999952316284	3.6649999618530273	0.8489481210708618	343520	3.7512298415001206	4.016578889404818	4.199823591378584	4.693245990488017	5.0157674666690975	5.294545244702833	6.03268942647744	6.525146762489189	6.794195741139124	29.308153968512535
2008-07-03	3.549999952316284	3.990000009536743	3.505000114440918	3.7200000286102295	0.8616877794265747	127570	3.740819903870157	3.974210480719877	4.154126109210169	4.655079482179084	4.981668323562285	5.263366131512881	6.009677591672792	6.506507913759096	6.777396857464102	31.59989178715482
2008-07-04	3.6050000190734863	3.799999952316284	3.549999952316284	3.619999885559082	0.8385242819786072	49320	3.700546564433132	3.9236089671254777	4.103256945052922	4.614488125448887	4.945834943614833	5.23082422565241	5.9858997040497695	6.487328458422219	6.760143322098501	29.71374663134978
2008-07-07	3.7149999141693115	4.0	3.700000047683716	3.880000114440918	0.8987498879432678	104040	3.760364414435727	3.9173791310276833	4.081994389756541	4.58568467403681	4.917786658636572	5.204075233351192	5.964945479277542	6.4700040175984235	6.744404834624962	39.7784154336834
2008-07-08	3.890000104904175	3.890000104904175	3.5999999046325684	3.7100000381469727	0.8593716621398926	62750	3.743576289006142	3.887753546330439	4.046566356269915	4.551344100080346	4.886002800202635	5.174489585921406	5.942508211206591	6.451665120724992	6.727823387649673	36.13493499981914
2008-07-09	3.75	3.990000009536743	3.75	3.865000009536743	0.8952752947807312	135340	3.7840508625163425	3.884503041074197	4.029274323247709	4.524428645549224	4.859134305711428	5.148559099260323	5.921836487806891	6.434477977129057	6.712179544053428	41.404785512514934
2008-07-10	3.9000000953674316	3.9649999141693115	3.4000000953674316	3.7100000381469727	0.8593716621398926	525750	3.759367254393219	3.859574040656022	3.99886724847621	4.492490268788352	4.8288939302492055	5.120072781218474	5.899828164924703	6.416375133680671	6.695774191562136	38.02571674923308
2008-07-11	3.799999952316284	3.825000047683716	3.565000057220459	3.625	0.8396825790405273	118050	3.7145781695954794	3.8260634634194473	3.963260843859428	4.458471042561357	4.7972125110321215	5.090467379610188	5.877193058806049	6.397827790599736	6.678994004722998	36.27726668229535
2008-07-14	3.630000114440918	3.75	3.625	3.680000066757202	0.8524225354194641	36610	3.7030521353160535	3.8051972638962694	3.9362836269925494	4.42794276900041	4.767812183551203	5.062537333811119	5.855330441969742	6.37976913462736	6.662606059706792	38.25561197995436
2008-07-15	3.680000066757202	3.694999933242798	3.5399999618530273	3.5899999141693115	0.8315752148628235	45450	3.6653680616004727	3.774454785363847	3.9033042257712887	4.395082264889386	4.736817123830627	5.0333781769865285	5.8327898397030715	6.3612324620661775	6.645815862190194	36.271189189900475
2008-07-16	3.700000047683716	3.700000047683716	3.4600000381469727	3.549999952316284	0.8223095536231995	39870	3.62691202517241	3.742389809214195	3.869656199727955	4.361941782043383	4.705585093001302	5.004004350755435	5.810075512465392	6.342553176287108	6.628898835360282	35.392468363772636
2008-07-17	3.4749999046325684	3.680000066757202	3.4749999046325684	3.505000114440918	0.8118860721588135	48930	3.5862747215952457	3.7084769956751553	3.8349270487482374	4.328336226451129	4.673990751460239	4.9743210985511865	5.787139438853209	6.323699003118695	6.6118283505465145	34.383279436018846
2008-07-18	3.680000066757202	3.690000057220459	3.5350000858306885	3.575000047683716	0.8281006217002869	51740	3.582516496958069	3.689408860247807	3.810172096265902	4.298793631205348	4.64506994346612	4.946611770811237	5.765128101627641	6.305435222683911	6.595233660366937	37.37473503374354
2008-07-21	3.5999999046325684	3.5999999046325684	3.4749999046325684	3.509999990463257	0.8130441904067993	59770	3.558344328126465	3.663779021707157	3.78158427666565	4.267860547254678	4.615199681544992	4.918164012784544	5.742689015944413	6.28686090220404	6.578374459984949	35.74511794298797
2008-07-22	3.640000104904175	3.680000066757202	3.5250000953674316	3.640000104904175	0.8431569933891296	47620	3.585562920385702	3.660382033592445	3.768100069831224	4.243238569123285	4.589536534791286	4.892853836390874	5.72176673822262	6.269273787271815	6.5623177695200265	41.261391340067604
2008-07-23	3.700000047683716	4.144999980926514	3.700000047683716	3.819999933242798	0.8848513960838318	117130	3.663708591338067	3.6831845906853524	3.7730429139656594	4.226640975559344	4.5692855715926415	4.871609204645367	5.702843685436751	6.252999542394546	6.5473324261523915	47.92734666785854
2008-07-24	3.924999952316284	3.930000066757202	3.7049999237060547	3.7850000858306885	0.8767443895339966	44970	3.704139089502274	3.6977296614204005	3.7741816922385194	4.209321724981749	4.548646479862064	4.850092192391611	5.683760664545148	6.2366008749090724	6.532237713910196	46.814843983655045
2008-07-25	3.7200000286102295	3.8949999809265137	3.700000047683716	3.7799999713897705	0.8755861520767212	47130	3.7294260501314396	3.709482562844596	3.7747358140624483	4.1924855777820635	4.528418940165424	4.8289022474212775	5.66481777207594	6.220277945317582	6.51719816340462	46.64825298119478
2008-07-28	3.865000009536743	4.0	3.805000066757202	3.8949999809265137	0.9022241830825806	44150	3.784617360396464	3.735985051142013	3.786189544239978	4.180819475944591	4.511750020185453	4.810409133233263	5.6472076448008215	6.204827593394717	6.5028692115878	50.9697542652666
2008-07-29	3.805000066757202	3.8499999046325684	3.4000000953674316	3.7899999618530273	0.8779023885726929	103600	3.786411560881985	3.7437014669578725	3.7865524411555067	4.16549322049002	4.492756597597757	4.790203011027713	5.62872796636353	6.188782227072181	6.488044789458102	47.209705499695836
2008-07-30	3.9649999141693115	4.0	3.7100000381469727	3.9149999618530273	0.9068570137023926	110360	3.8292743612056657	3.7681726805143234	3.7987855383647946	4.155669955445432	4.477552475604474	4.772872257578709	5.611675946418152	6.173674039263416	6.4739844352088936	51.771061409409945
2008-07-31	3.7249999046325684	4.0	3.7249999046325684	3.9149999618530273	0.9068570137023926	83400	3.8578495614214527	3.7891480064198526	3.809853578697007	4.146231916481024	4.462748462084699	4.755884687366319	5.594793598313026	6.158666238084609	6.460000913496566	51.771061409409945
2008-08-01	3.880000114440918	3.990000009536743	3.799999952316284	3.9000000953674316	0.9033825397491455	31220	3.8718997394034456	3.8049840191266497	3.8184389612370477	4.136575766633432	4.447939294539507	4.738936477623767	5.577929981368293	6.143658489628017	6.446011837987664	51.155909420676906
2008-08-04	3.805000066757202	4.175000190734863	3.799999952316284	4.034999847412109	0.9346532225608826	165250	3.926266442073	3.83784342316743	3.8390638075394348	4.132592397252203	4.4370724669835235	4.724997138411655	5.562577442721963	6.129647468749505	6.432836909077415	56.20017557816976
2008-08-05	4.0	4.175000190734863	3.8499999046325684	3.869999885559082	0.896433413028717	143000	3.9075109232350274	3.8424372035090943	3.842010100684163	4.1222946516956105	4.42214950431446	4.708066499741307	5.545735874988999	6.114633199093755	6.418832335178408	49.47494958979303
2008-08-06	3.9200000762939453	3.994999885559082	3.680000066757202	3.700000047683716	0.8570550680160522	434310	3.83834063138459	3.822089038391183	3.8284853337317393	4.105734078989261	4.403145571245229	4.688104787819374	5.527370344369046	6.098589124998007	6.403975328142917	43.67585759556732
2008-08-07	3.8499999046325684	3.8499999046325684	3.700000047683716	3.744999885559082	0.8674789071083069	134270	3.807227049442754	3.8110763022723115	3.820534338667677	4.091587640031215	4.385825947937699	4.66942944322016	5.5096353149281505	6.0829506582907715	6.38944540769164	45.49699295604514
2008-08-08	3.7100000381469727	3.9000000953674316	3.700000047683716	3.799999952316284	0.8802188038825989	64450	3.804818017067264	3.8094939665643075	3.818578682824687	4.080152828748277	4.370409474368714	4.652213017657707	5.492624017787734	6.067781550609878	6.375295432525654	47.72186321597815
2008-08-11	3.8399999141693115	3.950000047683716	3.755000114440918	3.7950000762939453	0.8790605664253235	97380	3.8015453701428243	3.8074234108113987	3.8163331012503305	4.068970367867715	4.355267121787799	4.635238503967336	5.475732237275358	6.052680012574556	6.361195457901437	47.53190845575558
2008-08-12	3.75	3.924999952316284	3.75	3.880000114440918	0.8987498879432678	90660	3.8276969515755224	3.8177915113299012	3.8223966263161007	4.0615597696941155	4.3427600952786705	4.620283288333149	5.459854305704867	6.038243601291276	6.347637013401653	51.09579264042758
2008-08-13	3.799999952316284	4.105000019073486	3.759999990463257	3.984999895095825	0.923071563243866	341990	3.88013126608229	3.841678423296462	3.8378826519141698	4.0585574216706535	4.333345353168595	4.607703419160133	5.4451791374401	6.024600785967718	6.33472642805572	55.14861978720241
2008-08-14	3.9000000953674316	4.0	3.8299999237060547	3.859999895095825	0.8941171765327454	74160	3.873420809086802	3.8442957764106565	3.8399890560267083	4.050770852001053	4.320888893745628	4.592897408782622	5.429406209655579	6.010218055795812	6.321203332247196	49.8519785077642
2008-08-18	3.7699999809265137	3.9000000953674316	3.7699999809265137	3.8399999141693115	0.889484167098999	45300	3.862280510780972	3.84368208180475	3.8399900901355277	4.042505325027259	4.308233920598883	4.57798854750315	5.41359122164079	5.995798001698626	6.3076448436238195	49.04041170749579
2008-08-19	4.0	4.300000190734863	3.75	3.819999933242798	0.8848513960838318	43060	3.8481869849349137	3.840298917724471	3.8380862656695536	4.033779623388653	4.295385657773723	4.562978871973242	5.397734591905487	5.9813408716756635	6.29405115558895	48.195458473052064
2008-08-20	3.8499999046325684	3.940000057220459	3.819999933242798	3.8949999809265137	0.9022241830825806	58490	3.863791316932114	3.8481133553247626	3.84350661950355	4.028337284468569	4.2848491925935335	4.5497515672000395	5.382782008711667	5.967478141504573	6.2809415863285	51.56560719384028
2008-08-21	3.6549999713897705	3.990000009536743	3.6549999713897705	3.880000114440918	0.8987498879432678	101860	3.8691942494350484	3.8526686066270703	3.8469821904499657	4.022520140545916	4.274195269484254	4.536489162194909	5.367828955037331	5.953607855610462	6.267821687575016	50.853067724626854
2008-08-22	3.8499999046325684	3.890000104904175	3.799999952316284	3.809999942779541	0.8825352191925049	36370	3.8494628138832128	3.8465730832202802	3.843460071624211	4.014186015143314	4.2619796029920245	4.522103237057971	5.352328168845712	5.9393646136647416	6.254390967658101	47.55086588772697
2008-08-25	3.940000057220459	3.950000047683716	3.819999933242798	3.875	0.8975914716720581	124710	3.8579752092554753	3.850634071331669	3.846463874326667	4.008727740039655	4.251795929229076	4.509289311571674	5.3376283860711276	5.925647905268298	6.241388831222811	50.74902873963419
2008-08-26	3.619999885559082	3.9700000286102295	3.619999885559082	3.924999952316284	0.9091732501983643	66930	3.880316790275745	3.8612577686151854	3.8539435008018685	4.0054442973838364	4.243196035099793	4.497719225249785	5.323572381755159	5.912354563388218	6.228730968496546	53.11721672071812
2008-08-27	3.9000000953674316	3.924999952316284	3.819999933242798	3.890000104904175	0.9010661840438843	28630	3.883544561818555	3.8653638166564694	3.8573774630973263	4.00091707414934	4.233901405357803	4.485685183262743	5.309307980990472	5.898916992235501	6.21595101842227	51.25918008657726
2008-08-28	3.799999952316284	3.9000000953674316	3.7699999809265137	3.8499999046325684	0.8918006420135498	81640	3.872363009423226	3.8631689720816262	3.856674838481635	3.9949987537761333	4.2237987342860865	4.4730973559631355	5.294787502618752	5.885302925208238	6.203022323811398	49.14342645957798
2008-08-29	3.865000009536743	4.0	3.7799999713897705	3.9200000762939453	0.9080154299736023	88720	3.888242031713466	3.871287701254815	3.862705813511379	3.992057629168989	4.215804032759977	4.462144934583548	5.281108025739899	5.872244434517778	6.190546792404199	52.813955264900216
2008-09-01	3.825000047683716	3.890000104904175	3.5350000858306885	3.819999933242798	0.8848513960838318	39560	3.8654946655565765	3.8639608772530982	3.8586385868191333	3.985310268544432	4.205388135404262	4.449429191982741	5.2665696367598285	5.858608258429571	6.177592984430639	47.535730147361505
2008-09-02	3.8499999046325684	4.050000190734863	3.819999933242798	3.984999895095825	0.923071563243866	89080	3.9053297420696595	3.881252165516345	3.8706729971311993	3.985298097036644	4.199588444869829	4.440232572242406	5.253817699031829	5.846159033424032	6.165611601428809	55.44758593930831
2008-09-04	3.9000000953674316	4.25	3.9000000953674316	4.150000095367432	0.9612916707992554	166900	3.9868865265022504	3.919644726923643	3.8972755779156025	3.991756998931969	4.198283488303977	4.434485394482506	5.242834439293874	5.834888874367177	6.154597330903884	61.67221853031769
2008-09-05	3.9600000381469727	4.25	3.9000000953674316	4.079999923706055	0.9450770020484924	198510	4.017924325570185	3.942552612178273	3.914677896562312	3.9952175057858543	4.195170762919821	4.427465880209705	5.231263946601458	5.823228482668432	6.143260733050344	57.971738036681145
2008-09-08	4.170000076293945	4.269999980926514	4.0	4.135000228881836	0.9578173160552979	182790	4.0569496266740686	3.9700451288502108	3.9356609758308383	4.000699181201383	4.193587327813558	4.421674481173509	5.2203558499077305	5.812011019188122	6.132286631934669	60.00246908111196
2008-09-09	4.179999828338623	4.324999809265137	4.0	4.269999980926514	0.9890879392623901	196870	4.127966411424883	4.012895822003968	3.96750278583995	4.011259996876878	4.195598187106004	4.418671025723074	5.2108995726044345	5.8017650986681115	6.122110202147739	64.53243473328442
2008-09-10	4.300000190734863	4.880000114440918	4.239999771118164	4.255000114440918	0.9856135845184326	110340	4.170310979096895	4.047482149494961	3.994883483801947	4.020818432859781	4.197161395720081	4.415430017578873	5.201388135209773	5.791487590467266	6.111907414783221	63.66958954350248
2008-09-11	4.25	4.400000095367432	4.204999923706055	4.320000171661377	1.0006699562072754	126310	4.220207376618389	4.086413295518734	4.0258469778837975	4.032551050067687	4.200393995086957	4.413540317659715	5.192618105721729	5.7817102654253665	6.102115571924632	65.80336739532662
2008-09-12	4.150000095367432	4.324999809265137	4.119999885559082	4.195000171661377	0.9717154502868652	84320	4.211804974966052	4.101925706396255	4.041956805862615	4.038921603855674	4.200252052365231	4.409212790016183	5.182691559114163	5.77116734121431	6.091694176294777	58.66734373851907
2008-09-15	4.099999904632568	4.099999904632568	3.5199999809265137	3.9000000953674316	0.9033825397491455	232370	4.107870015099845	4.073079190534995	4.028437119148788	4.033473701562017	4.192350685075815	4.399129370320169	5.169928459972405	5.7587343362585175	6.079717705907196	45.991370525729884
2008-09-16	3.625	4.21999979019165	3.625	4.034999847412109	0.9346532225608826	181810	4.0835799592039335	4.067639284374582	4.0290621408881515	4.033533550418883	4.188209873558349	4.391918884718029	5.15863563795688	5.747280950950568	6.068544384276076	51.1889221463546
2008-09-17	4.304999828338623	4.369999885559082	4.03000020980835	4.260000228881836	0.9867716431617737	552480	4.142386715763235	4.09511941930419	4.051056244506598	4.042414596633116	4.190099093435283	4.389306634107411	5.149693992095436	5.737398687016556	6.058661629328567	58.378287671510854
2008-09-18	4.590000152587891	4.989999771118164	3.799999952316284	3.9000000953674316	0.9033825397491455	264460	4.061591175631301	4.067245230170367	4.036669944588582	4.0368297142305405	4.182464909275603	4.3796173957165205	5.137259226953864	5.7251900585006155	6.046865664662112	46.56141778399906
2008-09-19	4.099999904632568	4.150000095367432	3.924999952316284	4.005000114440918	0.9277043342590332	165780	4.04272748856784	4.058353070780446	4.0336537702888045	4.035581494630947	4.1777947830957425	4.372199231730865	5.125992967127864	5.713760224985268	6.035707929415002	49.75594908536808
2008-09-22	3.9149999618530273	4.079999923706055	3.9000000953674316	3.9600000381469727	0.9172808527946472	68630	4.015151671760884	4.0443026375470925	4.026639129132439	4.032617515945302	4.172063342439196	4.364036871461877	5.114391047436512	5.702107333378369	6.024365263342499	48.4200130092368
2008-09-23	3.805000066757202	3.994999885559082	3.805000066757202	3.9200000762939453	0.9080154299736023	36750	3.9834344732719043	4.026545128796643	4.0164830288621065	4.028201145762895	4.165430098593268	4.3552440636367695	5.102506560161461	5.69026608914525	6.012866000025294	47.20669329576587
2008-09-24	3.7799999713897705	4.0	3.7799999713897705	3.930000066757202	0.910331666469574	39840	3.96562300443367	4.012752977076723	4.008246556280687	4.02435012305679	4.159234571439688	4.346823390431234	5.090839828883807	5.678569969395163	6.001484218969185	47.56047372446943
2008-09-25	3.880000114440918	3.990000009536743	3.740000009536743	3.8299999237060547	0.8871679902076721	113350	3.9204153108577984	3.9866453980237706	3.9912706865116743	4.016728546611663	4.150570501762488	4.33658926237727	5.07829415818552	5.666287111948724	5.989618184568839	44.35918932282319
2008-09-26	3.799999952316284	3.799999952316284	3.5999999046325684	3.700000047683716	0.8570550680160522	88740	3.8469435564664374	3.9456960622609056	3.9635306256709164	4.004307821163509	4.138713384549888	4.323983535353635	5.064579788926796	5.653222081621381	5.977106610050342	40.53905440550248
2008-09-29	3.569999933242798	4.09499979019165	3.549999952316284	3.6050000190734863	0.8350497484207153	368520	3.766295710668787	3.897025198948417	3.9293848536140183	3.9886486916697823	4.124668295984719	4.309746238001553	5.050056607137211	5.639612632700797	5.964144278952108	37.96596417666508
2008-09-30	3.5	3.799999952316284	3.4000000953674316	3.6549999713897705	0.8466314077377319	116170	3.7291971309091148	3.862450166440039	3.9032529600688517	3.9755644281293896	4.11230860323222	4.29678096539538	5.036175446582511	5.6264258376090295	5.951526004047396	40.12019538538796
2008-10-01	3.5999999046325684	3.75	3.5250000953674316	3.734999895095825	0.8651624321937561	75400	3.7311313856380184	3.844242984819437	3.887228858642849	3.9661305248731713	4.102379426702315	4.285656587765685	5.023228426169708	5.613858223373061	5.939413839517606	43.50090915322486
2008-10-03	3.5999999046325684	3.7300000190734863	3.5250000953674316	3.559999942779541	0.824626088142395	25620	3.6740875713518593	3.8036368359565946	3.8560641999892007	3.9502038353793036	4.088106282388558	4.271287149251108	5.008668938772791	5.6002113244986855	5.926411577786797	38.39434978097914
2008-10-06	3.5999999046325684	3.5999999046325684	3.244999885559082	3.315000057220459	0.767875075340271	172380	3.554391733308059	3.7338315818514323	3.8045342816302727	3.925293883294643	4.067761381726239	4.252350771191096	4.991816512090678	5.585027196476903	5.912141569477691	32.620863484820504
2008-10-07	3.559999942779541	3.559999942779541	3.1500000953674316	3.2049999237060547	0.7423951625823975	52240	3.4379277967740576	3.6582842021163784	3.7474357713517756	3.897047061349993	4.045057132830971	4.231611150448818	4.9740372425545125	5.569213061774107	5.897348445730305	30.409822838546667
2008-10-08	3.0999999046325684	3.1500000953674316	2.875	3.0299999713897705	0.701858639717102	156070	3.301951854979295	3.5685293120125774	3.6791085523077753	3.863045214684886	4.0183451022667285	4.207816869675371	4.954693588115062	5.552341213997467	5.88167987483227	27.245861162960416
2008-10-10	2.505000114440918	3.130000114440918	2.505000114440918	2.6500000953674316	0.6138368844985962	324940	3.0846346017753405	3.437310852491842	3.5810982230753616	3.8154748178489073	3.9823360231377998	4.1769690127583825	4.931761314555384	5.533056555401918	5.864020422485467	21.914095216116703
2008-10-13	2.6549999713897705	2.75	2.5	2.634999990463257	0.6103622913360596	145790	2.934756398004646	3.322695015059187	3.490993629493256	3.7691816873631954	3.9468798117516277	4.146434972712934	4.9089079680470045	5.513800365601662	5.846375502091903	21.73329801732633
2008-10-14	2.7300000190734863	2.9200000762939453	2.700000047683716	2.7249999046325684	0.6312094926834106	42660	2.86483756688062	3.237309999283956	3.4180418461731907	3.7282333821580727	3.914725077353758	4.118287743642036	4.887177539555319	5.495270129980605	5.829318804838027	25.69445331325267
2008-10-15	2.700000047683716	2.759999990463257	2.549999952316284	2.5950000286102295	0.6010968089103699	51440	2.7748917207904897	3.145551432044852	3.3396569111671943	3.6837928584895296	3.8799954708078754	4.08812363047309	4.864369803128005	5.47599923229708	5.811644931743886	23.819209642277443
2008-10-16	2.509999990463257	2.6500000953674316	2.4000000953674316	2.444999933242798	0.5663512945175171	234370	2.664927791607926	3.0454726465017017	3.2544514846982042	3.6352127437739714	3.8422324303456366	4.055586527557638	4.840296471089347	5.455859702070806	5.793247964538962	21.83869402864885
2008-10-17	2.4149999618530273	2.5	2.259999990463257	2.2950000762939453	0.5316058397293091	112520	2.5416185531699322	2.938262279329165	3.1630751600882747	3.582655384264951	3.8015157894495393	4.020723429512813	4.814970138802825	5.43485731253076	5.774131855860027	20.04389041035943
2008-10-20	2.2699999809265137	2.380000114440918	2.0	2.0850000381469727	0.4829621911048889	186290	2.3894123814956125	2.8163676734459946	3.060401338951008	3.523923802064246	3.756344322309998	3.982392273248143	4.7878062572042595	5.4125991246611	5.7539726655993	17.834083711809065
2008-10-21	2.0399999618530273	2.180000066757202	2.0399999618530273	2.140000104904175	0.49570220708847046	66170	2.3062749559651334	2.7197437350828775	2.9727440785655954	3.469652284528557	3.7138089481677397	3.945909260013609	4.761459927330627	5.390854280676004	5.734224181661076	20.312039228391644
2008-10-22	2.1449999809265137	2.299999952316284	2.1449999809265137	2.194999933242798	0.508442223072052	82700	2.269183281724355	2.644780334820009	2.8986732075824717	3.4196659178114683	3.6738402898802414	3.9112377881963654	4.735923011966569	5.3696193680684745	5.714884158445675	22.81870630932216
2008-10-23	2.0899999141693115	2.450000047683716	1.899999976158142	2.1050000190734863	0.48759499192237854	31640	2.2144555275073987	2.5676688611419345	2.8230852848673305	3.368110392370763	3.632555019595853	3.875470703659279	4.709744673728826	5.347927545151564	5.695158015607576	21.620229359125055
2008-10-24	2.1050000190734863	2.319999933242798	1.9500000476837158	2.049999952316284	0.47485488653182983	121210	2.1596370024436937	2.4937161598811275	2.7494581103386593	3.3164197868784306	3.5909088336148116	3.8393227679891204	4.683279552122731	5.326014404999834	5.675239119086858	20.89788094685365
2008-10-27	2.0	2.299999952316284	1.7100000381469727	1.9950000047683716	0.46211493015289307	189730	2.104758003218586	2.4224709948650194	2.6776049574272034	3.2645994032662715	3.5489112328556947	3.802801525153066	4.6565305019003	5.303881418951785	5.655128522833752	20.17207464560783
2008-10-29	2.0999999046325684	2.265000104904175	2.059999942779541	2.140000104904175	0.49570220708847046	41240	2.1165053704471157	2.382118010584899	2.626404495282153	3.2204974699971696	3.5118346242253917	3.769874764356058	4.631490398447602	5.2828589517488105	5.635920170823208	27.337162906988578
2008-10-31	2.1500000953674316	2.490000009536743	2.009999990463257	2.375	0.5501367449760437	102070	2.2026702469647437	2.3811011519299132	2.602461210017186	3.187340706467869	3.4819179235878814	3.7422534818935618	4.609037757667029	5.26353762981028	5.61810093491707	37.17859689261275
2008-11-03	2.390000104904175	2.5	2.059999942779541	2.4549999237060547	0.5686677694320679	167620	2.286780139211847	2.3916581193265047	2.5884172779875545	3.158621460085053	3.4548937656962546	3.716763312424502	4.58760454538881	5.244876249703275	5.600816229937775	40.15035984525216
2008-11-04	2.4000000953674316	2.8499999046325684	2.380000114440918	2.515000104904175	0.5825659036636353	135080	2.3628534611092897	2.4092784029804575	2.581425166265328	3.1333814069407047	3.4301597219912	3.692966021186476	4.566981615632744	5.226737537777699	5.58395384674087	42.352938270551746
2008-11-05	2.509999990463257	2.680000066757202	2.5	2.615000009536743	0.6057295799255371	106790	2.4469023105851075	2.4386672039170696	2.584622770386415	3.113052724689569	3.4087081506108197	3.6716201595696494	4.547558913084525	5.209383800048523	5.567730055280737	45.92483888675864
2008-11-06	2.5399999618530273	2.75	2.299999952316284	2.5350000858306885	0.5871986150741577	74190	2.476268235666968	2.4524290441904437	2.579896800428727	3.0903839937539264	3.3857158331166057	3.6491128313767986	4.527533452116825	5.191613808591926	5.55115776036571	43.59750599736861
2008-11-07	2.4000000953674316	2.4600000381469727	2.305000066757202	2.380000114440918	0.5512949824333191	149490	2.4441788619249514	2.442082054226226	2.5608590208108404	3.0625258024083184	3.3592496299935615	3.623981886486979	4.506164961194677	5.172931990026139	5.53382903006011	39.428366914537605
2008-11-10	2.4000000953674316	2.690000057220459	2.3550000190734863	2.505000114440918	0.580249547958374	124710	2.464452612763607	2.4510703485426104	2.555539124966086	3.0406620499390087	3.336769379584281	3.6018238315949778	4.486252873167277	5.155204867929227	5.5172780523791305	44.0731770354981
2008-11-11	2.4000000953674316	2.490000009536743	2.049999952316284	2.375	0.5501367449760437	110080	2.434635075175738	2.440203155893666	2.5383449225883634	3.0145576558237535	3.3114596590689054	3.5775302903752753	4.465245381891981	5.136731745883186	5.500107134060118	40.58733558956785
2008-11-12	2.4749999046325684	2.4749999046325684	2.259999990463257	2.3350000381469727	0.5408713221549988	24880	2.4014233961661495	2.4251741390727095	2.5189787431177546	2.9879083374834874	3.28576335325517	3.55292573092521	4.444048910809941	5.118115588356699	5.482811466869336	39.55078871667041
2008-11-14	2.319999933242798	2.359999895095825	2.2200000286102295	2.259999990463257	0.52349853515625	42310	2.354282260931852	2.401577832128502	2.4943141000078026	2.959362912110145	3.25876958055012	3.5273232410150723	4.42231708075674	5.099124787041792	5.465200475194986	37.61123147005476
2008-11-17	2.200000047683716	2.25	2.0850000381469727	2.1050000190734863	0.48759499192237854	270570	2.271188180312397	2.359209573120643	2.4572365684902486	2.9258584849322364	3.228407223669156	3.4991584247390013	4.399259199545961	5.079230270311106	5.4468387240686384	33.91012478651343
2008-11-18	1.9500000476837158	2.180000066757202	1.9500000476837158	2.009999990463257	0.4655894339084625	46890	2.1841254503626835	2.3093224898838733	2.4146426086781543	2.889942465541296	3.1963438754268956	3.469670138911759	4.375485476072501	5.058836713634376	5.42805818454074	31.84193538375765
2008-11-19	2.0299999713897705	2.0799999237060547	1.850000023841858	1.9600000381469727	0.45400771498680115	49250	2.1094169796241133	2.2594192824928876	2.3713433162466133	2.853474135055244	3.16380851128795	3.4397756814708718	4.351450795098118	5.038246436720838	5.409107047128752	30.777960689797467
2008-11-20	1.899999976158142	1.899999976158142	1.75	1.809999942779541	0.4192621409893036	106260	2.0096113006759224	2.1952165196766953	2.317882042583083	2.8125535784954128	3.128181970011413	3.407502894566093	4.326162726915843	5.016796293903952	5.389439795192418	27.77909781795912
2008-11-21	1.840000033378601	1.899999976158142	1.6200000047683716	1.6799999475479126	0.38914942741394043	269310	1.8997408496332524	2.1216141522297263	2.2571313668654476	2.7681397106151184	3.0900719167886894	3.373294915417218	4.299832749011685	4.994624889609228	5.369169632090536	25.46345983707285
2008-11-24	1.875	1.875	1.6799999475479126	1.7699999809265137	0.4099966883659363	25130	1.856493893397673	2.0713835563292675	2.21073790153793	2.728996976117526	3.055333181634422	3.3415465008728478	4.274660283657604	4.973198810481768	5.349502038368328	29.82480229664458
2008-11-25	2.015000104904175	2.015000104904175	1.75	1.7699999809265137	0.4099966883659363	57450	1.8276625892406198	2.0283287598431596	2.1687628614797	2.6913892508159174	3.021508623721056	3.3104267678046035	4.249738290595603	4.951915097328577	5.32994191783586	29.824802296644577
2008-11-26	1.7000000476837158	1.8799999952316284	1.7000000476837158	1.7549999952316284	0.40652209520339966	54540	1.803441724570956	1.9892817934700837	2.129356874217979	2.654668103538102	2.9881794492871236	3.2796262376546435	4.224915023975067	4.930673136517301	5.310406716072995	29.491251711602303
2008-11-27	1.875	1.875	1.875	1.875	0.4343184530735016	0	1.827294483047304	1.9729558229743576	2.105132410006743	2.62409288379151	2.958885253253252	3.251811856710987	4.201532784930539	4.910369660527153	5.291634001777514	35.68783595647883
2008-11-28	1.8250000476837158	1.8350000381469727	1.7400000095367432	1.7999999523162842	0.4169457256793976	15150	1.818196306136964	1.9482478414517757	2.076072175940985	2.5917755139297363	2.9283882716496477	3.223063106128914	4.1776369358498	4.889702752166948	5.27255403429412	33.69470440593405
2008-12-01	1.850000023841858	1.9199999570846558	1.809999942779541	1.8300000429153442	0.42389485239982605	29890	1.8221308850630906	1.931355298803714	2.0526367347004477	2.5619019660468187	2.8994833182619026	3.195477698936566	4.154277364775825	4.8693725016071365	5.2537422638494276	35.252408909098435
2008-12-02	1.7599999904632568	1.8700000047683716	1.75	1.850000023841858	0.4285275340080261	27400	1.8314205979893463	1.9197331166663059	2.033338000332963	2.5339842428230948	2.871865336829796	3.1688345766574626	4.131349232030214	4.8493102260073675	5.2351425794778015	36.3263690772964
2008-12-03	1.8899999856948853	1.899999976158142	1.7999999523162842	1.815000057220459	0.4204203188419342	8800	1.8259470843997172	1.904771251031185	2.0125439105127247	2.5057887845641678	2.8440530926295504	3.1420259723121755	4.108300981534595	4.829148696646657	5.216453276077488	35.22523257343488
2008-12-04	1.809999942779541	1.8899999856948853	1.7999999523162842	1.8550000190734863	0.4296858310699463	21630	1.8356313959576402	1.897661075037228	1.9975397303756544	2.48026765650571	2.8180253801675486	3.1165403098718056	4.08588007643548	4.809386911413612	5.19808467904468	37.55490122813344
2008-12-05	1.7999999523162842	2.0999999046325684	1.7999999523162842	1.8650000095367432	0.4320022165775299	59260	1.8454209338173413	1.8929952085371589	1.9849168998195676	2.4561395134873187	2.7929457651509484	3.091757333627547	4.0637817673121095	4.789822878843002	5.179871101615674	38.153762556837414
2008-12-08	1.9550000429153442	2.049999952316284	1.809999942779541	1.9299999475479126	0.4470585882663727	109360	1.8736139383941983	1.8982815998244094	1.9796867138889338	2.435506589332832	2.770236664687711	3.0687522368734945	4.042550107413958	4.770820733120111	5.162112242850277	42.044405011155966
2008-12-10	1.9850000143051147	1.9950000047683716	1.7699999809265137	1.9850000143051147	0.45979851484298706	36420	1.9107426303645039	1.9106699447502244	1.9801927424999985	2.4178396648219413	2.749572542309221	3.0472917968226354	4.022076972159144	4.7523102964502435	5.144750973841834	45.18657677145595
2008-12-11	1.8049999475479126	2.0199999809265137	1.8049999475479126	1.9500000476837158	0.45169126987457275	34710	1.9238284361375746	1.9162885308835804	1.9773172477555907	2.399493013169462	2.7285311608717078	3.025563247334736	4.001459291318592	4.733690294797309	5.127293318507637	43.567791677472904
2008-12-12	1.965000033378601	2.3399999141693115	1.9049999713897705	2.2699999809265137	0.5258148908615112	183220	2.039218951067221	1.9668187380325708	2.005191793771869	2.3944148550422875	2.71646455087315	3.010601598494969	3.9842308404689195	4.717320259489198	5.111679693712111	58.28283345308276
2008-12-15	2.7200000286102295	2.7200000286102295	2.309999942779541	2.4049999713897705	0.5570858716964722	120310	2.1611459578414043	2.0294160570835995	2.043268763068812	2.3948299576441494	2.7082681145709557	2.998609487067143	3.968517100478082	4.701956005083222	5.096889094136579	62.70152842649498
2008-12-16	2.380000114440918	2.4749999046325684	2.2850000858306885	2.444999933242798	0.5663512945175171	48930	2.2557639496418687	2.0887851822491994	2.0815288745139533	2.3967974076676257	2.701340004536004	2.987646921644879	3.953357725679721	4.686959619223817	5.082397896536067	63.920925452246216
2008-12-17	2.5	2.5199999809265137	2.200000047683716	2.2200000286102295	0.5142331123352051	225100	2.2438426426313223	2.107530160300775	2.0947166034755034	2.389864177116355	2.6886731630642733	2.972445993069935	3.936110385410373	4.67056786114665	5.066756378132101	53.35440867160267
2008-12-18	2.2149999141693115	2.450000047683716	2.2149999141693115	2.3550000190734863	0.5455039739608765	34350	2.280895101445377	2.142882997268305	2.119505500199121	2.388496955232321	2.6798922908539895	2.9602193401195103	3.9203779439542847	4.655182028308955	5.051938037372217	57.85594912838371
2008-12-19	2.5199999809265137	2.5199999809265137	2.200000047683716	2.384999990463257	0.5524531602859497	51910	2.3155967311180037	2.177471139153298	2.144790689748086	2.3883598193590245	2.6721319671594967	2.9488288579480995	3.9051005513822346	4.640097762276758	5.037364605421895	58.80730402379039
2008-12-22	2.309999942779541	2.434999942779541	2.25	2.365000009536743	0.5478203296661377	30580	2.3320644905909167	2.2042609777795046	2.1657630059184343	2.3874437483856017	2.664049547222056	2.937267890652825	3.8897761678812843	4.624980833687124	5.022761520198479	57.86942064665778
2008-12-23	2.299999952316284	2.299999952316284	2.2149999141693115	2.255000114440918	0.5223404765129089	38220	2.306376365207584	2.211509425873992	2.174261778158671	2.382249880387771	2.6532850884646577	2.92375763765853	3.873509739488843	4.609233453492797	5.007637140932045	52.87468261420539
2008-12-24	2.200000047683716	2.2249999046325684	2.0999999046325684	2.1449999809265137	0.4968603849411011	42810	2.252584237113894	2.202008076595781	2.171474940327037	2.3729459627618392	2.639909164582075	2.9083366939608664	3.856310637413596	4.592859809156808	4.991994314921086	48.377953767858784
2008-12-26	2.1449999809265137	2.1700000762939453	2.0	2.0299999713897705	0.47022220492362976	48330	2.1783894818725194	2.1774354901377797	2.158001133761583	2.3594971003550915	2.6238589226559617	2.8909438875733198	3.838138391980523	4.5758308401351	4.9758085534810235	44.15054411711468
2008-12-29	2.005000114440918	2.0450000762939453	1.899999976158142	2.005000114440918	0.4644312560558319	44560	2.1205930260619854	2.152801865038228	2.143429608111996	2.345595257770222	2.6075731645450393	2.873400446521193	3.819898210114457	4.5587489084029125	4.9595746275846295	43.26544412647551
2008-12-30	2.2750000953674316	2.2750000953674316	1.9199999570846558	2.0250000953674316	0.46906405687332153	83960	2.0887287158304675	2.1345444693709714	2.132150606898228	2.3330228984603085	2.5922422943035235	2.856600439567653	3.802038527380656	4.541913368116963	4.9435387011790715	44.22870462034261
2008-12-31	2.049999952316284	2.0999999046325684	2.0199999809265137	2.0250000953674316	0.46906405687332153	67740	2.067485842342789	2.1188952730847515	2.1219457962762474	2.3209435728488232	2.5773148680157316	2.840133106019134	3.7843565529327634	4.525189691886069	4.927590402786658	44.22870462034261
2009-01-02	2.25	2.4200000762939453	2.184999942779541	2.3299999237060547	0.5397131443023682	194790	2.154990536130544	2.1490530803163663	2.141760475079086	2.3212987238628324	2.570806580007582	2.830031458844618	3.7698853426917016	4.510603713359956	4.913395919294414	57.10844847255462
2009-01-05	2.2699999809265137	2.3350000381469727	2.1649999618530273	2.2249999046325684	0.5153913497924805	59800	2.1783269922978854	2.1599026266472525	2.1496880397984652	2.317522299579293	2.5617064043398186	2.8180506359889335	3.754513348283153	4.4954169770893415	4.898705230689705	52.604495755354364
2009-01-06	2.200000047683716	2.244999885559082	2.065000057220459	2.125	0.492227703332901	174710	2.1605513281985904	2.1549165371262164	2.147336797912897	2.309972405478144	2.550214130541402	2.8043268610188554	3.7382992851161565	4.479666698171805	4.883548371505609	48.6678149679253
2009-01-07	2.180000066757202	2.200000047683716	1.940000057220459	1.9700000286102295	0.45632392168045044	146310	2.0970342283358034	2.128499893052504	2.1304475817888338	2.2966401554048925	2.5349453383853184	2.7878055376048234	3.7207042676384856	4.4629911721282065	4.867627342309459	43.26344410414765
2009-01-09	1.909999966621399	1.9600000381469727	1.659999966621399	1.8250000476837158	0.4227367043495178	202150	2.0063561681184408	2.0851427722855345	2.1013573404454893	2.2781444649060227	2.5162625675773813	2.768740082358861	3.701841539081722	4.44546299189934	4.851000963650302	38.91042763726424
2009-01-12	1.850000023841858	1.899999976158142	1.8250000476837158	1.8450000286102295	0.4273694157600403	31260	1.9525707882823704	2.050836666046205	2.0769423583659408	2.2611584085806977	2.498597763920351	2.7504482001064128	3.683365504151657	4.428184168223	4.834574729032597	39.81000771269596
2009-01-13	1.8200000524520874	2.0	1.7599999904632568	1.8600000143051147	0.43084388971328735	59140	1.9217138636232851	2.0235742872260496	2.0562811827411003	2.2454267068444005	2.481792559983108	2.732815562763813	3.665222563954179	4.41111982168534	4.818320222394742	40.51747777234035
2009-01-14	1.7999999523162842	1.9299999475479126	1.75	1.7799999713897705	0.4123130440711975	97090	1.874475899545447	1.9887779563922954	2.029968686421926	2.2271746780030424	2.4633243339674937	2.7139479272910596	3.646464130197319	4.39363729776311	4.801717379493075	37.95512864304846
2009-01-15	2.0	2.0	1.75	1.7949999570846558	0.41578760743141174	21870	1.8479839187251832	1.9610953850626325	2.007590712199329	2.210226649731733	2.445736850365314	2.6957509377820217	3.628041601111621	4.376370604469566	4.785287229643849	38.73743415761914
2009-01-16	1.8200000524520874	1.875	1.725000023841858	1.75	0.40536391735076904	84850	1.8153226124834554	1.9309389014822564	1.9830582634184404	2.1921785458206844	2.4274279858820162	2.6770231964398032	3.609354620006033	4.358919636998007	4.768700960629402	37.221198203015476
2009-01-19	1.7300000190734863	1.7799999713897705	1.7000000476837158	1.7100000381469727	0.39609843492507935	37730	1.7802150877046279	1.899376206720073	1.957052718154491	2.173269584735441	2.4085483030468837	2.657874223008262	3.5904555694402713	4.3413188423212565	4.751986747938241	35.876937614125126
2009-01-20	1.7200000286102295	1.75	1.7200000286102295	1.7300000190734863	0.4007311761379242	85100	1.7634767314942474	1.8751796084848464	1.9354286515753476	2.1558864645134035	2.39069176925811	2.639500476395692	3.5719435739142336	4.323967886685058	4.735473159255919	37.10013768917019
2009-01-21	1.7000000476837158	1.75	1.7000000476837158	1.715000033378601	0.3972567021846771	68880	1.7473178321223652	1.8522968120410972	1.9144354498423242	2.1385968005473326	2.3729104077875967	2.621193536930007	3.55346652375965	4.306632552111593	4.718967841628174	36.53719473159811
2009-01-22	1.7999999523162842	1.7999999523162842	1.6549999713897705	1.715000033378601	0.3972567021846771	85520	1.7365452325411106	1.8326829865178835	1.895441600655303	2.121985162619147	2.355596976882097	2.603249111117108	3.535173324850386	4.2894124024854605	4.702552716992931	36.53719473159811
2009-01-23	1.6399999856948853	1.7450000047683716	1.5499999523162842	1.625	0.3764093518257141	71150	1.6993634883607405	1.8030139884439003	1.8696852577357503	2.1024955483987884	2.3363707406483574	2.5838778415900365	3.516166625100631	4.271708665591869	4.685735489031221	33.04778172918938
2009-01-27	1.600000023841858	1.7000000476837158	1.600000023841858	1.649999976158142	0.38220030069351196	35160	1.6829089842932077	1.7811548438316491	1.8487628499664543	2.0847506239971945	2.318308352109141	2.5653852105913852	3.4975978027230936	4.254288674299951	4.669146770381642	34.90742746349146
2009-01-28	1.6050000190734863	1.6399999856948853	1.5499999523162842	1.5700000524520874	0.3636694550514221	232040	1.645272673679501	1.7509898736345688	1.8222140121079433	2.0645643270738567	2.298616028433955	2.545674613400508	3.4784177256059694	4.236452869503619	4.652211542414814	31.8579992957727
2009-01-29	1.5700000524520874	1.659999966621399	1.5549999475479126	1.5950000286102295	0.3694603443145752	118720	1.6285151253230772	1.7287056100596632	1.8005745851081612	2.046150040859597	2.2800998179122782	2.5268493740977305	3.459677251008997	4.218901687836554	4.635505468568887	33.80410456986082
2009-01-30	1.559999942779541	1.649999976158142	1.524999976158142	1.6050000190734863	0.3717765808105469	73720	1.6206767565732136	1.7110333827759237	1.7819484359620017	2.02885004000524	2.26233403373231	2.5085949314239833	3.441222751188743	4.201533570436134	4.618945329500606	34.60858751592687
2009-02-02	1.409999966621399	1.6100000143051147	1.409999966621399	1.565000057220459	0.36251118779182434	93990	1.602117856788962	1.690171479125143	1.7612866856056644	2.010659844601915	2.2439831396135768	2.4899098844100522	3.422553868661695	4.184015075331711	4.602257103969021	32.88690353008507
2009-02-03	1.5149999856948853	1.7000000476837158	1.5	1.6699999570846558	0.3868330121040344	31330	1.6247452235541933	1.687289833119359	1.7525927114608064	1.9973006333267285	2.22887831902071	2.4736740442649947	3.405115521282819	4.167310655941365	4.586233840871292	41.16147202460968
2009-02-04	1.7000000476837158	1.7000000476837158	1.534999966621399	1.5950000286102295	0.3694603443145752	79160	1.614830158572872	1.6741055753323406	1.7375838845226563	1.9815241390241207	2.212197311378329	2.4562745588064847	3.387104421853241	4.15021889097571	4.569888300913581	37.59585501930354
2009-02-05	1.534999966621399	1.6299999952316284	1.534999966621399	1.5950000286102295	0.3694603443145752	23240	1.608220115251991	1.6628047829434676	1.7240044696738537	1.9663663307725956	2.1959552776212736	2.4392196176144796	3.3692725373433605	4.1332406925546765	4.5536320808463495	37.59585501930354
2009-02-06	1.5099999904632568	1.600000023841858	1.5099999904632568	1.5950000286102295	0.3694603443145752	69900	1.6038134197047371	1.6531183894672907	1.711718332429699	1.9518029463740714	2.1801406658051934	2.422502398030237	3.3516180845201453	4.116375306083285	4.537464692582764	37.59585501930355
2009-02-09	1.590000033378601	1.600000023841858	1.559999942779541	1.5950000286102295	0.3694603443145752	94870	1.6008756226732346	1.6448157664877106	1.7006023034945115	1.9378106750892148	2.164742227984273	2.4061162124971673	3.334139297894176	4.099621981980474	4.521385650703133	37.59585501930354
2009-02-10	1.600000023841858	1.600000023841858	1.5199999809265137	1.5850000381469727	0.3671438694000244	157090	1.5955837611644805	1.6362706624390337	1.689592563937603	1.9239749638365777	2.149485854567502	2.389856486272411	3.3167349271504225	4.08291353052643	4.5053398276837004	37.02072480724309
2009-02-11	1.600000023841858	1.600000023841858	1.5399999618530273	1.5750000476837158	0.3648274838924408	142700	1.588722523337559	1.6275177174739883	1.6786789909610424	1.9102896730070538	2.1343678070179286	2.373720715211249	3.2994042318323458	4.066249653564021	4.489327042000641	36.42071361678919
2009-02-12	1.559999942779541	1.7350000143051147	1.4500000476837158	1.5099999904632568	0.3497712016105652	2700570	1.562481679046125	1.6107294707581696	1.6626143242469675	1.894592038397493	2.117937075003332	2.35661733452317	3.2815992145052904	4.049264605968666	4.473046566309179	32.70972085472416
2009-02-13	1.5549999475479126	1.6200000047683716	1.340000033378601	1.4850000143051147	0.3439802825450897	2935570	1.536654457465788	1.5927681198363046	1.6456986756810768	1.8785296060801449	2.1012808365639053	2.339357585607961	3.263722605548075	4.032226303034025	4.456718443074184	31.3851464617482
2009-02-16	1.4850000143051147	1.4950000047683716	1.375	1.3949999809265137	0.3231329619884491	1032170	1.4894362986193632	1.5645155285634773	1.6218226095139756	1.8595676599956887	2.0826944982576583	2.3206574350202094	3.245128350576716	4.014703204548261	4.439987741095235	27.12641989929573
2009-02-17	1.3949999809265137	1.4500000476837158	1.3450000286102295	1.3600000143051147	0.31502565741539	1749450	1.4462908705146138	1.5352990265265685	1.5968871242559888	1.8399767719293918	2.0636762223641703	2.301634515798128	3.2263708546934162	3.9970639806928245	4.4231572070690595	25.66776265051892
2009-02-18	1.3949999809265137	1.3949999809265137	1.3200000524520874	1.3300000429153442	0.30807656049728394	284610	1.4075272613148573	1.5059706002963935	1.5714693069854513	1.8199776845170763	2.044368954483938	2.28239422920639	3.2075014933821917	3.9793426256245357	4.406254708904285	24.453960574537497
2009-02-19	1.3350000381469727	1.3899999856948853	1.3200000524520874	1.3550000190734863	0.3138675391674042	442580	1.3900181805677336	1.4844033744074068	1.550853184327169	1.8017432662643864	2.026227666709979	2.26402998742158	3.189068642891558	3.9619051332222033	4.389581186009035	27.529522130119588
2009-02-20	1.3250000476837158	1.3600000143051147	1.2949999570846558	1.315000057220459	0.30460208654403687	242530	1.3650121394519754	1.460202900523557	1.5283909817455774	1.7826552972822716	2.007511150670781	2.2452373155364094	3.1704211942779152	3.9443177240793346	4.372780196234234	25.72495899968208
2009-02-24	1.3300000429153442	1.3600000143051147	1.2999999523162842	1.3300000429153442	0.30807656049728394	278370	1.3533414406064317	1.4416024922938124	1.5094966066188886	1.7649041108365098	1.9896819109930062	2.2271138051874773	3.152108546005651	3.926946842476916	4.356152982281672	27.64047191285954
2009-02-25	1.3700000047683716	1.3899999856948853	1.3250000476837158	1.350000023841858	0.3127093017101288	204080	1.3522276350182405	1.4285164253721045	1.494306455878219	1.7486333623269157	1.9728481771206074	2.209745215457861	3.1341771179244193	3.909824272253427	4.339725916935006	30.22433551861747
2009-02-26	1.340000033378601	1.399999976158142	1.2999999523162842	1.309999942779541	0.3034438490867615	2374370	1.3381517376053407	1.4115854992874526	1.476753454630726	1.7314320517564303	1.9554048025326847	2.191928477385023	3.116026101256311	3.892549691991142	4.323170037294812	28.065762805069173
2009-02-27	1.3700000047683716	1.4450000524520874	1.350000023841858	1.409999966621399	0.32660749554634094	314570	1.36210114727736	1.4113589946208736	1.4703959795822186	1.7188268719472135	1.941052043692914	2.1764447444986144	3.099050716832083	3.8760543449787184	4.307251075159985	39.666651634427474
2009-03-02	1.4299999475479126	1.4299999475479126	1.3700000047683716	1.3849999904632568	0.32081660628318787	149930	1.3697340950059924	1.4075934225983568	1.4622630282375555	1.7057356216929407	1.9264190949237125	2.1607725711513797	3.081995485723936	3.8595024888025358	4.291282489997708	38.01603355021402
2009-03-03	1.350000023841858	1.399999976158142	1.350000023841858	1.3700000047683716	0.31734204292297363	66620	1.3698227315934521	1.4022229343369303	1.4534760736214427	1.6925695190684478	1.9117764872880456	2.145113708450726	3.064960704818905	3.842960944058123	4.275319197728695	37.02062640573629
2009-03-04	1.3949999809265137	1.434999942779541	1.3550000190734863	1.409999966621399	0.32660749554634094	131130	1.3832151432694344	1.4033339389489974	1.4493354920023909	1.6814883601489556	1.8985718420073443	2.1305570006917294	3.048493433792064	3.826795090387447	4.259661715591497	41.425146333526335
2009-03-05	1.399999976158142	1.4249999523162842	1.3899999856948853	1.3949999809265137	0.3231329619884491	154870	1.387143422488461	1.402143373517214	1.444160681423736	1.6702535217480756	1.88531995092627	2.115991515151824	3.0320407626192725	3.8106369833478393	4.244007826331032	40.28729811007995
2009-03-06	1.3300000429153442	1.434999942779541	1.1349999904632568	1.3849999904632568	0.32081660628318787	115670	1.3864289451467262	1.39969431879522	1.4385263299036903	1.659067108756514	1.8721536361772433	2.1015164354550206	3.015652297224685	3.794519794026347	4.22838483269241	39.50818451563302
2009-03-09	1.399999976158142	1.4199999570846558	1.399999976158142	1.409999966621399	0.32660749554634094	52620	1.3942859523049504	1.4011665541989597	1.435809533400615	1.6492997698492546	1.859991697504721	2.0878230400325726	2.99967565711918	3.7786758084621948	4.212983822495301	42.50190198091083
2009-03-12	1.4500000476837158	1.6950000524520874	1.4500000476837158	1.6950000524520874	0.3926238715648651	6481390	1.4945239856873294	1.4431427682351208	1.4604943447388503	1.6510919377944637	1.8556498121085991	2.080044367011177	2.986693810306572	3.764830786827576	4.199224348342059	64.23315923921183
2009-03-13	1.7799999713897705	1.809999942779541	1.6200000047683716	1.6749999523162842	0.3879911005496979	2276630	1.5546826412303143	1.4762652231038584	1.4809234502224153	1.652029506991398	1.850895868429854	2.0720236855320704	2.973642130127564	3.7509448676613877	4.185430772407492	62.44941888231978
2009-03-16	1.690000057220459	1.8350000381469727	1.6549999713897705	1.7300000190734863	0.4007311761379242	1085060	1.6131217671780382	1.5125130510995195	1.5046450282082315	1.655087174131872	1.8477143987099496	2.0652509396616034	2.9612675817588667	3.7375166626873817	4.172013118017689	65.30293800579243
2009-03-17	1.75	2.0799999237060547	1.75	2.0450000762939453	0.4736967086791992	3373920	1.7570812035500072	1.5885826261272946	1.5561074137402042	1.6703778761774435	1.8529061270674232	2.0648499324662044	2.9521504921522506	3.7262707053027078	4.160390095931767	76.37568625998672
2009-03-18	1.975000023841858	2.0999999046325684	1.9149999618530273	1.940000057220459	0.4493749439716339	1064240	1.8180541547734912	1.638785116283461	1.5926686178811809	1.6809512950418755	1.8551980725977661	2.062377657708863	2.9420793435459642	3.7144017973420285	4.148256817031705	68.52552587642539
2009-03-19	1.9900000095367432	2.134999990463257	1.9600000381469727	2.1050000190734863	0.48759499192237854	862740	1.9137027762068228	1.7053872452534646	1.6414620846614003	1.6975806567686054	1.8617718080313377	2.063221664864598	2.9337501960387753	3.7037080978186494	4.137091479337944	73.18905483438705
2009-03-20	2.0999999046325684	2.1700000762939453	2.049999952316284	2.134999990463257	0.49454396963119507	103080	1.9874685142923008	1.7667604945691493	1.6884656947377676	1.71473435612918	1.8689620233584934	2.0646430178467496	2.925802432799218	3.693284788135225	4.1261510886883555	73.94496390114502
2009-03-23	2.0999999046325684	2.240000009536743	2.0999999046325684	2.134999990463257	0.49454396963119507	485800	2.036645673015953	1.819366136839736	1.7309927705211476	1.731215361397183	1.8759630224928292	2.0660362252252944	2.9179337517809496	3.682930736323451	4.115270481594229	73.94496390114502
2009-03-24	2.299999952316284	2.3299999237060547	2.134999990463257	2.134999990463257	0.49454396963119507	367130	2.0694304454983876	1.8644566873573818	1.7694696486108723	1.7470500527331074	1.8827797848078405	2.0674018443389173	2.9101433660961966	3.672645482198134	4.104449331369469	73.94496390114502
2009-03-25	2.299999952316284	2.3949999809265137	2.299999952316284	2.299999952316284	0.5327640175819397	681350	2.14628694777102	1.9266771537800822	1.8199963442018638	1.768734362520683	1.893759262900168	2.072007747467182	2.904072287352118	3.663524913893271	4.0945889522489605	78.17242787623442
2009-03-26	2.5	2.5	2.2750000953674316	2.5	0.5790912508964539	273010	2.2641912985140134	2.008580417525785	1.8847585971350196	1.7974114463434014	1.9097129665080583	2.080482841576743	2.90005166757747	3.655793851342485	4.085875351416999	81.98743052525208
2009-03-27	2.194999933242798	2.299999952316284	2.134999990463257	2.134999990463257	0.49454396963119507	126810	2.2211275291637613	2.0266403565168525	1.908591110785328	1.8106502127794741	1.9156415724016163	2.0815623890794464	2.8924392130788212	3.645688908745281	4.075214830318892	61.02489136668415
2009-03-30	2.194999933242798	2.2899999618530273	2.0999999046325684	2.134999990463257	0.49454396963119507	41300	2.1924183495969265	2.0421203042234817	1.930153861230845	1.8233698119043285	1.9214141623506067	2.0826205594038782	2.8849025043960794	3.6356511086238057	4.0646125634344346	61.024891366684145
2009-03-31	2.049999952316284	2.140000104904175	2.0199999809265137	2.134999990463257	0.49454396963119507	35000	2.17327889655237	2.055388830829164	1.9496630163958366	1.8355906032203648	1.9270348420377816	2.0836577758604995	2.877440787839534	3.6256800048486526	4.0540682324345925	61.024891366684145
2009-04-01	2.069999933242798	2.130000114440918	2.069999933242798	2.134999990463257	0.49454396963119507	23630	2.1605192611893322	2.066761853634034	1.96731415678321	1.8473321478181253	1.93250760910161	2.084674453377386	2.8700533172188747	3.6157751542547296	4.043581520729831	61.02489136668415
2009-04-02	1.9800000190734863	2.1700000762939453	1.9800000190734863	2.134999990463257	0.49454396963119507	68930	2.1520128376139738	2.076510158895352	1.9832842361813097	1.8586132396865618	1.9378363559795482	2.085670998666215	2.86273935376857	3.6059361166215638	4.033152113460615	61.024891366684145
2009-04-06	2.0250000953674316	2.1449999809265137	2.0250000953674316	2.134999990463257	0.49454396963119507	82950	2.1463418885637346	2.084865849119338	1.9977333556367332	1.8694519357954518	1.9430248726764878	2.086647810384968	2.8554981660739895	3.5961624546537343	4.022779697487953	61.024891366684145
2009-04-08	2.0350000858306885	2.240000009536743	2.0350000858306885	2.134999990463257	0.49454396963119507	35910	2.1425612558635754	2.0920278693113263	2.0108063684773545	1.8798655849981107	1.9480768494603502	2.0876052792974096	2.848329029998261	3.586453733961439	4.012463961383992	61.024891366684145
2009-04-09	2.259999990463257	2.265000104904175	2.134999990463257	2.134999990463257	0.49454396963119507	34920	2.1400408340634693	2.098166743761602	2.0226343324760117	1.8898708558006654	1.9529958794867426	2.0885437884294067	2.841231228609853	3.576809523041185	4.002204595422676	61.024891366684145
2009-04-13	2.3350000381469727	2.359999895095825	2.25	2.309999942779541	0.5350804924964905	76110	2.19669387030216	2.1284286293355934	2.0500024858382524	1.9063465062704252	1.9623907232576057	2.0929290588125777	2.835945345168755	3.568392183637453	3.992957575462878	68.09968936948687
2009-04-15	2.3949999809265137	2.444999933242798	2.3949999809265137	2.3949999809265137	0.5547693967819214	55350	2.2627959071769443	2.1665102509914393	2.0828593901323726	1.9255093876294875	1.9737751774067875	2.0989106612306756	2.831557829106643	3.560595557705819	3.9842255667495645	70.86595203120203
2009-04-16	2.565000057220459	2.569999933242798	2.5	2.509999990463257	0.5814077854156494	368080	2.345197268272382	2.2155802137731277	2.1235394473067424	1.9484305877406158	1.9878863566977472	2.1070510439877563	2.8283582486226293	3.553614856262347	3.976169689283519	74.13401865686352
2009-04-17	2.5	2.6700000762939453	2.4149999618530273	2.4149999618530273	0.5594021677970886	74850	2.3684648327992637	2.2440687492131133	2.1512975915492456	1.9667274259411025	1.99912618841236	2.113149042361326	2.8242452308438275	3.5460493087911886	3.9676387071664125	67.40723969463708
2009-04-20	2.4149999618530273	2.5	2.2950000762939453	2.2950000762939453	0.5316058397293091	57010	2.3439765806308244	2.2513446530818038	2.1649835424773123	1.9796008632098414	2.0069123433566123	2.116750052934249	2.8189791099030326	3.5377366893061573	3.958498605358366	60.00111963692565
2009-04-21	2.2899999618530273	2.4100000858306885	2.259999990463257	2.319999933242798	0.5373966693878174	40890	2.3359843648348155	2.26115255024766	2.1797470082645014	1.9929498463483888	2.0151514904588805	2.1207748030393687	2.81401414297109	3.5296454151794903	3.949545060701997	60.96339122266967
2009-04-22	2.25	2.440000057220459	2.25	2.424999952316284	0.5617185831069946	118650	2.3656562273286386	2.284559321971749	2.2031044315075285	2.0098929877588945	2.0259369762972335	2.12679906342109	2.8101433550043753	3.522305578216944	3.9412142131151895	64.7942804154529
2009-04-23	2.4000000953674316	2.494999885559082	2.3499999046325684	2.4100000858306885	0.5582440495491028	144360	2.3804375134959885	2.3024794310944547	2.2228087795383056	2.0255834621930826	2.0360439002323245	2.1324070044589036	2.8061618299379703	3.5149148440482643	3.9328469228021596	63.8305866641931
2009-04-24	2.450000047683716	2.565000057220459	2.450000047683716	2.565000057220459	0.5941477417945862	98670	2.4419583614041454	2.3399823776838837	2.255398425031844	2.0467370541549403	2.0499637991004334	2.140973203523489	2.8037622103089404	3.50860311788994	3.925372349766194	68.96695003801871
2009-04-27	2.6600000858306885	2.694999933242798	2.6600000858306885	2.694999933242798	0.6242605447769165	109790	2.5263055520170297	2.3906991713351573	2.2972652353376493	2.0721591278446603	2.066938434209443	2.1519440298545645	2.8026799985968394	3.5031971166630487	3.9186490032278147	72.49490785389031
2009-04-28	2.825000047683716	2.8299999237060547	2.575000047683716	2.5999999046325684	0.6022549867630005	325340	2.5508703362222094	2.4205992760919304	2.326097108603832	2.0928587661500684	2.0809663676416306	2.160816423414525	2.800663281243961	3.4971958062841084	3.9114432704486055	66.5416087761121
2009-04-29	2.505000114440918	2.700000047683716	2.505000114440918	2.615000009536743	0.6057295799255371	71800	2.5722468939937206	2.4483708094411893	2.353611670597443	2.113334893341703	2.095019884533607	2.1698101577931825	2.7988158855055807	3.491334040192764	3.9043588810447156	67.00238283621653
2009-04-30	2.134999990463257	2.134999990463257	2.134999990463257	2.134999990463257	0.49454396963119507	0	2.426497926150233	2.403603549587199	2.3327915105846633	2.1141845049935286	2.0960719925843874	2.1691208475490256	2.7922107522215773	3.4823218538158236	3.8946902532273304	45.438108343823444
2009-05-04	2.7149999141693115	2.8299999237060547	2.619999885559082	2.6500000953674316	0.6138368844985962	92780	2.5009986492226326	2.4388030561272322	2.363001851992546	2.135196881086623	2.1106490479207833	2.1786432088919643	2.790795720810093	3.476791476683276	3.8878886676652544	60.22819332303286
2009-05-05	2.7149999141693115	2.7699999809265137	2.619999885559082	2.75	0.637000560760498	32020	2.583999099481755	2.4832597623947703	2.3998588184694465	2.15930680731852	2.1274740729754997	2.1899572047554896	2.7903897932398434	3.4719622974362108	3.881670696803696	62.36167301391302
2009-05-06	2.5899999141693115	2.7049999237060547	2.5899999141693115	2.5999999046325684	0.6022549867630005	33700	2.589332701198693	2.4999369255715984	2.4189198742945055	2.17658888956613	2.1399089632822648	2.198076862178798	2.788495366487532	3.4661685273843594	3.874667031272706	57.38869883541191
2009-05-07	2.509999990463257	2.7300000190734863	2.509999990463257	2.7300000190734863	0.6323677897453308	57480	2.6362218071569576	2.5328030817861538	2.4485465547496466	2.1982912868017124	2.1554376752767705	2.2086099939984947	2.787913323229681	3.461277042279304	3.8684120202770815	60.3404713066291
2009-05-08	2.6500000953674316	2.819999933242798	2.6500000953674316	2.7899999618530273	0.6462659239768982	68840	2.6874811920556474	2.5695454932242785	2.4810659268547304	2.2214955485684307	2.172136682818251	2.2201226666292775	2.7879340858030477	3.456816729452551	3.8625190582091906	61.66053802358255
2009-05-11	2.619999885559082	2.765000104904175	2.5999999046325684	2.625	0.6080459356307983	158480	2.666654128037098	2.57746756562081	2.4947739338209467	2.2373192525461394	2.18405413853356	2.2281400395673114	2.7863128511184403	3.4512897079943947	3.8557566589840038	56.12775435043987
2009-05-12	2.5799999237060547	2.630000114440918	2.5299999713897705	2.5999999046325684	0.6022549867630005	22860	2.6444360535689215	2.5806864711939186	2.504795454850625	2.2515420232161953	2.1950000797466918	2.235503601251772	2.784458990954402	3.445633297340828	3.848894600217056	55.3178308010946
2009-05-13	2.700000047683716	2.700000047683716	2.5999999046325684	2.5999999046325684	0.6022549867630005	27180	2.6296240039234706	2.583445533113726	2.513862545306048	2.2652070381737	2.2056579698752676	2.24272134983357	2.782623577160155	3.440014470811205	3.842070039038999	55.3178308010946
2009-05-14	2.549999952316284	2.6500000953674316	2.549999952316284	2.565000057220459	0.5941477417945862	9940	2.6080826883558	2.5808104651289736	2.5187327845359917	2.2769636271559257	2.215114340594878	2.2491031064154887	2.780458169001551	3.4342004215514654	3.835091514548187	54.051440758365466
2009-05-15	2.5999999046325684	2.694999933242798	2.5999999046325684	2.674999952316284	0.6196277141571045	51970	2.6303884430092945	2.5942661061557324	2.5336153719436387	2.292572894809273	2.227216593534915	2.2575367073244155	2.779408833512145	3.4291559001611986	3.8287522163939145	57.35570017988025
2009-05-18	2.134999990463257	2.134999990463257	2.134999990463257	2.134999990463257	0.49454396963119507	0	2.465258958827282	2.5286566610568073	2.4956520022788404	2.2863935652270766	2.2247898408225026	2.2551102376836005	2.7729968052231015	3.4205568575718437	3.819496739749485	41.55670449788255
2009-05-19	2.809999942779541	2.809999942779541	2.809999942779541	2.809999942779541	0.6508986353874207	122510	2.5801726201447015	2.568848558445769	2.525589901374145	2.3069271486605065	2.2401901066634773	2.2660981526359953	2.7733649956465487	3.4165000009951507	3.8139803638097582	57.36576510862308
2009-05-20	2.940000057220459	2.940000057220459	2.815000057220459	2.940000057220459	0.681011438369751	130980	2.700115099169954	2.6218702011278676	2.56505753526427	2.331753537231485	2.258606157993924	2.279442744805985	2.775023055960717	3.41333388841193	3.8092045151398715	59.63065822410457
2009-05-21	2.940000057220459	3.0850000381469727	2.9200000762939453	3.0799999237060547	0.7134406566619873	110520	2.826743374015321	2.6873173043533227	2.614099667496821	2.3610965327795075	2.2802217834074012	2.295295362209947	2.7780576516596756	3.411119044792622	3.8052197905965173	61.97350611402328
2009-05-22	2.880000114440918	3.180000066757202	2.880000114440918	3.180000066757202	0.7366042137145996	93350	2.944495604929281	2.7577005561253056	2.6679949436168573	2.393210396857064	2.3039001592850274	2.3128142672504866	2.7820570786755714	3.4095833705199614	3.8018032893733515	63.59856324278852
2009-05-25	3.3399999141693115	3.3399999141693115	3.3399999141693115	3.3399999141693115	0.7736660242080688	17980	3.076330374675958	2.8408861787030206	2.731995417002805	2.4303393975359757	2.331165942308298	2.3331545770904634	2.7876087486804844	3.409121021972781	3.799279773661854	66.09515612577788
2009-05-26	3.509999990463257	3.509999990463257	3.174999952316284	3.174999952316284	0.7354459762573242	156400	3.1092202338894	2.88861671779063	2.774186325127898	2.459541772233243	2.353372100466403	2.3498247825404794	2.7914633875226316	3.407565400247489	3.7958684085178893	61.41707958779978
2009-05-27	3.359999895095825	3.359999895095825	3.055000066757202	3.359999895095825	0.7782988548278809	110660	3.192813454291542	2.955957171691372	2.829978093696272	2.4948538554827557	2.37986230558823	2.369828250115833	2.797120467199977	3.4072493503793715	3.7934866133625773	64.45482117856706
2009-05-28	3.5	3.509999990463257	3.5	3.509999990463257	0.8130441904067993	62430	3.2985422996821137	3.0351061458016413	2.8947420838645566	2.5346635078349324	2.409602770979678	2.3924059083405345	2.8042137957896616	3.407932078884912	3.7919375061336194	66.74129232173
2009-05-29	3.680000066757202	3.690000057220459	3.5399999618530273	3.619999885559082	0.8385242819786072	284830	3.40569482830777	3.1186623943384184	2.9638142554545115	2.5772257187260754	2.4414553266265044	2.4167146999686246	2.8123310703147304	3.409341167301352	3.7909979562944143	68.34917894085524
2009-06-01	3.7950000762939453	3.7950000762939453	3.700000047683716	3.7950000762939453	0.8790605664253235	728890	3.5354632443031617	3.215282063189208	3.042974809820172	2.6249815758855997	2.4770749253019635	2.444007479697839	2.82210887136925	3.4119036849690767	3.7910198258026084	70.7702425351431
2009-06-02	3.9800000190734863	3.984999895095825	3.9800000190734863	3.984999895095825	0.923071563243866	150530	3.685308794567383	3.3252417534615817	3.1326914846083294	2.678315627619334	2.5167571613491706	2.4745221809928486	2.833679926331704	3.4157116332091215	3.79207982618126	73.16986755402311
2009-06-03	4.184999942779541	4.184999942779541	4.184999942779541	4.184999942779541	0.9693988561630249	51850	3.851872510638102	3.448064351935576	3.2329113377674923	2.737401287037381	2.5606582871762855	2.508393027760902	2.847125896644618	3.4208231834388254	3.794226930643546	75.4541886829509
2009-06-04	4.394999980926514	4.394999980926514	4.394999980926514	4.394999980926514	1.0180425643920898	406380	4.032915000734239	3.5833408703628526	3.34358644663978	2.8024051573859747	2.608930437011818	2.545751581288934	2.8625276288265273	3.4272961189703053	3.797509843486622	77.6097810565028
2009-06-05	4.614999771118164	4.614999771118164	4.175000190734863	4.445000171661377	1.029624581336975	523400	4.170276724376619	3.706435056262642	3.4484829918799322	2.8668206481418728	2.657248061607859	2.583360464266606	2.8782736242776203	3.4340582721443322	3.8010480420012382	78.10285684215049
2009-06-08	4.300000190734863	4.300000190734863	4.059999942779541	4.059999942779541	0.9404444098472595	222280	4.133517797177593	3.756944325765056	3.506722701489419	2.9136119930296243	2.6941625847965875	2.6126008499797333	2.8900320951084852	3.43821735301234	3.8024630797104093	66.04267160431772
2009-06-09	3.859999895095825	4.260000228881836	3.859999895095825	4.179999828338623	0.9682407975196838	391380	4.1490118075646025	3.8173808261327085	3.5708443326179147	2.9632742610809575	2.733263564889799	2.6436384535115924	2.902867594941621	3.4431461402238104	3.80452612205264	67.71599173560398
2009-06-10	4.010000228881836	4.199999809265137	4.010000228881836	4.150000095367432	0.9612916707992554	148920	4.149341236832212	3.8648978645948118	3.626002024308345	3.0098125290921915	2.770546105165526	2.6734673969146785	2.915276873552823	3.4478428442446982	3.806413957972393	66.82937855259145
2009-06-11	4.050000190734863	4.369999885559082	3.9649999141693115	4.300000190734863	0.9960371851921082	252900	4.199560888133096	3.9270553397576764	3.690192325872775	3.060408123666414	2.810794896891035	2.7056759670893356	2.929055215017321	3.4535050193044334	3.80911115050115	69.01395815227632
2009-06-12	4.300000190734863	4.300000190734863	4.110000133514404	4.110000133514404	0.9520262479782104	180030	4.169707303260199	3.9531903102943518	3.7301740218386445	3.101568594640845	2.8449845083811236	2.7334843664244852	2.9408059107237596	3.4578671130865595	3.8107553525941187	63.32495666972567
2009-06-15	4.295000076293945	4.349999904632568	3.940000057220459	4.199999809265137	0.972873330116272	410060	4.179804805261845	3.988448810147321	3.774919334926882	3.1446443285476797	2.880642805772808	2.762524276183706	2.953335203246559	3.462798227346882	3.8128823714830316	64.80492657010119
2009-06-16	4.199999809265137	4.199999809265137	4.054999828338623	4.054999828338623	0.9392861723899841	494010	4.138203146287437	3.997956098460364	3.801593667632762	3.180344544225756	2.9115469379455927	2.7881178514739027	2.964297040312152	3.466733121705631	3.8142054176953573	60.564477004980866
2009-06-17	4.5	4.5	4.375	4.375	1.0134097337722778	413330	4.217135430858291	4.051819512966026	3.85620379452488	3.22719377778553	2.950058860631235	2.8195412603556074	2.97833388568218	3.4727681175746965	3.8172698689647815	65.87189193883455
2009-06-18	4.690000057220459	4.690000057220459	4.25	4.315000057220459	0.9995115399360657	206200	4.2497569729790134	4.0894167335738025	3.8998986766863637	3.2698528475672917	2.9859783658046357	2.8491543058380797	2.991634046593009	3.478364343087293	3.819989706059075	64.12913770725027
2009-06-19	4.0	4.474999904632568	3.8299999237060547	3.9600000381469727	0.9172808527946472	347250	4.1531713280349996	4.070928634227113	3.9056226158730882	3.296917443276299	3.0116105150768027	2.871151251032315	3.0012695290960334	3.481564580263769	3.8207547898409757	54.87797517347469
2009-06-22	4.21999979019165	4.21999979019165	3.819999933242798	3.819999933242798	0.8848513960838318	63420	4.042114196437599	4.03508167694364	3.8974680746702033	3.3174304820985143	3.032883920818013	2.8899403338483642	3.009416100281573	3.483813320150673	3.820750664941532	51.709873889558835
2009-06-23	3.630000114440918	3.630000114440918	3.630000114440918	3.630000114440918	0.8408406376838684	168900	3.904742835772039	3.977212882300394	3.8719949356007475	3.329688114739393	3.048597504860721	2.9045949829690088	3.0155910655965914	3.484784660976522	3.819708312206556	47.686367212005145
2009-06-24	3.450000047683716	3.450000047683716	3.450000047683716	3.450000047683716	0.7991459369659424	95490	3.7531619064092645	3.90189676306944	3.831804946275316	3.3344062297568176	3.059160729671852	2.915395083260389	3.019913543030294	3.4845535339778984	3.817688048465994	44.17922404864125
2009-06-25	3.8399999141693115	3.8399999141693115	3.565000057220459	3.565000057220459	0.8257843852043152	142950	3.690441290012996	3.8537686622338714	3.80639495684152	3.34344912495147	3.0724722909231312	2.9282585480912813	3.0253372894401465	3.4850880623715366	3.816307239770663	46.86782733103899
2009-06-26	3.7699999809265137	3.7699999809265137	3.4149999618530273	3.4200000762939453	0.7921968698501587	152470	3.6002942187733127	3.7918017213853106	3.7695954444084174	3.346451123043332	3.0816177589592053	2.9379960040952944	3.0292642823441644	3.4846555840587286	3.8141416268554895	43.99077836295403
2009-06-29	3.4000000953674316	3.4000000953674316	3.315000057220459	3.315000057220459	0.767875075340271	164030	3.5051961649223613	3.723687197933189	3.726300645628612	3.3452177479130234	3.087759398387133	2.945461430889852	3.0321074243827346	3.483528304810634	3.8114140772946423	41.98107436069397
2009-06-30	3.5999999046325684	3.5999999046325684	3.380000114440918	3.380000114440918	0.7829315662384033	58190	3.4634641480952135	3.6745890431485786	3.6933196426583557	3.3465817622866663	3.0954499435464435	2.954066157296804	3.035569043189284	3.482840409858011	3.8090566239457146	43.69589826792078
2009-07-01	3.3550000190734863	3.3550000190734863	3.3550000190734863	3.3550000190734863	0.7771406173706055	66560	3.4273094384213043	3.6289334682807084	3.6610987261264634	3.3469118900037964	3.102280208691892	2.9620054416884214	3.0387474608597733	3.481990972045489	3.806575440312533	43.167430318276836
2009-07-02	3.549999952316284	3.549999952316284	3.359999895095825	3.359999895095825	0.7782988548278809	54910	3.404872923979478	3.5905143863971536	3.632422646980688	3.3474251451054444	3.1090623057025217	2.9698865199737163	3.041944002493963	3.4811804001056244	3.804135136786759	43.31508517409264
2009-07-03	3.4000000953674316	3.4000000953674316	3.4000000953674316	3.4000000953674316	0.7875640988349915	49890	3.4032486477754627	3.5632980591071934	3.610287165874664	3.3494869078608165	3.1167185633252825	2.9784036204765623	3.0455067496867336	3.4806409960874305	3.801926748582282	44.55614152269099
2009-07-06	3.5350000858306885	3.630000114440918	3.424999952316284	3.5999999046325684	0.8338914513587952	32200	3.4688324000611646	3.5685411798965325	3.60930742670875	3.359310946949905	3.1294364933596848	2.9907124577865822	3.0510240945120652	3.4814340785362354	3.8008233232055075	50.40310751284447
2009-07-07	3.430000066757202	3.430000066757202	3.4100000858306885	3.4100000858306885	0.7898806929588318	17720	3.449221628651006	3.5458924521728403	3.5903257751965536	3.3612987563177787	3.136819745793132	2.9990151830943863	3.054595994923196	3.480959434066431	3.7986876770996343	45.49464283665049
2009-07-08	3.3499999046325684	3.3499999046325684	3.244999885559082	3.244999885559082	0.7516604661941528	18120	3.381147714287031	3.502907799799446	3.55743759523108	3.356738016288026	3.1396665915764466	3.003886167301608	3.056490560999175	3.4793915965348208	3.7956620607524183	41.69703993496726
2009-07-09	3.200000047683716	3.200000047683716	3.0850000381469727	3.0850000381469727	0.7145986557006836	55240	3.282431822240345	3.44320669099195	3.512443542175451	3.346081624988377	3.1382279980651444	3.005492382565873	3.056774237388705	3.4767710546186223	3.7917786617217875	38.353729724491785
2009-07-10	3.0	3.0999999046325684	2.9700000286102295	3.0	0.6949095726013184	57530	3.1882878814935633	3.379891449421671	3.4636393953015987	3.3325097965574604	3.1345904191686933	3.0053836225150636	3.056209319603743	3.4736031406344456	3.7874520023681164	36.67150349393998
2009-07-13	3.0	3.0	2.8499999046325684	2.8499999046325684	0.6601640582084656	46550	3.0755252225398984	3.3041926573089424	3.405197539047405	3.3135878400113863	3.127101195101953	3.00230671721046	3.0541574846289055	3.4694595975380875	3.7823293133094524	33.8499281828066
2009-07-14	2.9000000953674316	2.9000000953674316	2.740000009536743	2.740000009536743	0.6346840858459473	18400	2.96368348487218	3.2235937076271997	3.341845393379723	3.2910941996006158	3.1169143217976054	2.997112524979297	3.051031539603113	3.464612689976617	3.776633524764246	31.910886188301674
2009-07-15	2.940000057220459	2.940000057220459	2.940000057220459	2.940000057220459	0.681011438369751	25620	2.955789008988273	3.1830803289976655	3.3035744089836028	3.2773258018602176	3.1122586832561017	2.995981585023676	3.049926748733634	3.4611268917523237	3.7720617571820396	38.77779019191987
2009-07-16	3.015000104904175	3.015000104904175	3.015000104904175	3.015000104904175	0.698384165763855	17460	2.9755260409602404	3.159068868412881	3.2760911419284193	3.2670385196266474	3.1096992469836824	2.9963581893777453	3.049579219939311	3.4581625941652927	3.7679248082624883	41.17370257654439
2009-07-17	3.055000066757202	3.359999895095825	3.0399999618530273	3.0399999618530273	0.7041749954223633	107290	2.9970173479245026	3.142059024618616	3.253606267635525	3.25813504677278	3.1078650552697176	2.997222382892107	3.0494839039384525	3.4553841049140486	3.763947076861344	41.98866106547857
2009-07-20	3.049999952316284	3.1449999809265137	2.9700000286102295	3.059999942779541	0.7088078260421753	76880	3.0180115462095154	3.1303362986416055	3.235167570030193	3.250365042694614	3.106605447046292	2.998465502889878	3.049588541140851	3.452756967624118	3.7601003712106236	42.672888953210055
2009-07-21	3.2300000190734863	3.2300000190734863	2.9800000190734863	3.0250000953674316	0.7007004618644714	15530	3.0203410625954876	3.1152882696024378	3.215151620062311	3.2415272016229597	3.1044579377915853	2.9989909403646813	3.049343879988877	3.449914729270253	3.7560834298125734	41.74496322273307
2009-07-22	2.9800000190734863	3.1600000858306885	2.9800000190734863	3.0450000762939453	0.7053332924842834	45250	3.0285607338283067	3.105247099129796	3.1989467111319905	3.2338202555316258	3.102893257225858	2.9999020123632807	3.049300658061564	3.4472242664597794	3.752197728427226	42.51421717387898
2009-07-23	3.1500000953674316	3.1500000953674316	2.990000009536743	2.994999885559082	0.6937512755393982	146830	3.017373784405232	3.089497497191122	3.1795232039345707	3.22445475082682	3.100053957971469	2.999804940545376	3.0487603518675095	3.4442194532976487	3.748060035296799	41.05464583162271
2009-07-24	2.9100000858306885	3.1500000953674316	2.9100000858306885	3.1500000953674316	0.7296549677848816	178470	3.061582554725965	3.0981407255020237	3.176711479309129	3.221534960416648	3.101368330008205	3.002779102027001	3.0497677124993494	3.44226450739778	3.74479194819336	47.11588837182891
2009-07-27	3.2300000190734863	3.309999942779541	3.2300000190734863	3.309999942779541	0.7667168378829956	397660	3.144388350743824	3.1284063279702403	3.1894056186872635	3.2250041754112715	3.106858635607451	3.0088626830320018	3.052357087925023	3.44138567308138	3.74241603559547	52.54093219223134
2009-07-28	3.25	3.4800000190734863	3.25	3.4800000190734863	0.8060952425003052	222520	3.2562589068537116	3.178633998127847	3.217081275866904	3.2350040124176327	3.1166781456986623	3.018192135230843	3.056612241468789	3.441642246808902	3.7409820682920714	57.526455733041004
2009-07-29	3.5999999046325684	3.6549999713897705	3.309999942779541	3.5899999141693115	0.8315752148628235	419410	3.367505909292245	3.237400557562342	3.2525973366576095	3.248925420329463	3.129133981711048	3.0295150615464563	3.0619195814956597	3.4426280120405326	3.7401570291985045	60.423510309748465
2009-07-30	3.6700000762939453	3.7699999809265137	3.509999990463257	3.7699999809265137	0.8732697367668152	209840	3.5016705998370012	3.3134861894715093	3.301873778968934	3.269359716823465	3.1459988764272446	3.0441781292569523	3.0689651576093997	3.444803241069675	3.7403201054374553	64.67014678443122
2009-07-31	3.940000057220459	3.940000057220459	3.940000057220459	3.940000057220459	0.9126478433609009	704570	3.6477804189648206	3.402988170578502	3.3626477102309837	3.295659338015504	3.1668936443428555	3.0619171773354377	3.077632171535878	3.448093585363036	3.741411252714958	68.14651595095978
2009-08-03	4.139999866485596	4.139999866485596	4.139999866485596	4.139999866485596	0.958975076675415	75390	3.8118535681384125	3.508275555708087	3.436681248921899	3.328770731288841	3.192501702820296	3.083265349397817	3.0882029943711986	3.4526909692907606	3.743589332571628	71.6773918146487
2009-08-04	4.349999904632568	4.349999904632568	4.349999904632568	4.349999904632568	1.0076189041137695	99010	3.9912356803031313	3.628521891268727	3.523663978037201	3.368818934165066	3.222962181815356	3.108349201976723	3.1007581875081276	3.45865315490765	3.746903051544639	74.83202106090697
2009-08-05	4.570000171661377	4.570000171661377	4.449999809265137	4.570000171661377	1.0585790872573853	2355590	4.184157177422547	3.763018788467677	3.623315044096646	3.4159240807335487	3.2584105499691987	3.137292785534835	3.115377510733533	3.4660375204674754	3.751400850015222	77.64161770969771
2009-08-06	4.744999885559082	4.800000190734863	4.570000171661377	4.800000190734863	1.1118556261062622	1239450	4.389438181859986	3.911158988791561	3.735380296157429	3.4702015752434043	3.2989786984104	3.1702176846477066	3.132139925459914	3.4749010598048002	3.757130901057406	80.13798399877365
2009-08-07	4.985000133514404	4.985000133514404	4.755000114440918	4.985000133514404	1.1547082662582397	1402080	4.587958832411458	4.06456486660911	3.854391709239046	3.5296054402736394	3.343347683544716	3.2061539707638786	3.1505763454405558	3.484934940693236	3.7638405689943295	81.88954658709919
2009-08-10	4.985000133514404	5.235000133514404	4.739999771118164	4.800000190734863	1.1118556261062622	760000	4.658639285185926	4.169627055769932	3.9444496598576952	3.579424842252511	3.3816806442602463	3.237715282050433	3.1669885230056734	3.4936729157765694	3.7695026434300702	74.78701437214148
2009-08-11	4.599999904632568	4.894999980926514	4.599999904632568	4.824999809265137	1.1176462173461914	235350	4.7140927932123295	4.263251734840676	4.02831157884888	3.628270919390261	3.4196627275498486	3.2691466588269615	3.1834861477445733	3.502518941646925	3.775270387505672	75.10128811416476
2009-08-12	4.900000095367432	4.900000095367432	4.559999942779541	4.800000190734863	1.1118556261062622	226480	4.7427285923865075	4.3399300856827026	4.101805732361831	3.674221086893971	3.4559873976336646	3.2994605901518703	3.199570864590248	3.511140079514619	3.7808700039167604	74.10651306758538
2009-08-13	4.840000152587891	5.090000152587891	4.815000057220459	5.0	1.1581825017929077	408080	4.828485728257672	4.434225787728031	4.187348043565467	3.7262124168196973	3.4966193082222525	3.3331346378716353	3.217485582355519	3.521032836461366	3.787531916463663	76.75878038810153
2009-08-14	4.860000133514404	5.050000190734863	4.860000133514404	4.900000095367432	1.1350191831588745	85510	4.852323850627592	4.500764974533659	4.255219667546607	3.77224330617451	3.5335503815681784	3.364161676633928	3.234227020295936	3.5301954096102435	3.793610977550569	72.74648010862316
2009-08-17	4.800000190734863	4.90500020980835	4.699999809265137	4.795000076293945	1.1106971502304077	201690	4.83321592584971	4.542798560499414	4.306627325522544	3.812351414806645	3.5667464261662247	3.3924951102905623	3.24975710045512	3.538599427329072	3.799083049128402	68.68661192967205
2009-08-18	4.795000076293945	4.795000076293945	4.795000076293945	4.795000076293945	1.1106971502304077	0	4.820477309331122	4.578827348470061	4.353139016072201	3.850886656433598	3.59906889064327	3.4202674858549855	3.2651326524535165	3.546947604398606	3.8045252186757543	68.68661192967205
2009-08-19	4.840000152587891	4.849999904632568	4.625	4.800000190734863	1.1118556261062622	37990	4.813651603132369	4.610423468793605	4.395697223182931	3.888106795033648	3.6306723459088386	3.447588925555577	3.280404966267261	3.5552735352048273	3.8099649726214326	68.78282928613534
2009-08-20	4.800000190734863	4.925000190734863	4.699999809265137	4.760000228881836	1.1025899648666382	163430	4.795767811715525	4.631791577377638	4.430392747535207	3.9222986944002436	3.6603915007239176	3.473577268195701	3.295127307188799	3.5632783637342427	3.8151564221091943	67.00896421826427
2009-08-21	4.940000057220459	4.940000057220459	4.534999847412109	4.804999828338623	1.113013505935669	185270	4.798845150589891	4.656535613229207	4.466069612373628	3.956914425142925	3.690512772503252	3.499942071366848	3.3101509143644194	3.571529004695069	3.8205654024711038	68.00852356244106
2009-08-24	5.0	5.045000076293945	4.815000057220459	5.03000020980835	1.1651318073272705	790980	4.875896836996044	4.709887698454799	4.519777288319792	3.9989962206200005	3.7257624419060176	3.5302402523260854	3.3272638426772945	3.5812198432672506	3.827174335844531	72.49569442317468
2009-08-25	5.050000190734863	5.284999847412109	4.949999809265137	5.150000095367432	1.192928433418274	472870	4.967264589786507	4.772760898013747	4.579798508038615	4.044133627472841	3.763242380155002	3.562314704663538	3.3454005218085396	3.59164363231775	3.834402891907498	74.54625355499063
2009-08-26	5.199999809265137	5.400000095367432	4.909999847412109	5.070000171661377	1.1743972301483154	252750	5.001509783744797	4.81522365139198	4.626484380764592	4.084363688029255	3.7976307430893805	3.5921698624258713	3.3625607173294636	3.601466599356578	3.841154789611071	70.75881506043292
2009-08-27	5.269999980926514	5.324999809265137	5.099999904632568	5.324999809265137	1.2334644794464111	730170	5.109339792251577	4.8880488168024305	4.693009659669405	4.133016084940466	3.8378246658834794	3.6264833267197183	3.3820874744631517	3.6129186472629473	3.8492632323414213	75.10123863225134
2009-08-28	5.53000020980835	5.59499979019165	5.28000020980835	5.525000095367432	1.2797919511795044	801690	5.247893226623528	4.979041856597431	4.772246844021598	4.187603693192504	3.882224019290952	3.664077718178089	3.4034099881039905	3.625623507383243	3.8584202643798147	77.87628933835073
2009-08-31	5.559999942779541	5.599999904632568	5.360000133514404	5.559999942779541	1.2878990173339844	267570	5.351928798675533	5.0620358689091605	4.847270948665212	4.241423153960623	3.9263760172774935	3.7016207325266324	3.424868594618175	3.6384765069539826	3.867718513988556	78.33142795981693
2009-09-01	5.514999866485596	5.625	5.284999847412109	5.289999961853027	1.225357174873352	814380	5.331285853068031	5.094602167901141	4.889435616587861	4.282543813093659	3.962260857924218	3.7330737865726995	3.4434271156851888	3.6494500847273983	3.8754905437583074	66.89789522291046
2009-09-02	5.139999866485596	5.295000076293945	5.025000095367432	5.025000095367432	1.1639734506607056	439430	5.229190600501164	5.08465901468204	4.9023465193287725	4.311659745731846	3.990227679962197	3.7586564857567537	3.4591641602591414	3.658589951907731	3.88177201671792	57.95635980991546
2009-09-03	5.025000095367432	5.099999904632568	4.824999809265137	4.885000228881836	1.1315444707870483	243660	5.114460476628055	5.056136330996297	4.900694491667159	4.334143686247532	4.0137743259863985	3.78096032225428	3.4733515838275264	3.6667388574025757	3.887254138095865	53.86057367490867
2009-09-04	5.090000152587891	5.130000114440918	4.989999771118164	5.130000114440918	1.1882954835891724	400920	5.119640355899009	5.0666883000598135	4.9225331224075175	4.365353742255116	4.043148688840465	3.8076739815055007	3.489835648808754	3.676461523562299	3.8940450997152367	59.28345426561471
2009-09-07	5.480000019073486	5.644999980926514	5.480000019073486	5.619999885559082	1.3017972707748413	2673750	5.2864268657857005	5.1457328122739945	4.988958528421953	4.414555551796448	4.084644772964639	3.843561623169928	3.511031312856021	3.689375399721746	3.903476546632416	67.5085600011996
2009-09-08	5.929999828338623	5.929999828338623	5.409999847412109	5.429999828338623	1.2577862739562988	2254810	5.334284519970008	5.186342385997513	5.030962461747349	4.454376895974572	4.120048853369218	3.8749762410940605	3.530125526940425	3.7009410105431204	3.9118182039094993	62.25685549280415
2009-09-09	5.550000190734863	5.550000190734863	5.375	5.400000095367432	1.2508372068405151	287470	5.356189711769149	5.216864915907501	5.0661089030445	4.49146015869586	4.153731780790223	3.9051747332578897	3.5487312440392014	3.712230439678166	3.919950345392876	61.444081432610666
2009-09-10	5.5	5.599999904632568	5.409999847412109	5.445000171661377	1.261260747909546	550640	5.385793198399892	5.249455666729483	5.102193785769917	4.528853884694508	4.1877125279184115	3.9356663260975626	3.5675995915777303	3.723743859824234	3.9282839510009007	62.2404067171532
2009-09-11	5.409999847412109	5.989999771118164	5.375	5.775000095367432	1.3377009630203247	4845590	5.515528830722405	5.32453344224919	5.166270577160157	4.577722363544426	4.229483253377596	3.9720887769741937	3.5895637756950407	3.7373734693627267	3.938375296052084	67.53570784234238
2009-09-14	5.800000190734863	6.099999904632568	5.704999923706055	5.989999771118164	1.3875025510787964	5368090	5.673685810854325	5.419600060659043	5.244720976584729	4.633105791292416	4.275812635423401	4.012047410521599	3.613448710972883	3.7523410859856865	3.949586358757363	70.44387580511663
2009-09-15	6.019999980926514	6.079999923706055	5.735000133514404	5.84499979019165	1.3539153337478638	1829320	5.730790470633433	5.480371450592273	5.301890387404436	4.68063104615121	4.317107034233092	4.048343497247738	3.6356531993233183	3.7662457949837327	3.959943809202359	66.140624934029
2009-09-16	5.894999980926514	5.994999885559082	5.670000076293945	5.755000114440918	1.3330684900283813	1660870	5.738860351902595	5.519604116856365	5.345043694741244	4.722763166476296	4.354946325817508	4.082138677786217	3.6567412283294636	3.779460109398731	3.969752860050657	63.54585800772933
2009-09-17	5.75	6.335000038146973	5.75	6.065000057220459	1.4048757553100586	4209060	5.84757358700855	5.597517822622664	5.413610967358312	4.775399907289793	4.399947739801796	4.121403259557192	3.6807040027462894	3.7946464213443902	3.981202298286558	68.17689233308393
2009-09-18	6.034999847412109	6.320000171661377	5.869999885559082	5.965000152587891	1.381711721420288	850570	5.886715775534997	5.650015298331982	5.466124223094463	4.822050897301483	4.441133329611956	4.157910128726116	3.703433317670086	3.809067376369264	3.9920427237198983	65.29527994275988
2009-09-22	6.0	6.34499979019165	5.369999885559082	6.0	1.3898191452026367	1621600	5.924477183689998	5.700013112855984	5.516969535180705	4.868244979760248	4.482156136727431	4.1943871558800545	3.7262847274445132	3.823625068220631	4.003015167852577	65.83949911843001
2009-09-23	6.105000019073486	6.110000133514404	5.599999904632568	5.739999771118164	1.3295937776565552	1244470	5.86298471283272	5.7057254926077245	5.538210510031892	4.90243144216644	4.515257285000871	4.224993346280809	3.7463216930532064	3.8363584549508474	4.012506886996104	58.50049549921946
2009-09-24	5.800000190734863	5.800000190734863	5.585000038146973	5.695000171661377	1.3191702365875244	655720	5.806989865775606	5.7041933039011035	5.553142858758509	4.933512568813301	4.546303150439305	4.254102392327949	3.7657115286612477	3.8487082337994223	4.0217008393713245	57.30980438965795
2009-09-25	5.695000171661377	5.869999885559082	5.599999904632568	5.760000228881836	1.3342264890670776	244600	5.791326653477682	5.712165721755494	5.572843560675016	4.965923849600302	4.578242547240425	4.28392215146763	3.785555197320159	3.8614078483846876	4.031199743139141	58.619952297145
2009-09-29	6.0	6.300000190734863	5.804999828338623	6.110000133514404	1.4152990579605103	1515010	5.897551146823257	5.768999209149624	5.6240013295168625	5.0107895862243845	4.61855195740553	4.32008211150816	3.808684002655425	3.8763486609104665	4.042559308113869	64.87153799705513
2009-09-30	6.170000076293945	6.244999885559082	5.960000038146973	6.045000076293945	1.400242805480957	733960	5.946700789980153	5.8084279044559555	5.664096448257537	5.0513468603447595	4.65609006579733	4.3542389028900566	3.8309359038856594	3.890758304866503	4.0535016073935415	62.96890153324747
2009-10-01	6.070000171661377	6.099999904632568	5.860000133514404	5.900000095367432	1.366655707359314	468590	5.931133891775913	5.8215096460147375	5.686563462268003	5.084627379365257	4.688824540259701	4.384848035414361	3.851523607283488	3.904108748657207	4.06359176306553	58.82417077042758
2009-10-05	5.900000095367432	6.0	5.800000190734863	5.880000114440918	1.362022876739502	474440	5.914089299330914	5.829865427218477	5.704986000570186	5.115818467015282	4.720171265896049	4.414455007276273	3.871707453125851	3.917237594941484	4.07351749176157	58.25460122381318
2009-10-06	5.940000057220459	6.03000020980835	5.699999809265137	5.835000038146973	1.351599097251892	321080	5.887726212269601	5.8305989430654055	5.717368289863213	5.144021665883192	4.74950886516581	4.442584611847971	3.891242702728051	3.929980202537534	4.083143079446736	56.919181022879485
2009-10-07	5.900000095367432	6.0	5.510000228881836	5.625	1.3029553890228271	721700	5.800150808179734	5.8012276654846335	5.70857130987624	5.162883561338753	4.772548105556183	4.465998777949991	3.9084940191188164	3.9412427925538958	4.091568527100033	51.039121707104876
2009-10-08	5.639999866485596	5.789999961853027	5.599999904632568	5.65500020980835	1.309904932975769	358130	5.751767275389272	5.78033802895945	5.703469300345965	5.1821822534356	4.795770529352293	4.489543360759067	3.9258721901704536	3.9526298850273474	4.100111869628494	51.80509529051387
2009-10-09	5.695000171661377	5.800000190734863	5.510000228881836	5.53000020980835	1.2809499502182007	314520	5.677844920195631	5.744575483366436	5.6869484345804775	5.1958221732933545	4.815092363048505	4.510146466680835	3.9418336630026714	3.963110750972736	4.107925467115815	48.406944349993914
2009-10-12	5.505000114440918	5.670000076293945	5.5	5.554999828338623	1.2867411375045776	344860	5.636896556243295	5.717493246933891	5.674381900652682	5.209907571530424	4.834563612135087	4.530836632258217	3.95788506763288	3.973688087034968	4.1158329772864315	49.12569251915203
2009-10-13	5.590000152587891	5.590000152587891	5.590000152587891	5.590000152587891	1.294848084449768	0	5.621264421691493	5.699279947741606	5.66634554369413	5.224813162944442	4.854443521094371	4.55181016731425	3.9741250187269594	3.9844277020884755	4.123888535621412	50.17229026834722
2009-10-14	5.639999866485596	5.78000020980835	5.614999771118164	5.65500020980835	1.309904932975769	633280	5.632509684397112	5.692954270893998	5.6652650357050085	5.241683243213615	4.875510802376318	4.573655514690371	3.9908501450063762	3.9955278516414316	4.13225526608145	52.141390036397794
2009-10-15	5.664999961853027	5.724999904632568	5.565000057220459	5.659999847412109	1.3110626935958862	378810	5.6416730720687776	5.688246496110871	5.6647635892009225	5.258087815927281	4.896155250929891	4.595167283655158	4.007458599756682	4.00658746623127	4.140603597126972	52.29754184713921
2009-10-16	5.699999809265137	6.230000019073486	5.630000114440918	6.105000019073486	1.4141411781311035	1393920	5.7961153877370135	5.747782713676959	5.706690868236405	5.2913000591879165	4.927966955354723	4.625064961584234	4.028329658655357	4.020530406781717	4.151338003804276	63.66211097006563
2009-10-20	6.96999979019165	7.394999980926514	6.900000095367432	7.394999980926514	1.7129521369934082	9966160	6.3290769188001805	5.983099466141181	5.8674822123021295	5.373798095334528	4.992888877080296	4.679915159987051	4.061828865842135	4.042952131526865	4.169062932641009	79.16105573861147
2009-10-21	7.570000171661377	7.764999866485596	7.550000190734863	7.764999866485596	1.7986575365066528	4184660	6.807717901361985	6.237656666190383	6.048198179367222	5.46757071381104	5.065839166275173	4.741005946254349	4.098676338485354	4.067683345712637	4.188712861241253	81.58691484562355
2009-10-22	7.869999885559082	7.869999885559082	7.409999847412109	7.565000057220459	1.7523304224014282	5235250	7.060145286648143	6.427277150623251	6.19265550106753	5.549822844925135	5.131606558142154	4.796926621719025	4.13316712175635	4.090921330506709	4.207162518049882	76.40908767744529
2009-10-23	7.699999809265137	7.945000171661377	7.599999904632568	7.945000171661377	1.8403525352478027	2527480	7.355096914985888	6.644094725057269	6.359545469695515	5.643751367542243	5.205643232182134	4.859264711816893	4.171095808820081	4.116529827790129	4.227587860419344	79.12044693896979
2009-10-26	8.345000267028809	8.345000267028809	8.345000267028809	8.345000267028809	1.9330071210861206	383250	7.685064699000194	6.8870812310532035	6.548636402774877	5.749682696933873	5.288257890993889	4.928289178256733	4.2126271964639495	4.14462597688806	4.250087381766937	81.52722243694866
2009-10-27	8.765000343322754	8.765000343322754	8.104999542236328	8.765000343322754	2.03029465675354	9009140	8.045043247107714	7.155355389948854	6.759718682827056	5.867930447772653	5.3797511134235965	5.004263656772892	4.257924441706326	4.175326138791281	4.274759037294564	83.65737260311576
2009-10-28	8.994999885559082	9.204999923706055	8.329999923706055	8.59000015258789	1.989758014678955	6697220	8.226695548934439	7.36030464175443	6.934031203756659	5.974678279334035	5.464231351296341	5.075268339858337	4.301029672660372	4.204659520942753	4.298339589837151	79.5416467972109
2009-10-29	8.260000228881836	8.600000381469727	8.260000228881836	8.5	1.968910813331604	3637860	8.317797032622959	7.52311826436094	7.083171089113168	6.073710503673877	5.544119999946438	5.143084808375994	4.342810471937383	4.233199989242137	4.32129948278886	77.4317997425512
2009-10-30	8.789999961853027	8.925000190734863	8.300000190734863	8.354999542236328	1.9353229999542236	2518400	8.330197869160749	7.641958446914567	7.204297608458231	6.163172818911621	5.618090514217225	5.206687080333624	4.382732751243839	4.260587361687281	4.343341559616442	74.02500737226288
2009-11-03	8.0	8.494999885559082	7.940000057220459	7.940000057220459	1.8391940593719482	1223270	8.200131931847318	7.684535819815409	7.274364508340348	6.232852318453143	5.679193396927836	5.260812089776928	4.418128445830671	4.285035286574545	4.362995431188049	65.18528278817269
2009-11-04	7.889999866485596	7.889999866485596	7.545000076293945	7.559999942779541	1.7511723041534424	2033680	7.986754602158059	7.666744980238856	7.301567883048842	6.284897323328688	5.728688306029197	5.306340562113613	4.449390848785386	4.306795849074246	4.380465401196745	58.318016725323794
2009-11-05	7.650000095367432	7.940000057220459	7.255000114440918	7.804999828338623	1.807923436164856	1280050	7.92616967755158	7.686495672824537	7.34951378260025	6.344509186270255	5.783328082932076	5.3558189634249995	4.482779992860543	4.330039729335138	4.399178704077302	61.159139492909134
2009-11-06	8.024999618530273	8.1899995803833	7.75	7.869999885559082	1.8229795694351196	677220	7.907446413554081	7.712710560358044	7.399083887643949	6.404332350948248	5.8382404987906815	5.405604724259338	4.516483673384907	4.353561059276825	4.4181449400416835	61.90110974258022
2009-11-09	7.800000190734863	8.265000343322754	7.800000190734863	8.265000343322754	1.9144762754440308	921890	8.026631056810306	7.7916091007815735	7.481552121518121	6.477299723198229	5.9021025999625785	5.462226419686337	4.553782346717622	4.37955068907115	4.439166007819176	66.13480654958538
2009-11-10	8.680000305175781	8.680000305175781	8.270000457763672	8.324999809265137	1.92837393283844	4231850	8.126087307628582	7.867807773422083	7.561880472732122	6.549758550102814	5.965863052838961	5.518915001658194	4.591306898583766	4.405766297843203	4.4604000723079515	66.73941167356784
2009-11-11	8.25	8.699999809265137	8.109999656677246	8.524999618530273	1.9747014045715332	1449640	8.259058077929145	7.961692322723253	7.653606105665279	6.627218984158793	6.033208751936101	5.578441429715067	4.630448119677761	4.433136618910892	4.482610998790041	68.7426702779212
2009-11-12	8.600000381469727	8.600000381469727	8.154999732971191	8.25	1.911001443862915	577360	8.25603871861943	8.002879133762788	7.710405524173348	6.690857455368252	6.091545363727256	5.631343579621699	4.666463561273008	4.458497837389889	4.503197823933265	63.113831268454625
2009-11-13	8.399999618530273	8.414999961853027	8.125	8.295000076293945	1.9214249849319458	507790	8.26902583784427	8.044610696981524	7.766081195803881	6.753765009130044	6.149531014057959	5.68408925282313	4.70256840221849	4.483989546618488	4.523918054820482	63.638517720621536
2009-11-16	8.3100004196167	8.710000038146973	8.199999809265137	8.710000038146973	2.01755428314209	2150140	8.416017237945171	8.139666317148016	7.855978228407985	6.830480108307178	6.216911777849775	5.744008278275087	4.742443343869519	4.512069350548909	4.546792819756692	68.13950977124799
2009-11-17	8.880000114440918	8.880000114440918	8.350000381469727	8.609999656677246	1.9943904876708984	1688160	8.480678044189196	8.20685679422362	7.927789793005058	6.900265188635416	6.279887774661025	5.800760582797903	4.780926491260641	4.539298123347105	4.568996135805438	66.01884097664
2009-11-18	8.5	8.829999923706055	8.479999542236328	8.625	1.9978649616241455	837240	8.528785362792798	8.26659153790596	7.994190765099814	6.967901847904615	6.341601254275208	5.856686115811805	4.819175978909789	4.566445644122207	4.5911600913474855	66.18882898256128
2009-11-19	8.600000381469727	8.925000190734863	8.399999618530273	8.4399995803833	1.9550118446350098	1085500	8.499190101989631	8.291364115402724	8.036648747507765	7.025631170746917	6.3968222628569995	5.907840837882528	4.855204074446839	4.592183544030918	4.6121920011236375	62.065156682265055
2009-11-20	8.399999618530273	8.585000038146973	8.100000381469727	8.46500015258789	1.9608036279678345	618590	8.48779345218905	8.316169263572034	8.077444119420159	7.082077013172053	6.451247996797286	5.958477655995505	4.8911224433835665	4.6179165447522275	4.633245597579727	62.40601953783423
2009-11-23	8.399999618530273	8.65999984741211	8.369999885559082	8.59000015258789	1.989758014678955	342490	8.521862352321998	8.35528796200287	8.126258979721849	7.1412112539334585	6.50753094826546	6.010587012363671	4.927927196708983	4.644309126864092	4.654867207169935	64.1409608149885
2009-11-24	8.664999961853027	8.800000190734863	8.454999923706055	8.539999961853027	1.9781758785247803	557620	8.527908222165674	8.381675390552893	8.16566288278196	7.19606571306756	6.561016974938817	6.0606743975020745	4.96386821924773	4.6701941158008955	4.676097440802083	62.89070392800915
2009-11-25	8.600000381469727	8.770000457763672	8.5	8.619999885559082	1.9967070817947388	495710	8.55860544329681	8.415721746982348	8.208933073522639	7.251906268851541	6.615200735744613	6.111354110136867	5.000247638813017	4.696438672410585	4.697648820281629	64.09657874090676
2009-11-26	8.625	8.739999771118164	8.324999809265137	8.40999984741211	1.9480632543563843	263300	8.509070244668576	8.414904332758027	8.22808229008354	7.297321703304896	6.66243229131481	6.156871847508654	5.034175521485644	4.7211134974936515	4.7179348914681345	58.70394096427852
2009-11-27	8.130000114440918	8.300000190734863	7.989999771118164	8.020000457763672	1.8577250242233276	842810	8.346046982366941	8.358489493473119	8.208264972719743	7.325662046617005	6.698157769379254	6.193765483355288	5.063885222344132	4.743033012179831	4.735978965600897	50.24879200015718
2009-11-30	8.050000190734863	8.425000190734863	8.050000190734863	8.425000190734863	1.951537847518921	2571690	8.372364718489582	8.367991021653369	8.228906422054516	7.368773346386333	6.743600990993875	6.2379483488479535	5.097329152377871	4.76749791037621	4.756137551530591	57.15075562964551
2009-12-01	8.640000343322754	8.850000381469727	8.640000343322754	8.850000381469727	2.049983263015747	1616300	8.53157660614963	8.436849501627135	8.288058227713108	7.426860681095485	6.799032553901134	6.289672151474127	5.134669164607641	4.794624172642612	4.7785083866668705	62.95814372462778
2009-12-02	9.295000076293945	9.295000076293945	9.100000381469727	9.295000076293945	2.1530613899230957	3807000	8.786051096197735	8.55944244086525	8.383957451387474	7.50012104953464	6.864715909753577	6.349183595529965	5.1760654920871065	4.824527002567206	4.803188669123849	67.86860739685615
2009-12-03	9.760000228881836	9.760000228881836	9.399999618530273	9.430000305175781	2.1843326091766357	4462240	9.00070083252375	8.68380785005247	8.483580580319693	7.575802588971548	6.932223393843635	6.4101898670081	5.218393201670079	4.855128154079555	4.828471792818122	69.20245241218814
2009-12-04	9.404999732971191	9.600000381469727	9.100000381469727	9.289999961853027	2.1519036293029785	682460	9.097133875633508	8.770406723166834	8.560382426180011	7.643026015359057	6.994270145633355	6.467215809480277	5.2589067017714015	4.88459574084217	4.852851728168039	66.13629152267644
2009-12-07	9.300000190734863	9.395000457763672	9.020000457763672	9.069999694824219	2.1009433269500732	575990	9.088089148697078	8.813205719117889	8.608917404146126	7.698985767494945	7.048894607454168	6.518756084437583	5.29682802508536	4.912405733891885	4.875896252575997	61.52320898927815
2009-12-08	8.920000076293945	9.524999618530273	8.920000076293945	9.524999618530273	2.2063379287719727	1094920	9.23372597197481	8.914890561891086	8.696163329325568	7.770594153810056	7.114055265640381	6.578285659370112	5.338899384224115	4.943054198241642	4.901301189001976	66.6969861878305
2009-12-09	9.449999809265137	9.789999961853027	9.329999923706055	9.404999732971191	2.178541660308838	2337590	9.29081722564027	8.984906157759672	8.763671558244198	7.834688490247748	7.1743432779385605	6.634260195481024	5.379358094161897	4.972701676877718	4.925911563559185	64.24345295504604
2009-12-10	9.210000038146973	9.579999923706055	9.210000038146973	9.350000381469727	2.165801525115967	564220	9.310544944250088	9.037062475432537	8.81951239855139	7.894112485981943	7.231597412242012	6.688037228866938	5.418866972642571	5.001786718104243	4.950086912290937	63.09777851447834
2009-12-11	9.350000381469727	9.494999885559082	9.055000305175781	9.135000228881836	2.115999698638916	294400	9.252030039127337	9.051053583068152	8.849558858582862	7.94277475040939	7.281686960048323	6.73649194173852	5.45584342295341	5.0292499308004395	4.9729552910701225	58.69148588180909
2009-12-14	9.100000381469727	9.390000343322754	8.904999732971191	9.09000015258789	2.105576276779175	548780	9.198020076947522	9.05661737871383	8.872458029440484	7.98776398186737	7.3292741493256806	6.783096064725636	5.49200418643236	5.056231659848861	4.995452803974591	57.781968990192134
2009-12-15	9.0600004196167	9.135000228881836	8.635000228881836	8.71500015258789	2.018712282180786	500630	9.03701343549431	9.007814917838695	8.857462041168809	8.016283047385821	7.365740623095738	6.821351591217958	5.524073798035897	5.08054241395344	5.015778199322205	50.72725049058822
2009-12-16	8.699999809265137	8.949999809265137	8.625	8.770000457763672	2.0314524173736572	508300	8.948009109584097	8.973841423542263	8.849132366558795	8.045840592890835	7.40269482927121	6.85993869748619	5.556371575744631	5.105057085340883	5.036293075051393	51.659468077576655
2009-12-17	8.699999809265137	9.199999809265137	8.699999809265137	8.9350004196167	2.069672107696533	638710	8.943672879594965	8.968292708695754	8.857310276373834	8.080709605703614	7.443018660596092	6.901029028617487	5.589989773196095	5.130505213807832	5.057597486770329	54.44404414366312
2009-12-18	8.800000190734863	9.385000228881836	8.75	8.9350004196167	2.069672107696533	1847700	8.94078205960221	8.963536667398747	8.864709337635059	8.114211206249225	7.4822813384650555	6.941305689825392	5.6232734612201805	5.155784251720183	5.078785480938889	54.44404414366312
2009-12-21	9.199999809265137	9.34000015258789	8.96500015258789	9.005000114440918	2.0858869552612305	498990	8.962188077881779	8.9694600169762	8.878070363997521	8.149144104609684	7.522352885201262	6.982170925956392	5.656922482645262	5.18136043685454	5.100240205712124	55.69960264308017
2009-12-22	9.0	9.329999923706055	9.0	9.260000228881836	2.144954204559326	623140	9.061458794881798	9.010965761534148	8.914444636843646	8.19270708987526	7.568080446877067	7.0272764567073915	5.692774002508313	5.208461033479306	5.122971134800483	60.02215336895284
2010-01-04	9.550000190734863	9.84000015258789	9.484999656677246	9.524999618530273	2.2063379287719727	2155400	9.215972402764622	9.084399169676452	8.97259273033761	8.244953855704868	7.619578319815309	7.076736321297943	5.730905600677685	5.237142352981306	5.147025935258023	63.957937692853505
2010-01-05	9.680000305175781	9.680000305175781	9.239999771118164	9.300000190734863	2.154219627380371	1046130	9.24398166542137	9.11519931554194	9.003774393232586	8.286328221784474	7.663799947997402	7.120761348415506	5.7664189796832295	5.264138086122526	5.169719783648607	58.67599616767686
2010-01-06	9.420000076293945	9.5649995803833	9.119999885559082	9.460000038146973	2.191281318664551	1616400	9.315987789663238	9.164456561628374	9.047224454653003	8.332354567524181	7.711068371422391	7.167082906628011	5.803171030016202	5.292017567531326	5.193163938044773	61.13404932570724
2010-01-07	9.399999618530273	9.5	9.229999542236328	9.3149995803833	2.157693862915039	1906740	9.315658386569925	9.185962707164792	9.072726847579698	8.370889666067676	7.753277087447678	7.20961591006871	5.838114597681546	5.31874834502536	5.215687630079409	57.779770371436236
2010-01-08	9.449999809265137	9.600000381469727	9.255000114440918	9.395000457763672	2.176225185394287	3114120	9.342105743634507	9.215825242964632	9.103419572359124	8.411050873585166	7.796480334034941	7.252890851607224	5.873506496786841	5.345833076671461	5.2385254050940775	59.11272165475011
2010-01-11	9.470000267028809	9.600000381469727	9.260000228881836	9.305000305175781	2.1553781032562256	1647460	9.329737264148266	9.228564537566225	9.122617737389282	8.4461077140397	7.836178228012331	7.293526682370958	5.907650713785736	5.3721398356648455	5.260746579411464	56.934981548013354
2010-01-12	9.300000190734863	9.78499984741211	9.225000381469727	9.260000228881836	2.144954204559326	3847750	9.306491585726123	9.233055350611313	9.135701784198096	8.478025067562921	7.873647228035213	7.332466752598896	5.941007425378732	5.397972795088214	5.282600424490537	55.82752134674652
2010-01-13	9.289999961853027	9.699999809265137	9.239999771118164	9.369999885559082	2.1704342365264893	2944910	9.327661019003775	9.252618855603851	9.158015889089619	8.513004472190222	7.913024929548999	7.372813943350583	5.975126753340725	5.424365001669416	5.30493594067124	57.97919345706678
2010-01-14	9.449999809265137	9.880000114440918	9.274999618530273	9.729999542236328	2.2538235187530518	3098590	9.461773860081292	9.320816096551347	9.21249052272264	8.560729769054776	7.9608400509355075	7.419490885902777	6.012488671638194	5.452973869048598	5.329116616089628	64.1362780467628
2010-01-15	9.720000267028809	10.149999618530273	9.65999984741211	9.890000343322754	2.2908852100372314	4030600	9.60451602116178	9.402128131804405	9.277015267541698	8.612858026869207	8.011607427050961	7.468411865257628	6.051070877326598	5.4824557725321466	5.354039477987077	66.48663349418051
2010-01-18	9.880000114440918	10.1899995803833	9.779999732971191	9.875	2.2874107360839844	1914670	9.694677347441187	9.469681255832347	9.333966194442489	8.662353790521394	8.060644073707515	7.5160670758465855	6.089119923323349	5.511642112913993	5.378744180293158	66.04960261705914
2010-01-19	9.875	9.960000038146973	9.5	9.550000190734863	2.2121286392211914	1534950	9.64645162853908	9.48115538938985	9.354540860756048	8.697163453274863	8.09983765573455	7.5563429791117	6.123556542899583	5.53847505695267	5.401537928984097	57.266551676973265
2010-01-20	9.550000190734863	9.739999771118164	9.300000190734863	9.345000267028809	2.1646435260772705	1521330	9.54596784136899	9.461704657623986	9.353632232782026	8.722568818520115	8.132605092873872	7.591761935308078	6.155610709308829	5.563767583265468	5.423086903508931	52.52223502171323
2010-01-21	9.479999542236328	9.515000343322754	9.010000228881836	9.079999923706055	2.103259563446045	1905950	9.390645202148011	9.407175409921425	9.327572012870029	8.736585724605838	8.15753653579051	7.621231994484275	6.1847091094520845	5.587131253301618	5.443070034766839	47.091119159954246
2010-01-22	8.890000343322754	9.0	7.75	8.515000343322754	1.972385048866272	8541230	9.098763582539592	9.279721828978758	9.250184234817906	8.727896101810423	8.16694347809399	7.638930377629592	6.207896086903534	5.606585532969532	5.459856539185177	38.055638611916656
2010-01-25	8.399999618530273	8.979999542236328	8.199999809265137	8.25	1.911001443862915	1415620	8.815842388359728	9.13261871055322	9.154928593406677	8.709155078210014	8.169129176038885	7.651030766191382	6.228215528824892	5.6241497486973095	5.4751032247634	34.693304223041984
2010-01-27	8.300000190734863	8.449999809265137	7.755000114440918	7.815000057220459	1.8102397918701172	902490	8.482228277979972	8.944387474362825	9.027316351865132	8.674090175426109	8.159809988701557	7.654277682845423	6.2440044296049475	5.63870689360444	5.487889546252236	30.006613275620996
2010-01-28	8.170000076293945	8.170000076293945	7.610000133514404	7.849999904632568	1.8183465003967285	1009400	8.27148548686417	8.788046392972788	8.91519097593822	8.641772909904793	8.151657091752373	7.658153370405564	6.2599844840828345	5.653399870421903	5.500797253128631	30.816427259506398
2010-01-29	7.75	7.940000057220459	7.324999809265137	7.75	1.7951829433441162	642090	8.097656991242781	8.639754051119533	8.804220406801246	8.60680142324186	8.141087168285205	7.659972115546048	6.274810509116836	5.667330768292854	5.513087978521371	29.75708389270433
2010-02-01	7.75	7.900000095367432	7.554999828338623	7.715000152587891	1.7870758771896362	693330	7.9701047116911505	8.5076463513293	8.700485144495213	8.571828824392686	8.129874352082645	7.661061779645887	6.289140754325503	5.680936544932688	5.525120285483483	29.376452103341222
2010-02-02	7.889999866485596	8.289999961853027	7.800000190734863	7.860000133514404	1.820663332939148	1099040	7.933403185632235	8.415125463070028	8.620438952973231	8.543913973770008	8.122772398962429	7.665001152989817	6.304771195909472	5.695415372763796	5.537879191756876	33.18928094878982
2010-02-03	7.03000020980835	8.199999809265137	7.014999866485596	7.994999885559082	1.8519341945648193	617780	7.953935418941184	8.355107523425607	8.560873327505217	8.52238793109507	8.119409964399182	7.671535781357526	6.321589391826384	5.710695004078051	5.551306080794047	36.62010918014373
2010-02-04	7.929999828338623	8.0	7.699999809265137	7.739999771118164	1.792866826057434	181510	7.882623536333511	8.267234987381686	8.482694893563593	8.491706042468524	8.109425485628629	7.672891503927043	6.3357029279387405	5.724178756682969	5.563266155604562	33.15661036869919
2010-02-05	7.420000076293945	7.599999904632568	7.300000190734863	7.364999771118164	1.706003189086914	496330	7.7100822812617285	8.138344242201184	8.376247739044981	8.447521482807725	8.089835335246775	7.666794637930828	6.345944687572366	5.735081221895163	5.5731116944871495	28.837203400094253
2010-02-08	7.514999866485596	7.675000190734863	7.304999828338623	7.449999809265137	1.7256923913955688	316440	7.623388123929531	8.04000932321032	8.28803365049452	8.408402985806054	8.072997558247259	7.662501671026557	6.356930310673787	5.746476029784664	5.5833679136935865	31.030432686699346
2010-02-09	7.53000020980835	7.579999923706055	7.449999809265137	7.5	1.7372738122940063	197800	7.582258749286354	7.962865134180275	8.212982826637898	8.372779339303856	8.05791867513549	7.659283816154744	6.368304138428277	5.7581273518458955	5.59384131307231	32.35120607975647
2010-02-10	7.630000114440918	7.650000095367432	7.409999847412109	7.519999980926514	1.741906762123108	281030	7.561505826499741	7.8995986837154515	8.14698446037967	8.339337011524352	8.043762920024728	7.65652572040765	6.379763798552638	5.7698341467235075	5.604366770273699	32.904690719713
2010-02-11	7.480000019073486	7.735000133514404	7.480000019073486	7.605000019073486	1.7615959644317627	401230	7.5760038906909895	7.857513160195171	8.095366894540986	8.31053948240863	8.032216527894432	7.655505409490142	6.39195520373195	5.7820279398952685	5.615299192398288	35.326533127499324
2010-02-15	7.730000019073486	7.940000057220459	7.699999809265137	7.739999771118164	1.792866826057434	688980	7.630669184166714	7.84072553318417	8.061522406595955	8.288165376083514	8.024526613242426	7.657178565165944	6.405368582511912	5.795037719504723	5.626909578074352	39.087166993705345
2010-02-16	7.795000076293945	7.829999923706055	7.519999980926514	7.664999961853027	1.7754942178726196	252820	7.642112776728818	7.815621880136864	8.023758364239486	8.263727516701927	8.015065385574283	7.657333444308263	6.417902228077495	5.807462717792752	5.63804668399664	37.77306519375338
2010-02-17	7.699999809265137	7.889999866485596	7.659999847412109	7.764999866485596	1.7986575365066528	403140	7.683075139981077	7.8083901639009685	7.999114697786734	8.24416956963462	8.008484714019318	7.6594654526682096	6.431306184678571	5.820469609146192	5.649669378982918	40.63870935358923
2010-02-18	7.835000038146973	7.835000038146973	7.699999809265137	7.724999904632568	1.789392113685608	147160	7.6970500615315744	7.796477269719769	7.973008527010147	8.223809974928656	8.001024587456508	7.660763164588296	6.444178759006472	5.833124295494939	5.661009982948217	39.84821745108738
2010-02-19	7.704999923706055	7.800000190734863	7.599999904632568	7.71999979019165	1.7882343530654907	718890	7.704699971084933	7.785551915501466	7.948912456836957	8.204052712782106	7.9936291980548	7.661936167075491	6.45687349563518	5.845661674197243	5.672261293370313	39.74414501314066
2010-02-22	7.71999979019165	8.0	7.699999809265137	7.699999809265137	1.7836012840270996	505630	7.703133250478334	7.773330186039133	7.925206490401545	8.18428593225203	7.985902108876125	7.662689902564395	6.469242911691199	5.857982857818956	5.683341831708535	39.30198885488651
2010-02-23	7.695000171661377	8.239999771118164	7.695000171661377	7.900000095367432	1.8299283981323242	4618870	7.768755532108034	7.791425887371747	7.922805881350677	8.173137468060476	7.983641529573265	7.667389114303069	6.483479301578525	5.871551078666454	5.695454718395196	45.79608739964344
2010-02-24	8.109999656677246	8.239999771118164	7.909999847412109	8.015000343322754	1.8565673828125	4454460	7.850837135846274	7.823365095364748	7.931586306300399	8.166936012188408	7.9844667615140406	7.674272504976726	6.4987183169192635	5.885793266471479	5.7081298310997175	49.1640568393312
2010-02-25	8.095000267028809	8.095000267028809	7.699999809265137	7.815000057220459	1.8102397918701172	1736090	7.838891442971002	7.822170089915564	7.920482854007071	8.153134602189665	7.980007111401052	7.677059189179572	6.511815647668529	5.8986119162438975	5.719642783155022	44.03907619442255
2010-02-26	8.0	8.25	7.800000190734863	7.824999809265137	1.8125560283660889	2110190	7.8342608984023805	7.822574335536931	7.911389230698315	8.140266571094585	7.975927971871159	7.67998870640899	6.5248821567391415	5.911411835798856	5.731147466357809	44.35142644001879
2010-03-02	8.149999618530273	8.149999618530273	7.699999809265137	8.020000457763672	1.8577250242233276	4040410	7.896174084856145	7.850778067283608	7.921733157085492	8.135550252924746	7.977087774131489	7.6867216123764095	6.539758955754311	5.92542239142653	5.74365485975347	50.189979179448585
2010-03-03	8.100000381469727	8.699999809265137	7.974999904632568	8.619999885559082	1.9967070817947388	6833070	8.137449351757123	7.960666898465819	7.9882347502734525	8.154548277733936	7.994006513905899	7.7052023702612145	6.560457870478737	5.943326560822759	5.759372592134921	63.03953381393909
2010-03-04	8.694999694824219	9.100000381469727	8.694999694824219	9.045000076293945	2.0951523780822754	6032140	8.439966259936064	8.11557163815555	8.08887906703731	8.189467956108837	8.0216642392319	7.731733017905427	6.585179683471923	5.963935687171404	5.777326840682238	69.11689773956964
2010-03-05	9.050000190734863	9.255000114440918	9.029999732971191	9.1850004196167	2.127581834793091	2860500	8.688310979829609	8.268347178364285	8.193271576806776	8.228508444873851	8.052278349242027	7.7605105902165405	6.6110485465181394	5.985338110642802	5.7959480077802406	70.8190628984966
2010-03-08	9.289999961853027	9.720000267028809	9.100000381469727	9.609999656677246	2.226027011871338	19817550	8.99554053877882	8.460011818123279	8.328198060603963	8.282684570826925	8.093271015227163	7.79713413608705	6.640888856071961	6.009422240516785	5.816789820069295	75.27431985774679
2010-03-09	9.680000305175781	9.805000305175781	9.21500015258789	9.279999732971191	2.1495866775512695	1230170	9.090360270176278	8.577152948815838	8.418845838924652	8.321794969342386	8.12450071832569	7.8264978112728745	6.667148665792352	6.031153652426781	5.835714464402092	66.75216796675707
2010-03-10	9.300000190734863	9.300000190734863	8.800000190734863	9.095000267028809	2.106734037399292	6542360	9.091906935793789	8.651131137131976	8.483241498744094	8.352116745722245	8.150040180133667	7.851616671782893	6.691306393167839	6.0515114372414125	5.853524769334479	62.48150562835391
2010-03-11	9.25	9.255000114440918	8.805000305175781	8.880000114440918	2.0569324493408203	1553620	9.021271328676166	8.683826705318967	8.521028033572364	8.372818054299449	8.169249652089121	7.871980700350379	6.71308444014568	6.070305381940413	5.870062885974405	57.849367991055466
2010-03-12	9.039999961853027	9.395000457763672	8.829999923706055	8.954999923706055	2.074305295944214	4105360	8.999180860352796	8.722565736517122	8.562358689775573	8.395648715844807	8.189927290815882	7.893426625565343	6.735392056897525	6.08947278753354	5.886920465415561	58.991483687035725
2010-03-15	8.920000076293945	8.949999809265137	8.59000015258789	8.619999885559082	1.9967070817947388	412080	8.872787202088224	8.707913472094544	8.56784832746924	8.404446800931641	8.201244990677546	7.90781421487215	6.754144373600625	6.106286921075238	5.901855325634925	52.18918212857567
2010-03-16	8.585000038146973	8.649999618530273	8.420000076293945	8.5649995803833	1.9839669466018677	438880	8.770191328186582	8.68749720185008	8.567577018222961	8.410742988361118	8.21081747988033	7.920827786466431	6.772162833369607	6.122623882266653	5.9164080264805445	51.14641652045394
2010-03-17	8.505000114440918	8.970000267028809	8.505000114440918	8.739999771118164	2.024503469467163	408700	8.760127475830442	8.694997568888377	8.583998232784408	8.423655019057472	8.224743329649746	7.937049013885277	6.7917433004118815	6.140015084185933	5.931837489565996	54.27682286156992
2010-03-18	8.720000267028809	9.180000305175781	8.619999885559082	8.8100004196167	2.0407180786132812	1126380	8.77675179042586	8.711426547563851	8.605522250577959	8.438805819079402	8.240144832017297	7.954335180335404	6.8118254608019795	6.15775585053431	5.947565155850427	55.505007474736075
2010-03-19	8.970000267028809	9.15999984741211	8.824999809265137	8.9399995803833	2.0708303451538086	1562290	8.831167720411674	8.74407983796663	8.637377234368945	8.458460476385437	8.258562062237456	7.973853287267046	6.833001322688361	6.1762425198356325	5.963917256530935	57.77349084779735
2010-03-22	8.649999618530273	8.845000267028809	8.649999618530273	8.6850004196167	2.01176381111145	252900	8.78244528681335	8.735639921059498	8.641912775821112	8.467344395727839	8.269784124273752	7.9879354086997125	6.85142917439909	6.192912007541819	5.978786563433043	52.15635904482758
2010-03-23	8.890000343322754	9.199999809265137	8.699999809265137	9.125	2.1136832237243652	1141710	8.8966301912089	8.79126278947957	8.687921082885769	8.49313481158165	8.292289805213915	8.01045153922051	6.874051769678701	6.2123943197840665	5.995978986583682	59.47752372693236
2010-03-25	9.100000381469727	9.359999656677246	9.100000381469727	9.28499984741211	2.150745153427124	1418600	9.026086743276636	8.861796654898503	8.744785727126372	8.52418834239853	8.318413753692814	8.035690119580739	6.898041302790476	6.232810303356346	6.013951778172909	61.768543246764395
2010-03-26	9.350000381469727	9.489999771118164	9.300000190734863	9.305000305175781	2.1553781032562256	887750	9.119057930576352	8.925111462080972	8.79813949646441	8.554808419370186	8.344376557679208	8.060824974741037	6.921991143610231	6.253223525959798	6.031935649905165	62.05732240031925
2010-03-29	9.395000457763672	9.395000457763672	9.010000228881836	9.199999809265137	2.131056070327759	452400	9.146038556805946	8.964381225964424	8.836411907207337	8.580110042503321	8.366892959036733	8.083382892256365	6.944657896502319	6.272803434818969	6.049247475912597	59.51569098074383
2010-03-30	9.350000381469727	9.350000381469727	9.100000381469727	9.100000381469727	2.1078927516937256	418520	9.13069249836054	8.98375539103661	8.861515571422803	8.600497898933376	8.386185259627075	8.103513931646729	6.966104090382592	6.291588796590735	6.06591825681728	57.11646208089765
2010-03-31	9.0	9.225000381469727	9.0	9.149999618530273	2.119474411010742	226260	9.137128205083785	9.007504566392848	8.888990242575895	8.622046985976391	8.406285637492948	8.124236420495908	6.987834394145255	6.31058155952721	6.082771160433198	58.027539286540296
2010-04-01	9.149999618530273	9.680000305175781	9.104999542236328	9.300000190734863	2.154219627380371	1871880	9.191418866967478	9.049289655584564	8.928134047162464	8.648633386162999	8.42980444152563	8.147518871391728	7.010841018986943	6.330444806246198	6.100351646937579	60.72348847438482
2010-04-05	9.4399995803833	9.729999542236328	9.270000457763672	9.614999771118164	2.227185010910034	4030900	9.332612501684373	9.130105386375078	8.99354983039634	8.686530107141632	8.46099379230438	8.176577899109084	7.0367530463713335	6.3522690917270745	6.119557374392118	65.70518711200157
2010-04-06	9.789999961853027	10.489999771118164	9.399999618530273	10.109999656677246	2.3418455123901367	13716390	9.591741553348664	9.27009028213253	9.099878385280237	8.742352442417538	8.504388683472088	8.214863478466869	7.0673326146330835	6.3772374011287365	6.14136306992373	71.7656080533637
2010-04-07	10.100000381469727	10.800000190734863	10.100000381469727	10.625	2.4611382484436035	8804260	9.936161035565776	9.463648813256455	9.245128062872595	8.816181758401164	8.56019424443335	8.262588954140792	7.102732290109371	6.405461737333861	6.165863818175513	76.43202665127035
2010-04-08	10.600000381469727	11.050000190734863	10.5	10.649999618530273	2.4669289588928223	6617720	10.174107229887275	9.633127499724143	9.378925353887613	8.88809618428858	8.615189122699057	8.309864412841574	7.138028482431967	6.433664646843472	6.1903672924943915	76.63391062073184
2010-04-09	10.704999923706055	11.295000076293945	10.65999984741211	10.949999809265137	2.5364201068878174	3948830	10.432738089679896	9.821252115372856	9.528551492494996	8.968955149973935	8.676631509187638	8.362144321681644	7.17595854538553	6.46367351835458	6.2163762133510625	78.96275898539974
2010-04-12	10.994999885559082	11.574999809265137	10.399999618530273	11.425000190734863	2.646446943283081	7400810	10.763492123364886	10.050358983281713	9.709165654232127	9.065270641768482	8.748957000807302	8.422794932950024	7.21823756673229	6.496639144084681	6.244838639456985	82.01863028583706
2010-04-13	11.204999923706055	11.444999694824219	10.699999809265137	10.8149995803833	2.5051488876342773	2152810	10.780661275704357	10.159593354296225	9.81448317100843	9.133887462890632	8.80332654237509	8.470165322008109	7.254026243485036	6.525332568910586	6.269812196511227	68.29796853688764
2010-04-15	10.949999809265137	10.949999809265137	9.664999961853027	9.829999923706055	2.276987314224243	6385900	10.46377415837159	10.11250857849763	9.815960956979632	9.161185990765746	8.830344262936432	8.497092739863513	7.279657822392708	6.547290491533811	6.289266774255461	52.90699383552663
2010-04-16	9.899999618530273	10.09000015258789	9.725000381469727	9.875	2.2874107360839844	1092320	10.26751610558106	10.078578781569398	9.821583722981572	9.189178697010227	8.857835203385473	8.524378032143444	7.305482122667407	6.569401518168138	6.308860944887945	53.42339595128354
2010-04-19	9.789999961853027	9.789999961853027	9.399999618530273	9.515000343322754	2.204021692276001	671630	10.016677518161625	9.998067576105592	9.792385305871209	9.201956016473464	8.875129022857507	8.543994315533133	7.327467378594326	6.588973603385112	6.326380832311086	48.81200672181
2010-04-20	9.649999618530273	9.864999771118164	9.449999809265137	9.645000457763672	2.2341346740722656	475780	9.89278516469564	9.94762941634246	9.778348653670491	9.219330308288766	8.895388797460301	8.565796417359481	7.350527409232827	6.609279429660052	6.344515365783504	50.47448367334989
2010-04-21	9.699999809265137	9.890000343322754	9.604999542236328	9.649999618530273	2.235292434692383	389130	9.811856649307185	9.905110873797861	9.76612493603809	9.236219300847257	8.915246976962143	8.587265787679694	7.373407729723349	6.6294835505163325	6.362578121262994	50.541006524509946
2010-04-22	9.6899995803833	9.800000190734863	9.550000190734863	9.585000038146973	2.220235824584961	355200	9.736237778920447	9.859380754419163	9.748874945762745	9.249896976819795	8.932872057519639	8.607022901550334	7.395413623339504	6.649121533822848	6.380186984196786	49.60798521100124
2010-04-23	9.5	9.760000228881836	9.449999809265137	9.569999694824219	2.216761589050293	670530	9.680825084221704	9.818040603048457	9.731839207578124	9.262450024584673	8.949638574290812	8.626091748941896	7.417051295692586	6.66852936213515	6.397617654746663	49.38142344974755
2010-04-26	9.744999885559082	10.324999809265137	9.229999542236328	9.295000076293945	2.1530613899230957	3738230	9.552216748245785	9.743320527797813	9.690235480789156	9.263726497200723	8.958727034869842	8.639337458394412	7.435737353211008	6.685980994787368	6.413450345574791	45.29709249778868
2010-04-27	9.300000190734863	9.479999542236328	9.149999618530273	9.220000267028809	2.1356892585754395	621910	9.44147792117346	9.668560490545099	9.645451174716742	9.262011743076334	8.965602646242447	8.650835731832716	7.453491213049991	6.702818332144454	6.428786683943392	44.22281505538207
2010-04-28	8.925000190734863	9.5600004196167	8.5	8.6899995803833	2.0129213333129883	2958640	9.190985140910074	9.528766074807699	9.554455784780224	9.239579893558961	8.958349933982996	8.651611253586193	7.465794778894103	6.716022194258998	6.441143038568747	37.46148580331424
2010-04-29	9.100000381469727	9.100000381469727	8.625	8.725000381469727	2.021028995513916	965090	9.035656887763292	9.413942404330845	9.475460032083985	9.219400304849579	8.952209156285278	8.653064503643293	7.4783241878749545	6.7293708865328234	6.453623133338698	38.13418770512389
2010-04-30	8.850000381469727	9.029999732971191	8.600000381469727	8.864999771118164	2.053457736968994	593940	8.978771182214915	9.335522028157605	9.41732095961105	9.205502244703249	8.94991417246509	8.657261241613092	7.492121954872399	6.74356111167957	6.466800054856618	40.87379276091135
2010-05-03	8.704999923706055	8.9350004196167	8.704999923706055	8.795000076293945	2.037243127822876	376850	8.917514146907925	9.258304606462797	9.35805230405704	9.189404120451904	8.945837485723745	8.65998874328994	7.505085916279579	6.757191935364715	6.479522459345347	39.921867661953065
2010-05-04	8.899999618530273	8.949999809265137	8.600000381469727	8.645000457763672	2.002498149871826	465310	8.826676250526507	9.170689728077209	9.290142604410052	9.168054957209229	8.937920721830059	8.659691945556746	7.5164283495281765	6.769735513586635	6.491355672451458	37.88570751633948
2010-05-05	8.5	8.550000190734863	8.255000114440918	8.454999923706055	1.958486795425415	428400	8.702784141586356	9.068448327452758	9.210605206247767	9.140092014718908	8.925212279774165	8.655638638193366	7.525767370166762	6.780933283753542	6.502085968906401	35.42128724613419
2010-05-06	8.40999984741211	8.59000015258789	8.399999618530273	8.4399995803833	1.9550118446350098	321190	8.615189287852004	8.978669935014265	9.137214194260675	9.112637409450844	8.912443524527037	8.651368557840692	7.534864208079364	6.791956980076663	6.512675660772395	35.22646457683371
2010-05-07	8.199999809265137	8.395000457763672	8.109999656677246	8.194999694824219	1.8982611894607544	406570	8.475126090176076	8.866717043558545	9.047479480028631	9.076651616720389	8.893563423745384	8.642331550652248	7.541432720385283	6.801279523031797	6.5218686882808745	32.11912823354674
2010-05-10	8.255000114440918	9.220000267028809	8.255000114440918	8.755000114440918	2.0279781818389893	2919250	8.56841743159769	8.850757482256027	9.019624302353611	9.064037832317272	8.889917020868952	8.64456261132133	7.553508017838573	6.814261055200628	6.534071592248962	44.22889112911682
2010-05-11	9.050000190734863	9.140000343322754	8.6899995803833	8.720000267028809	2.0198705196380615	947100	8.618945043408063	8.83207788008071	8.991088679941726	9.050546163090273	8.885445527346842	8.646056426285835	7.565114905890217	6.826923774216098	6.546016557684918	43.70411623075975
2010-05-12	8.800000190734863	9.020000457763672	8.720000267028809	8.765000343322754	2.03029465675354	514190	8.667630143379627	8.822495374829574	8.969556457406586	9.039348287805272	8.882275917240946	8.648411751375674	7.5770540644716355	6.839801359392887	6.558142152141955	44.61402652370556
2010-05-13	9.0	9.739999771118164	8.755000114440918	9.104999542236328	2.1090505123138428	10988610	8.813419942998527	8.862853113030539	8.982455798818943	9.041922846802567	8.88813706526714	8.657453093768954	7.592257502061334	6.854852510109454	6.572059405639739	51.05143710046662
2010-05-14	9.149999618530273	9.489999771118164	9.149999618530273	9.28499984741211	2.150745153427124	4103910	8.970613244469721	8.923159789370763	9.011269517732579	9.05145527819902	8.898580822692008	8.669879762157928	7.60910070947776	6.8709996684968475	6.586884216796965	54.09348318196706
2010-05-17	9.149999618530273	9.149999618530273	8.8100004196167	8.854999542236328	2.0511410236358643	423040	8.932075343725257	8.9134226112087	8.996386662923411	9.04375113169068	8.897433946890542	8.673545500377301	7.62149771278879	6.884182391910399	6.599278289613573	46.63696133704699
2010-05-18	8.800000190734863	9.010000228881836	8.614999771118164	8.725000381469727	2.021028995513916	420880	8.863050356306747	8.886505149817419	8.970540350404013	9.03125110227025	8.892896221484731	8.674564408913785	7.632477838845317	6.896413740678235	6.610894257328634	44.633818764781324
2010-05-19	8.600000381469727	9.324999809265137	8.234999656677246	8.53499984741211	1.9770175218582153	2499020	8.753700186675202	8.83629010661666	8.929060302500023	9.0117902687464	8.883477895851241	8.671800754230583	7.641458157338519	6.90730135600537	6.621408495525811	41.80741692612738
2010-05-20	8.600000381469727	8.90999984741211	8.414999961853027	8.46500015258789	1.9608036279678345	272450	8.657466841979431	8.78324868461255	8.884864097746487	8.990347519093126	8.8724653236601	8.667705692811916	7.649652605052443	6.9176515141221975	6.631482766875878	40.78277380167282
2010-05-21	8.5	8.5	7.820000171661377	8.210000038146973	1.9017359018325806	514680	8.508311240701945	8.701356020831753	8.82059133016558	8.959745657095237	8.855032026672912	8.65864221450172	7.655228201401643	6.926238547504422	6.640108544314518	37.20547617771602
2010-05-24	8.5	8.5	8.199999809265137	8.234999656677246	1.9075267314910889	324460	8.417207379360379	8.634733683095394	8.764820694595263	8.931324245314139	8.838715385357236	8.650253252960642	7.66099707160339	6.9349346346085605	6.648823796294642	37.78167756634264
2010-05-25	8.295000076293945	9.550000190734863	7.864999771118164	8.135000228881836	1.884363055229187	500830	8.323138329200864	8.563343189636315	8.704837793098747	8.900095852512871	8.820196565449988	8.640050222780864	7.665713520929543	6.942908492377819	6.656944978986375	36.34504229680292
2010-05-26	8.100000381469727	8.350000381469727	8.100000381469727	8.204999923706055	1.9005777835845947	217690	8.283758860702594	8.51215129450342	8.65723418648992	8.872837188638094	8.804007180140937	8.631435365373443	7.671079554788016	6.951294481954751	6.665404295624187	38.11885175232017
2010-05-27	8.229999542236328	8.345000267028809	8.125	8.28499984741211	1.9191088676452637	266480	8.2841725229391	8.47970108777609	8.621783297053938	8.849784743884134	8.790349092437546	8.624575256106882	7.677188214416117	6.960156311625564	6.674254544541061	40.17079832728444
2010-05-28	8.390000343322754	8.390000343322754	8.125	8.1899995803833	1.897103190422058	215510	8.252781542087167	8.43831515814855	8.5806610383234	8.823910815903709	8.774550421067698	8.615969797181663	7.682290815072506	6.968328027697044	6.682537304299761	38.53661351672428
2010-05-31	8.149999618530273	8.28499984741211	8.015000343322754	8.09000015258789	1.8739396333694458	1570380	8.198521078920741	8.388555871639884	8.533931430158114	8.795130005577597	8.75653594031823	8.605554556694658	7.686347624401018	6.9757809986265515	6.690228358115544	36.83781474385729
2010-06-01	8.0649995803833	8.234999656677246	8.055000305175781	8.149999618530273	1.8878374099731445	620070	8.182347258790585	8.35447640690994	8.497366495717367	8.769830774712997	8.740574458165915	8.596533666830016	7.690961077078921	6.983583115702324	6.698205250248957	38.58710749748194
2010-06-02	8.100000381469727	8.100000381469727	7.704999923706055	7.795000076293945	1.8056068420410156	730600	8.053231531291706	8.27455121682194	8.430474455772279	8.731602119873035	8.715690921800864	8.580661714542174	7.691996291001458	6.98897459052353	6.7041986645989295	32.79906280245554
2010-06-03	8.0600004196167	8.0600004196167	7.849999904632568	7.889999866485596	1.8276121616363525	258840	7.998820976356336	8.219615309631035	8.379000685364023	8.698598109936272	8.693962209818883	8.56698524230343	7.693966475832146	6.994961469433577	6.7106784525873815	35.58367752484487
2010-06-04	7.900000095367432	8.279999732971191	7.880000114440918	8.244999885559082	1.90984308719635	2457830	8.080880612757252	8.223241677620756	8.366238704430218	8.680809944274422	8.682147411812046	8.560609294645126	7.699449395331916	7.003267372530757	6.71906272271291	44.790213715685994
2010-06-07	7.855000019073486	8.0600004196167	7.849999904632568	7.909999847412109	1.832244873046875	195020	8.023920357642204	8.178492844733807	8.322787384714207	8.650582097338646	8.66182773906468	8.547725939254374	7.701544424705848	7.0092921730283075	6.725570575853343	39.10971858583042
2010-06-08	7.800000190734863	8.114999771118164	7.71999979019165	7.739999771118164	1.792866826057434	245950	7.929280162134191	8.115850977074428	8.267283802466965	8.61487298650647	8.637569108329245	8.531731361667518	7.7019270649686575	7.014147373015615	6.731113904789217	36.57474571600123
2010-06-09	7.75	7.894999980926514	7.650000095367432	7.670000076293945	1.7766518592834473	250050	7.842853466854109	8.052157991248645	8.210399638069534	8.577819146890292	8.612106765380949	8.514667375818536	7.701609383489307	7.018505198286568	6.736244430316565	35.55287703397049
2010-06-10	7.599999904632568	7.824999809265137	7.599999904632568	7.670000076293945	1.7766518592834473	127690	7.785235670000721	7.997564003397974	8.158933013138526	8.542218399023769	8.587314484089186	8.497941290679435	7.701294863019702	7.022834067907879	6.741346920185293	35.552877033970496
2010-06-11	7.880000114440918	7.900000095367432	7.699999809265137	7.744999885559082	1.7940250635147095	166440	7.771823741853508	7.961483415135275	8.119510810511912	8.510954927907507	8.565148310443657	8.483031559884973	7.701729738865865	7.027632511878983	6.74683136261903	37.71524170062952
2010-06-14	7.849999904632568	8.0	7.800000190734863	7.864999771118164	1.8218214511871338	256060	7.80288241827506	7.947700037418545	8.095271663902983	8.485623353131455	8.54672334888246	8.470793306642065	7.703354316301211	7.033196413933728	6.752941572501539	41.11934989205766
2010-06-15	7.820000171661377	8.274999618530273	7.820000171661377	8.010000228881836	1.8554086685180664	710200	7.871921688477319	7.956600064770444	8.08715057485335	8.46697146590598	8.532599056250865	8.461668691240872	7.706405519411466	7.039686804730726	6.759810745487224	45.028920504165804
2010-06-16	8.135000228881836	8.140000343322754	7.860000133514404	7.900000095367432	1.8299283981323242	207830	7.88128115744069	7.948514354855728	8.069326719664215	8.444737294512311	8.515951715174985	8.450546540827537	7.708331833600083	7.0454031721103725	6.766041288382744	42.71198096131045
2010-06-17	7.965000152587891	7.989999771118164	7.71999979019165	7.789999961853027	1.8044483661651611	338400	7.850854092244803	7.9258694415696285	8.042724171301245	8.419061320682536	8.496847721666512	8.437466410550813	7.709144451791654	7.050350659085407	6.771636690970013	40.469466126637485
2010-06-18	7.864999771118164	7.980000019073486	7.78000020980835	7.800000190734863	1.806765079498291	107110	7.833902791741489	7.907888120021805	8.019607601723495	8.394784413625764	8.478509628747258	8.424843317089111	7.710048488995069	7.055331719096366	6.7772561636463236	40.77390501005318
2010-06-21	8.005000114440918	8.005000114440918	7.769999980926514	7.809999942779541	1.8090814352035522	231340	7.82593517542084	7.893904094701481	7.999644967538356	8.371851689278854	8.460917268590212	8.41266820076615	7.71104303082377	7.060346125898247	6.782899572275467	41.098283664156234
2010-06-22	7.849999904632568	8.09000015258789	7.760000228881836	7.789999961853027	1.8044483661651611	470370	7.813956770898236	7.879060647151702	7.979678776520705	8.349033974477841	8.443261549991865	8.400338136629257	7.711828671928539	7.0651943241437944	6.788402853092831	40.61910818452746
2010-06-23	7.679999828338623	8.140000343322754	6.809999942779541	7.945000171661377	1.8403525352478027	1334660	7.85763790448595	7.888480579224512	7.976376052248388	8.333189511622294	8.430149408456852	8.391321543263556	7.714148786353742	7.071040210173812	6.794723057019435	45.88504440994578
2010-06-24	7.900000095367432	8.0649995803833	7.590000152587891	7.605000019073486	2.0152454376220703	1100920	7.773425276015129	7.847983356345794	7.94100690623173	8.304633060934105	8.408434950841501	8.375750820012268	7.713062728967869	7.074588115880786	6.799150799981478	37.93755849795286
2010-06-25	7.71999979019165	7.71999979019165	7.420000076293945	7.460000038146973	1.9768221378326416	591210	7.668950196725743	7.792557168031677	7.895196728318896	8.271510197295393	8.38347613734954	8.35761714116345	7.710544692243283	7.077148992440694	6.80276199800424	35.14205952561218
2010-06-28	7.454999923706055	8.100000381469727	7.400000095367432	7.900000095367432	2.093417167663574	3595830	7.745966829606306	7.807906157651071	7.895654191847328	8.256941173690375	8.370753083613168	8.34855541748432	7.712429820632578	7.082616441629576	6.808757834601853	47.7290014114852
2010-06-29	8.024999618530273	8.225000381469727	7.5	7.590000152587891	2.01127028465271	2492280	7.693977937266834	7.776776728356331	7.866544283346429	8.230786623843219	8.350206953849346	8.333534521149737	7.711211614980392	7.08598776196817	6.813026918306695	41.60302220975892
2010-06-30	7.454999923706055	7.789999961853027	7.454999923706055	7.5	1.9874212741851807	1499300	7.629318624844556	7.737237195733997	7.831635303980103	8.202128324868974	8.327833086642784	8.317028887067563	7.709110006871135	7.08873867384878	6.816780869572779	39.99794060858145
2010-07-01	7.445000171661377	7.760000228881836	7.445000171661377	7.710000038146973	2.043069362640381	875210	7.656212429278695	7.733346173221565	7.820050992948376	8.182829176370072	8.311574322208683	8.30500851382161	7.70911886290373	7.0928666563358105	6.821661848636026	45.300843523551514
2010-07-02	7.699999809265137	7.815000057220459	7.570000171661377	7.630000114440918	2.0218703746795654	627810	7.647474990999436	7.718582450538616	7.8019509092809995	8.161149605314026	8.293638158846374	8.291642010863576	7.708331611675244	7.096435649412921	6.826078997629495	43.7158012655872
2010-07-05	7.78000020980835	7.900000095367432	7.559999942779541	7.599999904632568	2.013920307159424	313340	7.6316499622104805	7.701642086837752	7.7827174802668635	8.139143734699067	8.275384520577589	8.277946127571873	7.707253684241984	7.099781591308068	6.830308073624048	43.106687229471504
2010-07-06	7.744999885559082	7.989999771118164	7.71999979019165	7.914999961853027	2.0973923206329346	2483630	7.72609996209133	7.732121783268505	7.795315811846498	8.130353782822752	8.265900716400626	8.270759074785362	7.709320811382392	7.105198324667171	6.836235351701802	50.850429887956224
2010-07-07	8.0	8.229999542236328	7.925000190734863	8.0	2.1199164390563965	3189700	7.817399974727553	7.770390099944433	7.8148095440515934	8.12524186977088	8.258903329126925	8.265397508948029	7.712213141617394	7.111143850749117	6.842594721364634	52.720491080233124
2010-07-08	7.679999828338623	8.199999809265137	7.679999828338623	8.024999618530273	2.1265411376953125	968350	7.886599855995127	7.8067628883138385	7.834827646382896	8.121310801094777	8.25274796832175	8.26063715468233	7.715325444870258	7.1172159820965	6.849055950310894	53.283487269236886
2010-07-09	7.909999847412109	8.15999984741211	7.900000095367432	8.005000114440918	2.1212410926818848	746560	7.92606660881039	7.835082492046278	7.8510345481027075	8.116749597696586	8.246228287956464	8.255575035073589	7.718207779890862	7.123114879985832	6.855372585087561	52.74240542774113
2010-07-12	8.1850004196167	8.1850004196167	8.03499984741211	8.069999694824219	2.138465404510498	548760	7.974044304148333	7.868642092443127	7.8718883715999945	8.114916268172179	8.241590693400353	8.25190027586073	7.721708196954875	7.129406473439907	6.862009891698143	54.36440251200987
2010-07-13	8.149999618530273	8.149999618530273	8.039999961853027	8.0600004196167	2.1358163356781006	302160	8.002696342637789	7.895978996325066	7.889803804744442	8.112762705483728	8.236812001984994	8.248100278707383	7.725074288722654	7.1355898219194875	6.868556288025567	54.05702418445731
2010-07-14	8.0649995803833	8.149999618530273	7.900000095367432	7.985000133514404	2.1159415245056152	558640	7.9967976062633275	7.908696301637829	7.898870121770153	8.107752408543755	8.230185373867346	8.242890374842176	7.727660615536502	7.141233744255667	6.87465707406649	51.69603009742833
2010-07-15	7.900000095367432	8.050000190734863	7.829999923706055	7.929999828338623	2.1013667583465576	318900	7.974531680288426	7.911739662595085	7.901834855729055	8.100781719123946	8.222285754248169	8.236694522436165	7.729673941037021	7.146474714914025	6.880423974363059	49.97233951212279
2010-07-16	7.900000095367432	7.974999904632568	7.835000038146973	7.909999847412109	2.096067190170288	261910	7.953021069329654	7.9114911175689455	7.9026124739845836	8.09330007709603	8.214067704068272	8.23022532095054	7.731468228662644	7.151547971608364	6.8860500720299935	49.328248883593865
2010-07-19	7.849999904632568	8.1850004196167	7.804999828338623	7.949999809265137	2.1066665649414062	679990	7.952013982641481	7.91699235923983	7.907125553535113	8.08768045874972	8.207118548941875	8.224676300917166	7.7336426722507285	7.156853299433326	6.8918640050203495	50.696941237540535
2010-07-20	8.149999618530273	8.1850004196167	7.900000095367432	7.920000076293945	2.098717212677002	590560	7.9413426805256355	7.917422033104704	7.9083516985597635	8.081104757476945	8.199562799661665	8.218643108350369	7.735496974778521	7.161924042136719	6.897482234918019	49.61453240820214
2010-07-21	7.815000057220459	8.069999694824219	7.815000057220459	7.914999961853027	2.0973923206329346	279350	7.9325617743014325	7.917076022925893	7.908984866492455	8.074590843923065	8.192074303929859	8.212630372776164	7.737283074152397	7.166927868845797	6.903042441076134	49.42512168822239
2010-07-22	7.860000133514404	7.965000152587891	7.804999828338623	7.864999771118164	2.0841426849365234	266110	7.910041106573677	7.909636558381932	7.904795809790142	8.06637158616601	8.183467079382183	8.205746598485907	7.738553887057529	7.1715662203559125	6.908299038508058	47.473380572972914
2010-07-23	7.809999942779541	7.965000152587891	7.800000190734863	7.835000038146973	2.076192855834961	347280	7.885027417098109	7.898974198348366	7.898148593443173	8.057298192126048	8.174296894086519	8.198405082439592	7.7395135502524495	7.17597441848077	6.913362978396795	46.292209546175336
2010-07-26	7.849999904632568	7.849999904632568	7.704999923706055	7.735000133514404	2.049694299697876	199830	7.835018322570208	7.875549331943515	7.882610644878528	8.04465905257265	8.162736453018832	8.189228746817312	7.739468640633166	7.179688875059067	6.917852798916563	42.49658265684431
2010-07-27	7.75	8.239999771118164	7.679999828338623	7.929999828338623	2.1013667583465576	777180	7.866678824493013	7.883327974285673	7.887123900446156	8.04016261240661	8.156611805000932	8.184095500906842	7.7413644733466525	7.184674329898133	6.923383657000836	50.94338300193294
2010-07-28	7.900000095367432	7.980000019073486	7.71999979019165	7.75	2.053668737411499	341190	7.827785882995342	7.864281120816291	7.874064481356045	8.028783686429879	8.145911494343013	8.175499550393836	7.741450398984994	7.188430646642996	6.927900686197553	44.45231968271434
2010-07-29	7.800000190734863	7.900000095367432	7.710000038146973	7.75	2.053668737411499	244290	7.801857255330228	7.847955246413964	7.8622488164649935	8.017850992844393	8.13549277080767	8.16707381672267	7.7415354696418595	7.192162004472611	6.932393032174616	44.45231968271434
2010-07-30	7.795000076293945	7.855000019073486	7.699999809265137	7.769999980926514	2.0589685440063477	410750	7.791238163862324	7.836818779915757	7.853463213080376	8.008131345318201	8.125874539495008	8.159210968489083	7.741818698609866	7.196001459465661	6.936970119326266	45.349640908666636
2010-08-02	7.855000019073486	7.855000019073486	7.65500020980835	7.675000190734863	2.033794641494751	408190	7.752492172819837	7.8137018386042	7.836466734761756	7.995067378471796	8.114009425053952	8.149622636256325	7.7411538378349904	7.199184175288048	6.941003070536149	41.88824021016189
2010-08-03	7.795000076293945	7.989999771118164	7.690000057220459	7.835000038146973	2.076192855834961	1142800	7.779994794595549	7.8167444385388825	7.836327049369872	7.9887902278708225	8.106667072766927	8.143392485798714	7.742087630872921	7.203408865406712	6.945888299867355	48.95489293249409
2010-08-04	7.800000190734863	7.824999809265137	7.40500020980835	7.440000057220459	1.9715219736099243	1893610	7.6666632154705185	7.7629238126362505	7.798581621546118	7.967269044708063	8.089123203936756	8.12946392285657	7.739081784368916	7.204980899903814	6.948588364115186	36.99442454237206
2010-08-05	7.5	7.525000095367432	7.329999923706055	7.420000076293945	1.9662226438522339	1063730	7.5844421690783275	7.713934707444492	7.762526236284007	7.94580751653496	8.071514700577735	8.115415133815725	7.735906842000011	7.20640959875026	6.9511643844003155	36.50806428530795
2010-08-06	7.579999923706055	7.579999923706055	7.400000095367432	7.414999961853027	1.9648977518081665	301250	7.527961433336561	7.671229743788569	7.729428495862009	7.924991533998414	8.054237996927085	8.101545526450128	7.732713738714966	7.207795581229348	6.953699005042133	36.37929534191359
2010-08-09	7.494999885559082	7.550000190734863	7.324999809265137	7.355000019073486	1.9489977359771729	305050	7.470307628582202	7.626054068829271	7.693768640929768	7.902638925569986	8.035836997509886	8.086762447096135	7.728955393245896	7.208773683806386	6.9558919067581515	34.793399136922396
2010-08-10	7.355000019073486	7.550000190734863	7.340000152587891	7.360000133514404	1.950323224067688	630110	7.433538463559603	7.58804636378429	7.661981164033067	7.881358972940355	8.018051816878426	8.072371114153922	7.7252841966316526	7.209778510714744	6.958100148434415	35.047513987929634
2010-08-11	7.324999809265137	7.5	7.324999809265137	7.355000019073486	1.9489977359771729	350780	7.40735898206423	7.554754028825604	7.632744864513107	7.860717445337732	8.000603085357243	8.058165745934508	7.721599776954457	7.210743437680583	6.960269000186541	34.9010396536436
2010-08-12	7.300000190734863	7.420000076293945	7.210000038146973	7.295000076293945	1.9330987930297852	271080	7.369906013474135	7.517646321321082	7.60057869420652	7.83853245047327	7.982034585118735	8.043053554456478	7.717355003813556	7.211303282455423	6.962098131749969	33.11268250433602
2010-08-13	7.255000114440918	7.670000076293945	7.255000114440918	7.400000095367432	1.960922360420227	1230980	7.379937374105234	7.500839717613418	7.58147597050756	7.821335103214218	7.966717888020017	8.030319822593329	7.71419724353051	7.212557081876765	6.964491038654983	39.0031099259587
2010-08-16	7.324999809265137	8.5	7.210000038146973	7.414999961853027	1.9648977518081665	1209400	7.391624903354498	7.488576895361933	7.5656211125404615	7.805400391788289	7.952198995226149	8.0181352708955	7.711220156150635	7.21390221729189	6.966952836049508	39.81846909657971
2010-08-17	7.800000190734863	7.800000190734863	7.409999847412109	7.570000171661377	2.0059709548950195	463220	7.451083326123458	7.5002087919761395	7.566038165790072	7.796169010606841	7.942141131448128	8.009261308534429	7.709814982175617	7.216268316656471	6.970248176681267	47.61150638107799
2010-08-18	7.775000095367432	7.800000190734863	7.599999904632568	7.625	2.02054500579834	1113040	7.509055550748972	7.518036107408119	7.57165357857197	7.789456500386964	7.933795312199494	8.001652173711964	7.708971052004715	7.218984141794967	6.9738260554972165	50.081624372608935
2010-08-19	7.599999904632568	7.679999828338623	7.5	7.53000020980835	1.9953712224960327	196040	7.516037103768764	7.519745264893866	7.567686591070673	7.779281743893685	7.923169125294463	7.992312530862387	7.707190247604752	7.2210506937418995	6.976865258526239	46.04335961768544
2010-08-20	7.425000190734863	7.679999828338623	7.425000190734863	7.539999961853027	1.9980210065841675	4406990	7.524024723130185	7.52263879303089	7.565049769240422	7.769898144597973	7.913085726256531	7.983355846327548	7.705526662671899	7.223169957981841	6.979942497342232	46.53208054446468
2010-08-23	7.599999904632568	7.599999904632568	7.409999847412109	7.454999923706055	1.975496768951416	228010	7.501016456655475	7.512976097413056	7.554568831570482	7.757549194759075	7.901030836715729	7.97289335281029	7.703033859299104	7.2247103564251915	6.982538439562799	42.96930140404726
2010-08-24	7.525000095367432	7.550000190734863	7.304999828338623	7.349999904632568	1.9476728439331055	254290	7.450677605981173	7.489693784158701	7.535086076624014	7.741566869656074	7.886530022713541	7.960558829083999	7.69952108363078	7.2255428451176	6.984546425710722	38.99716290300398
2010-08-25	7.420000076293945	7.420000076293945	7.230000019073486	7.264999866485596	1.925148844718933	257930	7.388785026149313	7.457594653062543	7.509363580420356	7.722877967570957	7.8701739659707	7.94678538428007	7.69519748943033	7.225805018017055	6.986078958173972	36.08877297236617
2010-08-26	7.244999885559082	7.340000152587891	7.114999771118164	7.195000171661377	1.9065996408462524	211280	7.324190074653335	7.42008115571952	7.479424208157596	7.702176877535288	7.852406234541507	7.931898548386631	7.690220401691335	7.225600334652565	6.9872206041493135	33.84985519716827
2010-08-27	7.255000114440918	7.300000190734863	7.114999771118164	7.159999847412109	1.897325038909912	285420	7.269459998906259	7.382926683104175	7.44900284046755	7.680915033216731	7.834185013827576	7.916613425595056	7.684944575280597	7.225164451016416	6.988164753019602	32.7556156683947
2010-08-30	7.130000114440918	7.235000133514404	7.010000228881836	7.034999847412109	1.8642014265060425	288110	7.191306615074876	7.33322284943388	7.409573983986079	7.655585025930275	7.813153825237696	7.899155730977572	7.678477463560513	7.223900898832999	6.988420682497156	29.1334364995583
2010-08-31	6.920000076293945	7.070000171661377	6.619999885559082	6.775000095367432	1.795304536819458	390770	7.052537775172395	7.253476741710101	7.349138375546208	7.621052283555262	7.78583399024111	7.8768952233417275	7.669487639001377	7.220918169241865	6.9872544497806	23.349651196604487
2010-09-01	6.800000190734863	7.190000057220459	6.744999885559082	7.0	1.8549267053604126	744760	7.035025183448263	7.217265778608659	7.315887101684664	7.596697292043291	7.76515414839266	7.859530961493377	7.6628260704541	7.219450274429627	6.987324097596007	35.31715664069285
2010-09-02	7.0	7.190000057220459	6.90500020980835	7.065000057220459	1.8721507787704468	327470	7.045016808038995	7.195513532696059	7.2919930974499785	7.575846420089454	7.746729040730234	7.84379767626025	7.656877552909487	7.2184240271392	6.987748556391769	38.31352722284229
2010-09-03	7.079999923706055	7.099999904632568	6.864999771118164	6.880000114440918	1.8231282234191895	508360	6.990011243506303	7.150440187231038	7.252755670496734	7.548558329671865	7.723920384775251	7.8247125760262035	7.64914742914363	7.216175363267451	6.987159767091491	33.549876736273305
2010-09-06	6.980000019073486	7.0	6.824999809265137	6.885000228881836	1.8244532346725464	813380	6.955007571964814	7.112520193181152	7.217731342723887	7.5225364433663735	7.7018435385675295	7.806104410736216	7.641543974414657	7.213974864035652	6.986601518248815	33.78948827698156
2010-09-07	6.90500020980835	7.025000095367432	6.855000019073486	6.880000114440918	1.8231282234191895	502800	6.930005086123516	7.079303039075405	7.185566463839795	7.497338940271257	7.680216080037882	7.7877657117996755	7.633966423569147	7.2117557627094415	6.986018996916531	33.65878242692341
2010-09-08	6.940000057220459	6.974999904632568	6.849999904632568	6.869999885559082	1.8204782009124756	263410	6.910003352602038	7.049402588573073	7.1555125040035366	7.472737408713917	7.658894601235808	7.76959213108204	7.626364766474519	7.209484959539007	6.985385012701463	33.380668256852424
2010-09-09	6.945000171661377	6.974999904632568	6.849999904632568	6.880000114440918	1.8231282234191895	635460	6.900002273214998	7.025202235125622	7.129273228807096	7.449492808938506	7.6383973778991	7.7519764475841955	7.618938252523936	7.207295691465266	6.984809138940476	33.96824183667308
2010-09-13	6.974999904632568	6.994999885559082	6.789999961853027	6.800000190734863	1.8019286394119263	466030	6.86666824572162	6.993030514498371	7.097913891847836	7.424022510185422	7.616334294026357	7.73312543259708	7.610789615093199	7.204589409068386	6.983799253977604	31.569446113196577
2010-09-14	6.855000019073486	6.885000228881836	6.579999923706055	6.605000019073486	1.7502559423446655	591990	6.779445503505575	6.93759758658053	7.0509697134883735	7.3919039811222085	7.589720234159176	7.710786315497603	7.600781758416386	7.200605426410612	6.981729312803265	26.632463077061853
2010-09-15	6.675000190734863	6.875	6.264999866485596	6.329999923706055	1.6773836612701416	1227840	6.629630310239068	6.850797920455605	6.982305923985296	7.350260684752947	7.556569699673568	7.6834440107096516	7.5881371630461345	7.194820672239818	6.978167950021312	21.521053009158166
2010-09-16	6.385000228881836	6.630000114440918	6.289999961853027	6.335000038146973	1.6787086725234985	1071730	6.531420219541703	6.777112508697229	6.9206577443816455	7.310446541748791	7.524423129633394	7.656742149866826	7.575668136927735	7.189107578325579	6.974653371267901	21.814875681848264
2010-09-17	6.420000076293945	6.434999942779541	6.349999904632568	6.400000095367432	1.695933222770691	1115810	6.487613511483612	6.723239306792972	6.871071301618387	7.274742759537758	7.49483304978429	7.631856168589611	7.563969947459474	7.183864339236156	6.971513189432379	25.708804111982836
2010-09-20	6.46999979019165	6.599999904632568	6.385000228881836	6.485000133514404	1.7184572219848633	680120	6.486742385493876	6.689205139181748	6.834302618941817	7.243772460478018	7.468258499356136	7.609146148093072	7.553233929410269	7.179220723251294	6.96885464814321	30.57793476725414
2010-09-21	6.565000057220459	6.565000057220459	6.315000057220459	6.369999885559082	1.6879831552505493	699810	6.447828218848945	6.643604388664224	6.790083311000604	7.209506869304727	7.439356956887792	7.584608598339924	7.5414604563371235	7.173843840608821	6.965582217746575	27.912449038697112
2010-09-22	6.454999923706055	6.454999923706055	6.150000095367432	6.190000057220459	1.6402852535247803	727110	6.361885498306116	6.578803769886544	6.732932524926304	7.169526210007305	7.406479143738652	7.556992587624687	7.528013089181734	7.167306672612885	6.961344063863918	24.336550196941634
2010-09-23	6.190000057220459	6.28000020980835	6.150000095367432	6.184999942779541	1.638960361480713	342590	6.302923646463925	6.522546080299829	6.680748469483755	7.130917336782687	7.374334954239728	7.529824416439634	7.51464977429216	7.160779717597381	6.9571017462623645	24.243636960033395
2010-09-24	6.224999904632568	6.699999809265137	6.199999809265137	6.454999923706055	1.7105076313018799	1909610	6.353615738877968	6.512896629357861	6.659248607981117	7.1044107715639955	7.350141927120421	7.5085407631181775	7.504105994684338	7.156090150860562	6.954358020456046	38.00713317924486
2010-09-27	6.639999866485596	6.684999942779541	6.519999980926514	6.545000076293945	1.73435640335083	1525240	6.417410518016627	6.517482836063016	6.648367795439482	7.08247309723968	7.328953983677619	7.489460749517698	7.4945626522127915	7.152029751694006	6.952121091799422	41.802700343559245
2010-09-28	6.585000038146973	6.590000152587891	6.284999847412109	6.389999866485596	1.693283200263977	1713120	6.40827363417295	6.499270983266242	6.623761326015302	7.055317284268932	7.304244664804145	7.467689246883399	7.4835719777279435	7.146966430197605	6.949049391114647	37.53984003145358
2010-09-29	6.494999885559082	6.494999885559082	6.295000076293945	6.340000152587891	1.6800334453582764	595730	6.3855158069779305	6.476518007455049	6.5967364523555485	7.027265632046146	7.278869809219507	7.445358769768637	7.472193153597197	7.141604528020796	6.9457212531992	36.25546983626478
2010-09-30	6.364999771118164	6.375	6.204999923706055	6.300000190734863	1.669433832168579	497000	6.357010601563575	6.451301176495022	6.568475856010721	6.9987454186613896	7.25311008241728	7.422678401866978	7.4605295420264275	7.136012472623547	6.94219272280322	35.21738778519373
2010-10-01	6.360000133514404	6.400000095367432	6.315000057220459	6.360000133514404	1.6853336095809937	382590	6.358007112213851	6.438258170354934	6.548621025296787	6.973696583949743	7.229607189025098	7.401635267840194	7.449579000648199	7.13085624445671	6.939011342533883	38.08127614191169
2010-10-04	6.400000095367432	6.425000190734863	6.275000095367432	6.284999847412109	1.6654590368270874	380430	6.333671357279937	6.4163641242202445	6.523514246450627	6.946688868791404	7.2047491010879146	7.37952367535647	7.4379911483771926	7.125235936170699	6.9354375092272065	35.94232640634913
2010-10-05	6.394999980926514	6.425000190734863	6.28000020980835	6.380000114440918	1.6906335353851318	275560	6.349114276333597	6.411169265680341	6.509846233878274	6.9244657803855025	7.183045180386678	7.359731129595766	7.427463874407677	7.12028420313595	6.932402332206516	40.50106672684811
2010-10-06	6.449999809265137	6.449999809265137	6.320000171661377	6.394999980926514	1.6946077346801758	613010	6.364409511197903	6.408859367858366	6.498908495501915	6.903702415700836	7.162307148821937	7.340627542493404	7.417190601835725	7.115465038868777	6.929465707336134	41.212454296236885
2010-10-07	6.40500020980835	6.449999809265137	6.329999923706055	6.360000133514404	1.6853336095809937	409430	6.362939718636737	6.4018794772378	6.485679127693581	6.882380757575878	7.1411938063138445	7.321209177959167	7.406671293693225	7.110445338500974	6.926353873599403	40.010374897421705
2010-10-08	6.34499979019165	6.400000095367432	6.235000133514404	6.255000114440918	1.6575093269348145	239600	6.3269598505714635	6.38089671112396	6.463709697859994	6.857777595099997	7.11787291968561	7.300096127196429	7.395211878974296	7.1047613170786486	6.922685273822581	36.564697812381084
2010-10-11	6.210000038146973	6.349999904632568	6.210000038146973	6.260000228881836	1.658834457397461	216530	6.304639976674921	6.36362578508937	6.4443087960525505	6.834335345444383	7.095297322559195	7.2795001688139624	7.383916240664918	7.099148286592291	6.919064044068806	36.843627270387366
2010-10-12	6.300000190734863	6.300000190734863	6.184999942779541	6.199999809265137	1.642935037612915	237600	6.2697599208716595	6.3402506456859085	6.421041273501368	6.809459442064805	7.071736861683036	7.258123924070421	7.372135977665915	7.093173878105067	6.915134731310316	34.86263575740251
2010-10-13	6.199999809265137	6.349999904632568	5.889999866485596	5.974999904632568	1.5833123922348022	2626700	6.1715065821252955	6.2880719683925745	6.378561143132911	6.77673553863609	7.0428753628132865	7.23271552764591	7.358234126192947	7.085744150706579	6.909997382530657	28.643158656483276
2010-10-14	6.0	6.300000190734863	5.980000019073486	6.184999942779541	1.638960361480713	3364000	6.176004369010044	6.273347393304999	6.360126743099257	6.75353022115152	7.02029969386503	7.21196868438123	7.346560154218684	7.079759139358226	6.906035647887208	39.492949387019614
2010-10-15	6.21999979019165	6.389999866485596	6.099999904632568	6.21999979019165	1.6482347249984741	557310	6.190669509403913	6.265726307145949	6.346781319012818	6.732607459153093	6.999239170084151	7.192325735981436	7.335350598357719	7.074046452652801	6.902286818063735	41.10037085837533
2010-10-18	6.21999979019165	6.550000190734863	6.050000190734863	6.304999828338623	1.6707592010498047	940740	6.228779615715482	6.271336810173474	6.3428021294248	6.7158385324544865	6.980969713722427	7.174754925929103	7.325098351889867	7.068936508305198	6.899022954731904	44.92686648755416
2010-10-19	6.320000171661377	6.400000095367432	6.119999885559082	6.15500020980835	1.6310107707977295	556840	6.204186480413105	6.254717295835599	6.324916232318471	6.693844872742873	6.95923367414574	7.154561763233643	7.313455584306967	7.062863841870003	6.894957256672212	39.98955072009027
2010-10-20	6.125	6.28000020980835	6.125	6.175000190734863	1.636310338973999	293240	6.194457717187024	6.243329137964065	6.310638514072413	6.673498022468049	6.938595950898086	7.1351645043722804	7.302127669943065	7.056964415616614	6.891023065055069	40.921808628437304
2010-10-21	6.260000228881836	6.260000228881836	6.059999942779541	6.159999847412109	1.6323357820510864	389480	6.182971760595386	6.2314249535995	6.2962919743904795	6.653360839132522	6.918106579753718	7.115854313145347	7.290763213997484	7.051004518153461	6.887028402663577	40.41469555069111
2010-10-22	6.15500020980835	6.400000095367432	6.15500020980835	6.204999923706055	1.644260287284851	576440	6.190314481632275	6.227649949329008	6.287597493372915	6.635778058135405	6.8993406151208845	7.09781759256239	7.279959599168714	7.045383225167099	6.883301471084574	42.70840111143197
2010-10-25	6.190000057220459	6.425000190734863	6.164999961853027	6.375	1.6893082857131958	1016100	6.251876321088184	6.248699956567721	6.295921541623113	6.625551467620292	6.885542177880861	7.083504372907689	7.270955026042657	7.04092885157795	6.880523867417446	50.465924846940766
2010-10-26	6.369999885559082	7.375	6.300000190734863	7.059999942779541	1.8708261251449585	12680840	6.5212508616519695	6.364599954597981	6.368690913161821	6.642588662724576	6.890133171693984	7.083038938647726	7.2688559704878	7.041055569791913	6.881504610998659	68.7987731210078
2010-10-27	7.150000095367432	7.159999847412109	6.800000190734863	6.929999828338623	1.8363771438598633	3351930	6.657500517214188	6.445371365132359	6.422148905083421	6.653859688827088	6.891182294237264	7.080008461215862	7.265484267580843	7.040317657888569	6.881769612186309	63.96065289274432
2010-10-28	7.090000152587891	7.28000020980835	6.949999809265137	7.110000133514404	1.88407564163208	2989590	6.8083337226475935	6.540318332044079	6.487658545886371	6.671747549403061	6.896940658428767	7.080602355716824	7.2639371617692365	7.040780664371133	6.883016773505042	67.3810756591881
2010-10-29	7.300000190734863	7.300000190734863	6.610000133514404	6.675000190734863	1.7688052654266357	1136250	6.7638892120100165	6.559558597571335	6.5055006073005135	6.6718751039650925	6.891100119805244	7.072570629677577	7.258077092405711	7.03835022933036	6.881880070866953	54.0343817065796
2010-11-01	6.849999904632568	6.90500020980835	6.699999809265137	6.744999885559082	1.7873541116714478	906940	6.757592769859705	6.586050210141013	6.528310062372758	6.6747427424589745	6.887255376798766	7.066084080289093	7.252971846566441	7.0364010576109495	6.881132091712265	55.55984906019661
2010-11-02	6.570000171661377	6.980000019073486	6.5	6.695000171661377	1.774105191230774	532010	6.736728570460262	6.601614490358208	6.544185310876436	6.675537151447304	6.882196029295151	7.058735884078643	7.247419889602211	7.034132613186036	6.880114977395047	54.176794934928786
2010-11-03	6.889999866485596	7.610000133514404	6.795000076293945	7.059999942779541	1.8708261251449585	2619950	6.844485694566688	6.667098126418399	6.593310513914827	6.690614123656411	6.886875079650003	7.058760914944007	7.245555014509448	7.034304489130179	6.881097955347968	61.67662790536279
2010-11-04	7.059999942779541	7.15500020980835	6.954999923706055	7.019999980926514	1.8602265119552612	654450	6.90299045668663	6.717512677062415	6.633947606011178	6.703531216098376	6.890378366525701	7.057993371696136	7.243310685817081	7.034209442564041	6.881856982810146	60.50785653203982
2010-11-08	7.199999809265137	7.355000019073486	7.114999771118164	7.284999847412109	1.9304490089416504	1474620	7.03032692026179	6.798582272826657	6.695952581382695	6.726333907522444	6.9007631423385005	7.062488549433086	7.24372550334539	7.035875823991603	6.8840599492833805	65.21131886802664
2010-11-09	7.349999904632568	7.349999904632568	7.099999904632568	7.264999866485596	1.925148844718933	605480	7.108551235669725	6.865213357635077	6.750147560916305	6.747458062775901	6.9103483192897395	7.066498674523235	7.243937188550765	7.037398242878606	6.886141588175196	64.58612486688646
2010-11-10	7.329999923706055	8.0	7.300000190734863	7.664999961853027	2.031144857406616	6703330	7.294034144397492	6.97946858680907	6.837276361005516	6.783440098033827	6.930207573041405	7.078350185163429	7.248126867887106	7.041568353968136	6.89039764486196	70.6472796218815
2010-11-11	7.744999885559082	7.889999866485596	7.349999904632568	7.5	1.9874212741851807	2655320	7.362689429598328	7.053830217264917	6.90039289805261	6.811540486346226	6.9452021105929465	7.0866996864473215	7.250633068206637	7.044614411416853	6.893728805272551	65.65543523981539
2010-11-12	7.599999904632568	7.599999904632568	7.150000095367432	7.224999904632568	1.9145492315292358	1117030	7.3167929212764085	7.07828302974601	6.931307851060225	6.827754581180985	6.952565210436094	7.0894383046292075	7.250378011852667	7.045812986122605	6.895539029859218	58.26595114027234
2010-11-15	7.300000190734863	7.300000190734863	7.025000095367432	7.135000228881836	1.890700101852417	511260	7.256195357144884	7.086385486765414	6.950707125138474	6.83980343011043	6.95736613197414	7.090340520951042	7.249229974211166	7.046405592386786	6.896847561001418	56.042863740046556
2010-11-16	7.199999809265137	7.289999961853027	6.59499979019165	6.664999961853027	1.7661552429199219	1610410	7.059130225380932	7.026187554635073	6.9234969191112885	6.832948392139551	6.949672285392006	7.081917935622368	7.243416740257353	7.043871335705498	6.895580634230115	46.14187102233795
2010-11-18	6.679999828338623	7.150000095367432	6.170000076293945	6.579999923706055	1.7436308860778809	744950	6.899420124822639	6.9624464645023565	6.890782919548886	6.823028844357846	6.939944065347639	7.071978965089372	7.2368155779036085	7.040789133632412	6.893856149473153	44.60701622729627
2010-11-19	6.610000133514404	6.735000133514404	6.40500020980835	6.489999771118164	1.719781756401062	576860	6.762946673587814	6.8949540797331865	6.852613095888817	6.809968880701388	6.92810342602581	7.060454624614694	7.229384574851017	7.037129403648929	6.891649284017662	42.97690933702928
2010-11-22	6.545000076293945	7.090000152587891	6.425000190734863	6.579999923706055	1.7436308860778809	338040	6.701964423627228	6.849960628872168	6.8266499366333155	6.800950490230982	6.918942807543711	7.050940670141256	7.222923036033654	7.034091998466584	6.889946282048746	45.13606783144707
2010-11-23	6.489999771118164	6.75	6.329999923706055	6.489999771118164	1.719781756401062	430110	6.63130953945754	6.798537649193024	6.794588016108063	6.788756344383421	6.907654832900934	7.039832929566542	7.215630267228525	7.030476767720083	6.887760781989016	43.36765212046367
2010-11-24	6.550000190734863	6.599999904632568	6.349999904632568	6.400000095367432	1.695933222770691	464910	6.5542063914275035	6.741603712932226	6.757008214132765	6.773511001284755	6.894295497702684	7.027162972453688	7.207514544125429	7.026287553950298	6.885095423045729	41.611910201708916
2010-11-25	6.385000228881836	6.489999771118164	6.050000190734863	6.119999885559082	1.6217360496520996	609580	6.409470889471363	6.652803166164634	6.696340754268604	6.747883114393551	6.873919297383115	7.009199346970626	7.196693502746659	7.020265708977599	6.880914573114108	36.64172296448019
2010-11-26	6.269999980926514	6.269999980926514	5.579999923706055	5.690000057220459	1.5077903270721436	734140	6.169647278721062	6.515259864886894	6.600498783121162	6.706397504308332	6.84276352790515	6.9830765887577515	7.181701528164309	7.011426734547318	6.87440684351906	30.597556098716794
2010-11-29	5.699999809265137	6.034999847412109	5.599999904632568	5.885000228881836	1.5594631433486938	322180	6.074764928774653	6.425222774029028	6.5323560636697975	6.674185846448469	6.8175592305624315	6.961332502423575	7.168799027673936	7.0039421730478795	6.869000249996453	35.771698654547976
2010-11-30	5.715000152587891	6.164999961853027	5.715000152587891	6.059999942779541	1.6058363914489746	333360	6.0698432667762825	6.37304808385053	6.487369766442154	6.650100124735962	6.797623459831303	6.9434843329256735	7.1577662009585685	6.9976701316507475	6.864579483290349	40.088488729680876
2010-12-01	6.0	6.590000152587891	6.0	6.519999980926514	1.7277320623397827	428180	6.2198955048263596	6.394041212004242	6.490477405916855	6.644998158312062	6.7903175788074925	6.935098504173215	7.151420268420936	6.9944962436060685	6.8626965351900004	49.66504547054652
2010-12-02	6.545000076293945	6.699999809265137	6.300000190734863	6.375	1.6893082857131958	590970	6.271597003217573	6.391321038860779	6.479479557734297	6.634409995241001	6.779388168838874	6.924007444684636	7.143694693610778	6.990379989495729	6.860031526800984	47.108837082464966
2010-12-03	5.114999771118164	6.079999923706055	5.105000019073486	5.980000019073486	1.5846374034881592	3325540	6.174398008502878	6.33256089317688	6.431910077861839	6.608746858920707	6.758351638581891	6.905314228335901	7.132115642122844	6.983666501320165	6.8552226114582115	40.928835089758266
2010-12-06	6.0	6.394999980926514	6.0	6.079999923706055	1.6111361980438232	1015600	6.14293198023727	6.296480754681048	6.398394825085098	6.588011684990721	6.740500277664106	6.888971370818479	7.12164682900427	6.977662072233028	6.8509864219076535	42.96863329519167
2010-12-07	6.389999866485596	6.389999866485596	5.775000095367432	5.840000152587891	1.5475389957427979	583460	6.0419547043541435	6.231269240096311	6.3452143800853635	6.558677899406296	6.716802905951574	6.868199663526784	7.108894125756346	6.9701028568201036	6.845461906774759	39.44791223366877
2010-12-08	5.985000133514404	5.989999771118164	5.659999847412109	5.704999923706055	1.5117652416229248	267660	5.929636444138114	6.156087909183417	6.284241574715906	6.525200331731777	6.690176511681955	6.845166005312512	7.094925029218532	6.961696857264529	6.839229874080394	37.5825029292313
2010-12-09	5.75	5.75	5.5	5.565000057220459	1.4746668338775635	261620	5.808090981832229	6.071646787474423	6.215742382573482	6.487545419005843	6.6605666049856	6.819816184558214	7.0797018951688	6.952416479855598	6.832266869616679	35.6972786479997
2010-12-10	5.5	5.800000190734863	5.010000228881836	5.639999866485596	1.4945409297943115	345390	5.752060610050018	6.009982941618876	6.1609097619936835	6.454308338514853	6.633709585551389	6.7964534851904395	7.0653765018485695	6.943696103687027	6.82575174938099	37.5058429729007
2010-12-13	5.690000057220459	5.900000095367432	4.599999904632568	5.614999771118164	1.4879162311553955	644050	5.7063736637394	5.953556774404489	6.108918334291253	6.421394277048316	6.606901432539988	6.773058362139503	7.05094489258757	6.934867556626769	6.819135618352231	37.13095037816556
2010-12-14	5.690000057220459	5.800000190734863	5.619999885559082	5.679999828338623	1.5051403045654297	211790	5.697582385272474	5.9144772106807935	6.068068952771955	6.392319984942054	6.582509285061005	6.751413638697901	7.037303648167183	6.926529565076682	6.812910832614452	38.842595526621785
2010-12-15	5.664999961853027	5.684999942779541	5.400000095367432	5.510000228881836	1.460092544555664	536900	5.635054999808928	5.856694784709513	6.014919550496706	6.3577192101945945	6.554285362529974	6.726831194939167	7.02210659921907	6.917117410018909	6.80579110253941	36.07618702591765
2010-12-16	5.5	5.599999904632568	5.425000190734863	5.550000190734863	1.4706920385360718	170000	5.60670339678424	5.812881271284564	5.970641516233673	6.326043954529507	6.527856805377471	6.703527610697497	7.007458774259028	6.908033574674829	6.798928857119713	37.20936802698051
2010-12-20	5.590000152587891	5.989999771118164	5.449999809265137	5.610000133514404	1.4865913391113281	153910	5.607802309027628	5.783898251603112	5.936294717879457	6.297963804685778	6.5037026824337065	6.681873601248327	6.993553713157092	6.89940876775682	6.792431978848646	38.95738515473967
2010-12-21	5.599999904632568	5.695000171661377	5.53000020980835	5.565000057220459	1.4746668338775635	149970	5.593534891758572	5.752627080977019	5.900933321626219	6.269220128314589	6.4789999817702	6.659757293445795	6.979339248918916	6.890542264696778	6.785724700588383	38.10068140147213
2010-12-22	5.525000095367432	5.789999961853027	5.525000095367432	5.744999885559082	1.522364616394043	332740	5.644023223025409	5.751537481631599	5.8860825181912535	6.248662471735941	6.459684189764644	6.64164328536883	6.967057265203893	6.88293068742676	6.780037679741229	43.45696440495826
2010-12-23	5.699999809265137	5.789999961853027	5.554999828338623	5.585000038146973	1.479966402053833	243300	5.62434882806593	5.727746418276653	5.857407996282275	6.222636493948139	6.436666185774706	6.620719656710971	6.953305451999347	6.874306563511279	6.773507419404648	40.132610738510984
2010-12-24	5.639999866485596	5.789999961853027	5.510000228881836	5.525000095367432	1.4640672206878662	304250	5.591232583833097	5.69878265786105	5.825750100957052	6.195278203807719	6.412674972869251	6.599022239654664	6.939093458401019	6.8653410720285954	6.766684975011002	38.92993791739633
2010-12-27	5.519999980926514	5.679999828338623	5.510000228881836	5.559999942779541	1.473341703414917	190840	5.580821703481912	5.678956555706549	5.800440562083003	6.170365330826222	6.390236156287942	6.578447540706642	6.925371134862497	6.856667709043552	6.760091067731049	40.05837817485577
2010-12-28	5.599999904632568	5.744999885559082	5.574999809265137	5.704999923706055	1.5117652416229248	182740	5.622214443556627	5.682677036849335	5.791350977475675	6.152115707017588	6.372203623851577	6.5611515482907885	6.913228137736563	6.8490154314001135	6.754325542353864	44.62359535333694
2010-12-29	5.650000095367432	5.800000190734863	5.650000095367432	5.75	1.523689866065979	136740	5.664809629037751	5.692294603013716	5.787412789144659	6.1363464636051335	6.355829844276536	6.545089141393941	6.901653728405851	6.841713003284498	6.748837424636083	45.99817953679579
2010-12-30	5.800000190734863	5.869999885559082	5.739999771118164	5.800000190734863	1.5369395017623901	141310	5.709873149603455	5.707681115545308	5.7886115892961065	6.123156413688652	6.341202748130702	6.530334904747226	6.890692001662856	6.834791323466892	6.74365252171859	47.55588882912344
2010-12-31	5.800000190734863	6.135000228881836	5.760000228881836	5.989999771118164	1.5872870683670044	504350	5.803248690108358	5.748012352055716	5.807791416136302	6.117934584568241	6.331960564525109	6.51963519913081	6.8817298899161425	6.829178090560921	6.739534200677058	53.0929782077885
2011-01-03	6.099999904632568	6.114999771118164	6.019999980926514	6.039999961853027	1.6005369424819946	251140	5.882165780689914	5.789724867741047	5.829906515728371	6.114878324853919	6.324277390770581	6.510137471659963	6.873354467746361	6.8239343820645235	6.735711609208074	54.455746728598264
2011-01-04	6.400000095367432	6.900000095367432	6.0	6.054999828338623	1.6045117378234863	478400	5.93977712990615	5.827621290683558	5.851343974072205	6.112530148519986	6.317191139127634	6.5011248450595405	6.865211635513448	6.8188251823719925	6.731991872700591	54.87925404746926
2011-01-05	6.775000095367432	6.849999904632568	6.170000076293945	6.224999904632568	1.6495599746704102	17613960	6.034851388148289	5.884389664104845	5.886930253173192	6.116940727191068	6.314765054009343	6.495657024457026	6.858841369534534	6.814879499463425	6.72922142478765	59.47823959418079
2011-01-06	6.329999923706055	6.364999771118164	6.014999866485596	6.034999847412109	1.5992119312286377	5265510	6.034900874569563	5.905905404577312	5.901032119291184	6.113727359356599	6.307402811730468	6.486535100159107	6.850643941453713	6.809697574865077	6.725427864255543	52.978782965647376
2011-01-07	6.050000190734863	6.085000038146973	5.769999980926514	5.809999942779541	1.5395891666412354	3005290	5.959933897306223	5.892204624320487	5.892362388194837	6.101816480275145	6.294313262547549	6.4731383643694125	6.840289274800239	6.803055065681785	6.720425525886822	46.49879855180582
2011-01-10	5.699999809265137	5.75	5.400000095367432	5.454999923706055	1.445518136024475	2465730	5.791622572772833	5.829746809946997	5.850708820148286	6.0764511251155735	6.2722260694201415	6.452977207128554	6.8265053011575105	6.7940978886586905	6.713510631885834	38.49788496235611
2011-01-11	5.400000095367432	5.570000171661377	5.119999885559082	5.159999847412109	1.367345929145813	2539280	5.5810816643192585	5.734068672442013	5.784927013221031	6.0405118593232805	6.242956958314667	6.427373695054961	6.809923157339148	6.783240094364693	6.705021501916032	33.360841086074046
2011-01-12	5.260000228881836	5.474999904632568	5.199999809265137	5.440000057220459	1.4415429830551147	1624120	5.534054461952992	5.6920588702675055	5.752076826935262	6.016962376887876	6.22182651354903	6.4078217418305154	6.796292081716077	6.774314911393635	6.698108816425892	41.359140271157784
2011-01-13	5.5	5.5	5.199999809265137	5.215000152587891	1.381920337677002	1599810	5.427703025497958	5.623907624884703	5.700926667473608	5.98551287789572	6.195331082997421	6.384201512340563	6.78055783366505	6.763954015986288	6.690004397497815	37.46750952918214
2011-01-14	5.199999809265137	5.284999847412109	5.130000114440918	5.164999961853027	1.36867094039917	966880	5.3401353376163145	5.558349387308749	5.649886028843077	5.953335900796006	6.1682171061252	6.360058907380414	6.764482630960453	6.7533297365568306	6.681671039925986	36.64238803080055
2011-01-17	5.21999979019165	5.21999979019165	4.90500020980835	4.974999904632568	1.3183231353759766	1403220	5.2184235266217325	5.475013746926438	5.5856111598706475	5.914969783299401	6.136816653454341	6.332631996434912	6.746676832688534	6.741513591494211	6.672344968148426	33.61311389111049
2011-01-18	5.0	5.070000171661377	4.809999942779541	4.849999904632568	1.2851991653442383	1244100	5.095615652625344	5.385726055170171	5.5155529450860685	5.8732062586458	6.102953054801136	6.303272945112093	6.727804425444196	6.728945394239316	6.662386798402438	31.753238702775764
2011-01-19	4.900000095367432	5.079999923706055	4.835000038146973	4.90500020980835	1.2997738122940063	1163120	5.032077171686346	5.317050934404196	5.457405065535809	5.835237393985508	6.071427979932905	6.275584376096178	6.709667070064735	6.716826157133463	6.652783593000285	33.4968788168606
2011-01-20	4.800000190734863	5.0	4.800000190734863	4.829999923706055	1.2798993587493896	1155750	4.964718089026249	5.247472218590175	5.397652194885357	5.795816316719646	6.038758820558515	6.246958941395383	6.690963914379574	6.704289105748563	6.642823026501409	32.28554072561295
2011-01-21	4.860000133514404	5.0	4.820000171661377	4.934999942779541	1.3077232837677002	1415770	4.954812040277346	5.202833322045799	5.353590075637184	5.76205881185925	6.0097125343011735	6.2209795552841785	6.6734916360551955	6.692533031576011	6.633490659923694	35.786587580237786
2011-01-24	4.980000019073486	5.005000114440918	4.809999942779541	4.820000171661377	1.2772496938705444	1161630	4.90987475073869	5.148142871990881	5.30277198954425	5.725115335773059	5.978404314231705	6.193237389271846	6.655048934916948	6.680090952772591	6.623580875834828	33.72965218085265
2011-01-25	4.824999809265137	4.949999809265137	4.824999809265137	4.849999904632568	1.2851991653442383	465990	4.8899164687033165	5.105551019511123	5.2596508386002805	5.690797083571471	5.9487094613475175	6.166638627199781	6.637088248048447	6.667930879363023	6.613889176538641	34.782748160476054
2011-01-27	4.900000095367432	4.949999809265137	4.659999847412109	4.755000114440918	1.2600253820419312	1030900	4.84494435061585	5.055472318786808	5.2115888648708175	5.65409916321341	5.917296057481554	6.138685389323368	6.618361002937925	6.655220375941614	6.603731312811331	32.994685873808
2011-01-28	4.699999809265137	4.724999904632568	4.449999809265137	4.494999885559082	1.1911280155181885	1186570	4.728296195596927	4.975404828325704	5.143342295412557	5.608644289579908	5.879867210852015	6.106137161526055	6.597233031620722	6.640866751420799	6.592208190258041	28.65329325891753
2011-01-31	4.449999809265137	4.900000095367432	4.110000133514404	4.639999866485596	1.2295511960983276	1284220	4.69886408589315	4.927489833777117	5.095404921229037	5.570658233772288	5.847239122842372	6.077104739842086	6.577758074753706	6.627571954843157	6.581540385210104	33.878535481134406
2011-02-01	4.710000038146973	4.724999904632568	4.449999809265137	4.505000114440918	1.1937777996063232	458630	4.634242762075739	4.867134159586231	5.039175892011121	5.528867719288704	5.811917043673913	6.045973955180677	6.55713361743716	6.613468487465069	6.570193170615737	31.56096734629754
2011-02-02	4.510000228881836	4.579999923706055	4.324999809265137	4.40500020980835	1.1672790050506592	577250	4.5578285779866095	4.801115023903677	4.97877820799181	5.4847944836228075	5.774892916466924	6.013479425569344	6.535719354674685	6.598794279640107	6.5583615150922	29.92778828211597
2011-02-03	4.420000076293945	4.5	4.300000190734863	4.434999942779541	1.1752285957336426	499860	4.516885699584253	4.748812869457372	4.926989801781118	5.443626070256405	5.739632575054098	5.98222240610816	6.51481667395931	6.584416908631067	6.5467584463910375	31.079997301521455
2011-02-04	4.5	4.885000228881836	4.400000095367432	4.550000190734863	1.205702543258667	1164950	4.527923863301123	4.720411058211299	4.8910860293005225	5.408581918118306	5.708326459677276	5.953861570160174	6.495266261190908	6.570899189575279	6.53584719909237	35.46100214734936
2011-02-07	4.510000228881836	4.59499979019165	4.40500020980835	4.460000038146973	1.181853175163269	424350	4.50528258824974	4.683209483916396	4.850030220619232	5.371382628707665	5.675475764373847	5.924280153684665	6.47501485598649	6.556873281592367	6.524503771983379	33.657804296703844
2011-02-08	4.53000020980835	4.53000020980835	4.260000228881836	4.300000190734863	1.1394550800323486	513010	4.436855122411448	4.6284652991761766	4.797646408249292	5.329367631140104	5.639279038751769	5.892116194022293	6.453372919018813	6.541877447101619	6.512348014708797	30.671786105191103
2011-02-09	4.300000190734863	4.320000171661377	4.099999904632568	4.135000228881836	1.0957318544387817	571320	4.336236824568243	4.557970289134128	4.734537248309534	5.282529693796643	5.599692754281508	5.857321818474957	6.4303045340423255	6.525884907445674	6.499357043201546	27.920828324080038
2011-02-10	4.099999904632568	4.099999904632568	3.8499999046325684	3.930000066757202	1.0414090156555176	646500	4.200824571964563	4.468260257365996	4.657914659590265	5.229489316265684	5.555753473030868	5.819157031312229	6.405425882626553	6.508636503188607	6.485316841144473	24.9291962608363
2011-02-11	3.9000000953674316	4.074999809265137	3.799999952316284	3.990000009536743	1.057308316230774	1291340	4.130549717821956	4.3999373648189595	4.594303740537549	5.180881892472392	5.514549434517865	5.782936100187962	6.381391794337103	6.4919013769849405	6.471681230042791	27.381686865618978
2011-02-14	4.059999942779541	4.394999980926514	4.054999828338623	4.315000057220459	1.1434296369552612	745530	4.192033164288124	4.3878034637334595	4.567703389745445	5.146925742070356	5.482982345641617	5.75386805973316	6.3608306825249965	6.477436916388498	6.459896087021904	39.005401411861286
2011-02-15	4.284999847412109	4.284999847412109	4.099999904632568	4.179999828338623	1.1076562404632568	912700	4.188022052304957	4.358117230105626	4.530779241040033	5.1090070787867585	5.44869333202838	5.722702352180793	6.339130873030605	6.462171553677203	6.447437637520903	36.39909692351872
2011-02-16	4.199999809265137	4.369999885559082	4.159999847412109	4.315000057220459	1.1434296369552612	624950	4.230348053943458	4.351957633979174	4.510228842581026	5.077869548529256	5.418859298480803	5.694827059211281	6.318990267898166	6.447904633434966	6.435784973147676	40.66852983352937
2011-02-17	4.199999809265137	4.489999771118164	4.199999809265137	4.364999771118164	1.156679391860962	754790	4.27523195966836	4.353820796427601	4.496397502441706	5.0499138709837235	5.391126153023891	5.668493845585675	6.299547576387917	6.4340647340175785	6.424469207016367	42.215687450886286
2011-02-18	4.300000190734863	4.440000057220459	4.130000114440918	4.144999980926514	1.0983816385269165	603230	4.231821300087744	4.323989251356017	4.462931071821211	5.014427051765794	5.358333359021328	5.63832565024589	6.278109291855963	6.4188550014389	6.412013091026805	37.57304466370364
2011-02-21	4.190000057220459	4.190000057220459	3.950000047683716	4.065000057220459	1.077182412147522	532140	4.176214219131983	4.286990795050937	4.425032879954473	4.977194620607153	5.3242982721318315	5.607170688007763	6.256088304446655	6.403214769251402	6.399187883191797	36.0217023899467
2011-02-22	3.990000009536743	4.114999771118164	3.9800000190734863	4.019999980926514	1.0652579069137573	273080	4.124142806396827	4.248849250176019	4.386458318142286	4.939657575913794	5.289974632889586	5.575741565095263	6.233838669386753	6.387379455043264	6.386186856403462	35.142730273493086
2011-02-23	4.0	4.074999809265137	3.5299999713897705	3.950000047683716	1.046708583831787	666820	4.066095220159123	4.2061565069628335	4.344890863812898	4.900847476767517	5.254712143805221	5.54354866376038	6.211113906981748	6.3711842430342305	6.37287436018095	33.76261305259924
2011-02-24	3.9000000953674316	4.074999809265137	3.809999942779541	3.8499999046325684	1.0202096700668335	464780	3.994063448316938	4.155276992344224	4.297758391510009	4.859637768056342	5.217746032248046	5.51001304476775	6.187620235316581	6.354432187629568	6.359088160970304	31.838958822708328
2011-02-25	3.674999952316284	3.875	3.674999952316284	3.765000104904175	0.9976856112480164	288320	3.9177090005126836	4.09952315128136	4.247019507071358	4.816710800873905	5.179515876265312	5.475458333087284	6.163514562377154	6.337226658840695	6.344912816401636	30.260721865963824
2011-02-28	3.8550000190734863	3.875	3.700000047683716	3.765000104904175	0.9976856112480164	306950	3.8668060353098475	4.051734144656048	4.20111289734115	4.775467244169209	5.142291777018967	5.441587873123262	6.13964874687991	6.320135452502247	6.330814932732251	30.26072186596383
2011-03-01	3.759999990463257	3.994999885559082	3.759999990463257	3.9000000953674316	1.033459186553955	547730	3.8778707219957087	4.030057851900531	4.172435487629367	4.741135199118159	5.109599890659716	5.411061382474632	6.11736368567083	6.304054818900022	6.317531791544464	36.09556953397786
2011-03-03	3.944999933242798	4.070000171661377	3.859999895095825	3.9549999237060547	1.048033595085144	207120	3.9035804558991574	4.019335290729892	4.15172733868429	4.710306364788273	5.079215681003041	5.382228482300996	6.0958476283378475	6.288446480725976	6.304621781337697	38.35833084404143
2011-03-04	4.0	4.045000076293945	3.799999952316284	3.9149999618530273	1.0374339818954468	273910	3.9073869578837805	4.004430243747483	4.1291818742241695	4.679117878398655	5.048578425235935	5.353174452193115	6.074147651556904	6.2726760719627	6.291563738608272	37.32325954347915
2011-03-07	3.9049999713897705	3.9600000381469727	3.755000114440918	3.869999885559082	1.0255094766616821	204230	3.8949246004422142	3.9852259068634255	4.104497875303685	4.647387761032397	5.017563200507597	5.323804658794422	6.052215832989762	6.256711446139421	6.2783311492473475	36.14169502863462
2011-03-08	3.759999990463257	4.050000190734863	3.759999990463257	3.869999885559082	1.0255094766616821	434460	3.8866163621478367	3.9687650466770905	4.082164733423246	4.616901961994228	4.9873641659036885	5.295016445463029	6.030502241473039	6.240852897564136	6.265170869117903	36.14169502863463
2011-03-09	3.9600000381469727	3.994999885559082	3.799999952316284	3.924999952316284	1.0400837659835815	297730	3.899410892203986	3.9625128903398323	4.067196659032107	4.589768549849994	4.959407212914546	5.2678874059947765	6.009551969939141	6.225465170353187	6.252383049900408	38.88421985672603
2011-03-10	3.924999952316284	3.924999952316284	3.809999942779541	3.869999885559082	1.0255094766616821	139790	3.889607223322351	3.949296746799725	4.0484160139394385	4.561542327720939	4.930738599036771	5.24020646499605	5.988262894472673	6.20981423822831	6.23936456266357	37.165300457898645
2011-03-11	3.809999942779541	3.8949999809265137	3.7950000762939453	3.805000066757202	1.0082852840423584	237640	3.861404837800635	3.928682935365079	4.025233542779225	4.531874003761576	4.9011139008188875	5.211786536318053	5.966538886236698	6.193835406524182	6.226062024434573	35.18568107500454
2011-03-14	3.8299999237060547	3.8450000286102295	3.7100000381469727	3.809999942779541	1.0096100568771362	189020	3.8442698727936038	3.9117282221385734	4.004735104684017	4.503565217056399	4.8724003756073255	5.1840283859509535	5.945080787296826	6.177995968226876	6.212859499398207	35.470412049357
2011-03-15	3.75	3.799999952316284	3.630000114440918	3.7300000190734863	0.9884110689163208	400890	3.8061799215535648	3.885767050272132	3.978569858435395	4.473229326939422	4.842337208330119	5.1552357450226864	5.923040182637887	6.161730214411903	6.199291961254356	32.974351927843266
2011-03-16	3.734999895095825	3.875	3.700000047683716	3.755000114440918	0.9950357675552368	391050	3.789119985849349	3.8670860594391017	3.9572775018644926	4.445063475468893	4.813723074280404	5.127508306793344	5.901467644645877	6.14573865228585	6.185935175206195	34.52495761461502
2011-03-17	3.755000114440918	3.924999952316284	3.7200000286102295	3.75	0.9937106370925903	440840	3.776079990566233	3.85035947951923	3.9375367874012075	4.4178060842740345	4.785730361799341	5.1002309145796145	5.8800600063906945	6.129820123034781	6.172624054030205	34.353775735612224
2011-03-18	3.7750000953674316	3.7850000858306885	3.7049999237060547	3.7249999046325684	0.9870860576629639	233830	3.7590532952550113	3.8324509688211355	3.91729517951848	4.390637214484173	4.757816402400215	5.07299861735294	5.8586166222935985	6.11384125115171	6.159249058678306	33.46046408207602
2011-03-21	3.75	3.8350000381469727	3.700000047683716	3.7049999237060547	0.9817861914634705	4208360	3.7410355047386923	3.8142436766618384	3.8970765837268204	4.363749477590914	4.730110705592474	5.045909534310428	5.8371876004171055	6.097835660936124	6.145837861219441	32.72728329028471
2011-03-22	3.734999895095825	4.449999809265137	3.7249999046325684	4.420000076293945	1.1712538003921509	15722580	3.967357028590443	3.9007803051807106	3.9468788211141654	4.365955383422405	4.721949899558302	5.033515287617032	5.82308623201787	6.086687251735844	6.136407053651542	63.510279606708465
2011-03-23	4.539999961853027	4.539999961853027	4.170000076293945	4.224999904632568	1.1195807456970215	8175540	4.053237987271151	3.9470973908166904	3.9733665433540133	4.36042771758751	4.708872268112888	5.017505082013379	5.807184875526474	6.074317236140473	6.125962205842695	55.98600029723716
2011-03-24	4.244999885559082	4.244999885559082	4.114999771118164	4.135000228881836	1.0957318544387817	763220	4.080492067808046	3.9739406533974253	3.9887602276899963	4.351587423912777	4.69377037234365	5.000029738387012	5.79054622232603	6.061431408849718	6.1150826321981	52.87255109759855
2011-03-25	4.21999979019165	4.269999980926514	4.114999771118164	4.164999961853027	1.1036813259124756	909310	4.10866136582304	4.001234840319654	4.005544964276952	4.344270268537885	4.679855361541265	4.983494495287329	5.774371632669582	6.048830535447747	6.104426442742663	53.794937790467955
2011-03-28	4.239999771118164	4.320000171661377	4.099999904632568	4.139999866485596	1.09705650806427	1113820	4.119107532710559	4.021058415486217	4.018350193058728	4.3362596645358344	4.665648637987169	4.96679163135066	5.75810922703591	6.0361472751888625	6.093691871287707	52.8663407227242
2011-03-29	4.184999942779541	4.269999980926514	4.005000114440918	4.025000095367432	1.0665827989578247	1064320	4.087738386929517	4.021621512612104	4.018983517088128	4.324053406921387	4.648789465812965	4.948142294004458	5.740864360054134	6.022784171004003	6.082387544643334	48.701766501880186
2011-03-30	4.260000228881836	4.394999980926514	4.150000095367432	4.320000171661377	1.1447547674179077	3702130	4.165158981840137	4.0642470353334295	4.047651769904628	4.323894456519034	4.640137115966871	4.935703836136278	5.7267264079308235	6.011469991606377	6.072757012550536	57.87012110708118
2011-03-31	4.599999904632568	4.690000057220459	4.21999979019165	4.269999980926514	1.1315052509307861	1012650	4.200105981535596	4.093640313275299	4.068827790001951	4.321780947672269	4.630396665044756	4.922521581577668	5.712231617612373	5.999898762299535	6.062905881230186	56.04187007527186
2011-04-01	4.420000076293945	4.420000076293945	4.239999771118164	4.320000171661377	1.1447547674179077	464220	4.2400707115775225	4.1259774359018815	4.09274896920761	4.321711113318901	4.622228336271509	4.910590464549623	5.6983785683989305	5.988736645418218	6.05338180631451	57.48822654331697
2011-04-04	4.400000095367432	4.5	4.320000171661377	4.429999828338623	1.1739035844802856	821530	4.303380417164556	4.169409206249988	4.124868098648659	4.325957729594184	4.617169691325907	4.901073818288019	5.685757884418231	5.978379590155231	6.04451086654415	60.56254837838082
2011-04-05	4.400000095367432	4.789999961853027	4.400000095367432	4.684999942779541	1.2414758205413818	2328130	4.430586925702884	4.24306502575421	4.178213988565886	4.340037816385767	4.618954697943108	4.896795127683891	5.675800093954164	5.9697857054550605	6.037081845102813	66.59372312896846
2011-04-06	4.699999809265137	5.46999979019165	4.539999961853027	5.244999885559082	1.3898701667785645	10469820	4.702057912321616	4.386198577154906	4.279812645422381	4.375526524980799	4.635429571301423	4.903690271404192	5.671513524716402	5.9649698528311665	6.032753528383995	75.46687973735328
2011-04-07	5.255000114440918	5.269999980926514	5.005000114440918	5.130000114440918	1.3593963384628296	2120340	4.84470531302805	4.492455939624336	4.360782880567004	4.40511372456747	4.648444585594568	4.908171654434622	5.666125331579332	5.95942188114751	6.027820449619279	71.2798092137403
2011-04-08	5.164999961853027	5.440000057220459	5.005000114440918	5.199999809265137	1.3779455423355103	2859350	4.9631368117737455	4.593533635287308	4.440708302347779	4.436285727888947	4.6629591967437936	4.913950429777801	5.661487266680683	5.954375887314405	6.023296839562699	72.28769290736594
2011-04-11	5.050000190734863	5.28000020980835	5.050000190734863	5.114999771118164	1.355421543121338	1005470	5.013757798221885	4.668028797548859	4.5049265374687675	4.462901964878328	4.674855001332593	4.917931604853847	5.6560495801576725	5.948798637372901	6.018333467603985	69.11587276912395
2011-04-13	5.114999771118164	5.224999904632568	5.039999961853027	5.065000057220459	1.3421719074249268	1000680	5.03083855122141	4.724738977501945	4.558266872683214	4.486513654774098	4.685121976487537	4.9208438514353645	5.650168490377203	5.942926221557935	6.013123995416097	67.24670501854024
2011-04-15	5.050000190734863	5.284999847412109	5.050000190734863	5.139999866485596	1.3620460033416748	925890	5.067225656309472	4.784061961642466	4.613670014950108	4.512140565037294	4.697092447276959	4.925183574505666	5.645092185661864	5.937591162720245	6.008352825312652	68.6176900505639
2011-04-18	5.269999980926514	5.369999885559082	5.110000133514404	5.175000190734863	1.3713209629058838	2056730	5.103150501117936	4.839910280084237	4.667130031691513	4.538135060162689	4.709668966841641	4.930130438193372	5.640414653374033	5.9325241130725015	6.00379898577944	69.26426359663567
2011-04-19	5.099999904632568	5.15500020980835	4.800000190734863	5.059999942779541	1.3408470153808594	591590	5.088766981671804	4.871351660469281	4.704546213699897	4.558600349677075	4.7188882030505335	4.932702111551515	5.634639382621849	5.926726610279857	5.9986416139597685	64.55781580695574
2011-04-20	5.099999904632568	5.715000152587891	5.099999904632568	5.534999847412109	1.466717004776001	9978040	5.237511270251906	4.966158544318256	4.783637035958202	4.596890526058841	4.740364825270575	4.944628799390339	5.633647944460558	5.924123774646184	5.996108052393934	72.78384465506811
2011-04-21	5.639999866485596	5.900000095367432	5.599999904632568	5.784999847412109	1.5329644680023193	6558280	5.42000746263864	5.083135873331664	4.879004922763336	4.6434830484648515	4.767855220590089	4.961269810242255	5.635153933544653	5.923199363169546	5.9949544556453995	75.94796341288254
2011-04-25	5.769999980926514	6.579999923706055	5.769999980926514	6.434999942779541	1.7052077054977417	20549240	5.758338289352274	5.2762593118242185	5.027194924669641	4.713738612947781	4.81172745012139	4.990452585143983	5.643112600303209	5.926600031472603	5.997359075793674	81.8547066116297
2011-04-26	6.485000133514404	6.519999980926514	6.090000152587891	6.215000152587891	1.6469099521636963	5128110	5.9105589104308125	5.4103651462190285	5.140319232090427	4.772611614502295	4.848655679133667	5.014701051826041	5.648803023709027	5.928516311347123	5.998548371295282	75.12957630916468
2011-04-27	6.25	6.320000171661377	6.0	6.010000228881836	1.5925872325897217	1768250	5.943706016581154	5.496027300885144	5.2231459936896085	4.821136658203454	4.8792173778112495	5.0344099464212055	5.652397025750547	5.929057732726092	5.998610949752039	69.40718449319422
2011-04-28	6.074999809265137	6.074999809265137	5.84499979019165	5.920000076293945	1.5687378644943237	1988620	5.935804036485417	5.556594840229258	5.289513049175736	4.864229341265826	4.906606396192373	5.051946384636508	5.655059742671377	5.928997548962423	5.998181382137514	66.99460993416758
2011-04-29	5.900000095367432	5.994999885559082	5.599999904632568	5.789999961853027	1.5342891216278076	1815330	5.887202678274621	5.589938429032654	5.337178469430716	4.900534071484932	4.929853595288706	5.0665613069576265	5.656402431419454	5.9280739769550514	5.997043778747981	63.557988964665725
2011-05-02	5.889999866485596	5.889999866485596	5.679999828338623	5.715000152587891	1.5144155025482178	492780	5.829801836379044	5.6078043895405445	5.373161486874257	4.932473917802695	4.950515346796579	5.079401680138424	5.656985493321628	5.926658204035668	5.995502556747106	61.59491027975664
2011-05-03	5.789999961853027	5.789999961853027	5.400000095367432	5.40500020980835	1.432268500328064	977180	5.688201294188812	5.5788323638645165	5.376193746201314	4.951004360626446	4.9624754747705735	5.085849175775452	5.654478177067764	5.923192037961068	5.99227576796602	54.150110149970075
2011-05-04	5.315000057220459	5.519999980926514	5.190000057220459	5.394999980926514	1.4296183586120605	735220	5.590467523101379	5.552570594873373	5.377984816175142	4.96841595357939	4.973857698616783	5.091970973897255	5.651896304469344	5.919682456186752	5.98901196585105	53.92368701203467
2011-05-05	5.485000133514404	5.820000171661377	5.349999904632568	5.53000020980835	1.4653921127319336	2269430	5.570311752003703	5.549346254149798	5.392462472711638	4.990438865588369	4.9884930278586666	5.100644820152921	5.650683408005055	5.917093205380251	5.986503704889069	56.56414397615491
2011-05-06	5.539999961853027	5.78000020980835	5.15500020980835	5.244999885559082	1.3898701667785645	1833200	5.461874463188829	5.505868201493981	5.378418416792347	5.00042165068526	4.995243208324467	5.103503336299577	5.646646756040419	5.912627469035924	5.9824517714501075	50.0441097660762
2011-05-09	5.289999961853027	5.400000095367432	5.204999923706055	5.275000095367432	1.3978198766708374	480410	5.3995830072483635	5.472887043475903	5.368569052847117	5.011189432829658	5.002605231667704	5.1068993117266634	5.6429487793173045	5.908390742300585	5.978585915296651	50.688458318584004
2011-05-10	5.335000038146973	5.380000114440918	5.260000228881836	5.309999942779541	1.4070944786071777	541190	5.369721985758756	5.449617457662137	5.362991042364491	5.022907492043379	5.010694566170646	5.110921106400978	5.63963585557066	5.904414723699117	5.974932440036994	51.47482981652548
2011-05-11	5.335000038146973	5.400000095367432	5.244999885559082	5.28000020980835	1.3991446495056152	387010	5.33981472710862	5.425386422254452	5.35508715354962	5.032989559406712	5.017781556792691	5.11426920745855	5.636057391433721	5.900265790052002	5.971134996155963	50.72809964676826
2011-05-12	5.300000190734863	5.329999923706055	5.025000095367432	5.114999771118164	1.355421543121338	422270	5.264876408445135	5.381045472092126	5.332221688556149	5.036205646140494	5.020339930853888	5.114283674065671	5.630872738495258	5.8950480756404815	5.9664566615929155	46.71416955189862
2011-05-13	5.099999904632568	5.21999979019165	5.099999904632568	5.139999866485596	1.3620460033416748	376490	5.223250894458622	5.346610385576907	5.313914848358953	5.040276007722655	5.023488876528407	5.114792905598739	5.625988431311082	5.89003114401819	5.961940504242603	47.39337768776205
2011-05-16	5.099999904632568	5.164999961853027	4.960000038146973	5.019999980926514	1.3302476406097412	250310	5.155500589947919	5.2999517563411365	5.285922956222531	5.0394808694169235	5.023397063486252	5.112915817981467	5.6199586954863605	5.884250206057448	5.956793288268198	44.46369527571329
2011-05-17	5.019999980926514	5.065000057220459	4.755000114440918	4.804999828338623	1.2732746601104736	547170	5.038667002744821	5.2292443380550635	5.24012075356692	5.030285534472676	5.017649767824472	5.106818471651906	5.611849652032154	5.8770791072021735	5.950499334935249	39.72548129850731
2011-05-18	4.815000057220459	4.889999866485596	4.715000152587891	4.739999771118164	1.2560502290725708	273230	4.939111258869269	5.159352257064078	5.192490183809896	5.018901779047009	5.0103431889637795	5.099554735007673	5.60317452883898	5.869523762776367	5.9438845832204015	38.393415968829274
2011-05-19	4.760000228881836	4.900000095367432	4.710000038146973	4.809999942779541	1.2745996713638306	299410	4.896074153506026	5.109444783594858	5.156062541807005	5.010709550173774	5.005070998274721	5.09382097674573	5.595282244400577	5.862483737394328	5.9376884922890305	40.6995492385182
2011-05-20	4.730000019073486	4.875	4.730000019073486	4.835000038146973	1.2812243700027466	165570	4.875716115053009	5.070238391388018	5.12548516050605	5.0038189810746845	5.000595446692412	5.088695809644764	5.587717247323427	5.855656603180059	5.931662872321041	41.54120476057249
2011-05-23	5.019999980926514	5.019999980926514	4.570000171661377	4.644999980926514	1.2308764457702637	435840	4.798810737010844	5.009490047036374	5.07972466721276	4.98974764773554	4.99123767127752	5.079909753630541	5.578336976015995	5.847612373131863	5.924631927559322	37.2178184297551
2011-05-24	4.684999942779541	4.684999942779541	4.559999942779541	4.585000038146973	1.2149770259857178	182870	4.72754050405622	4.948848617195031	5.032608035873161	4.973875192457557	4.980547207247769	5.070109561244728	5.568453026385458	5.839222922401066	5.917311534721003	35.94556944385754
2011-05-25	4.574999809265137	4.949999809265137	4.510000228881836	4.835000038146973	1.2812243700027466	1513470	4.763360348753138	4.93258453447388	5.013788226565905	4.968429107974789	4.976717018587221	5.06545392712398	5.561154986701493	5.832550345097053	5.911397264247921	44.46417117340755
2011-05-26	4.900000095367432	5.099999904632568	4.889999866485596	4.954999923706055	1.3130230903625488	695350	4.827240207070777	4.935786732935619	5.008189340579253	4.967902473297584	4.976145516090349	5.063266719135506	5.555123593039847	5.826719445287146	5.906171049272283	48.036435451824644
2011-05-27	5.034999847412109	5.034999847412109	4.849999904632568	4.869999885559082	1.290498971939087	218650	4.841493433233546	4.926388611881828	4.995028440101141	4.964063156131368	4.973352210023736	5.059439653124092	5.54830644172163	5.820362504690946	5.9005089117656535	45.78965485250015
2011-05-30	4.869999885559082	4.949999809265137	4.75	4.764999866485596	1.2626750469207764	412840	4.815995577650896	4.9033330768252235	4.973120956899661	4.956256752615848	4.967869253614838	5.053609162299567	5.54051234644565	5.813350128357356	5.894303944305107	43.107419637628794
2011-05-31	4.244999885559082	4.900000095367432	4.010000228881836	4.760000228881836	1.2613502740859985	3553900	4.797330461394543	4.882856955690454	4.952823744707487	4.948560418351769	4.962399016121864	5.047795124014068	5.532746056718646	5.806351125703033	5.888105563346509	42.97832363548287
2011-06-01	4.800000190734863	5.019999980926514	4.650000095367432	4.914999961853027	1.3024237155914307	1564450	4.836553628214038	4.887448813713679	4.949221479673729	4.947244322018485	4.961151672588474	5.045165516842562	5.52659932940655	5.800428526607684	5.882788046398457	48.16143829945261
2011-06-02	4.800000190734863	4.949999809265137	4.610000133514404	4.75	1.2587003707885742	784850	4.807702418809359	4.8678132688974385	4.930248005419088	4.93950925056678	4.955595049625619	5.039320655122908	5.518871972895042	5.793448935068763	5.876597947784258	43.61639352853985
2011-06-03	4.760000228881836	4.909999847412109	4.670000076293945	4.78000020980835	1.2666499614715576	3115150	4.798468349142356	4.855268546170426	4.915938691551399	4.933253994066449	4.950974132788322	5.034185596799848	5.511520015053383	5.786715056495604	5.870605610418269	44.639368213580866
2011-06-06	4.710000038146973	4.78000020980835	4.574999809265137	4.664999961853027	1.2361762523651123	914280	4.75397888671258	4.828087319839369	4.892039764913458	4.922734228097296	4.943448496711078	5.026874990167237	5.503096929946913	5.7792618000527956	5.864017601409716	41.52892755987309
2011-06-07	4.550000190734863	4.699999809265137	4.550000190734863	4.614999771118164	1.2229268550872803	408370	4.707652514847775	4.797646241450626	4.86565500359962	4.9106662101765455	4.934805109195475	5.0187190452355726	5.494260142296875	5.771525839727649	5.857192367364407	40.21682076813347
2011-06-08	4.610000133514404	4.824999809265137	4.599999904632568	4.659999847412109	1.2348512411117554	587670	4.691768292369219	4.777982470873695	4.846068798248429	4.900836156734803	4.927573391780123	5.011615694783623	5.485959044835336	5.7641402849614325	5.850650331736253	41.99315221969214
2011-06-09	4.789999961853027	4.789999961853027	4.585000038146973	4.619999885559082	1.2242517471313477	330130	4.6678454900991735	4.755413530114465	4.824538425611348	4.889822969629873	4.919479352142727	5.003860926284127	5.477342535787811	5.756538023171384	5.843925465910148	40.83177248950764
2011-06-10	4.675000190734863	4.710000038146973	4.510000228881836	4.554999828338623	1.2070271968841553	1170230	4.630230269512324	4.726783001289345	4.798868083013946	4.876692650363549	4.90988778572683	4.994972587710949	5.468164996410207	5.748554380680801	5.836882156415222	38.94679430735736
2011-06-13	4.599999904632568	4.699999809265137	4.545000076293945	4.684999942779541	1.2414758205413818	397100	4.648486827268063	4.720813992930801	4.788023498229717	4.869175289281824	4.903969684596638	4.98883451553409	5.460372309309404	5.741487573784447	5.830587718089344	44.46837191072775
2011-06-14	4.699999809265137	4.739999771118164	4.505000114440918	4.534999847412109	1.2017273902893066	1500570	4.610657833982745	4.6942691149995595	4.763926007675659	4.856070369992815	4.8942599520391505	4.979847690422764	5.451164623121372	5.733471044041109	5.823508002949032	39.97589933234288
2011-06-15	4.625	4.635000228881836	4.429999828338623	4.460000038146973	1.181853175163269	491970	4.560438568704154	4.660802104020618	4.734980677244355	4.840538200116508	4.882832059568304	4.969553677506411	5.441302288942522	5.725009442673042	5.816057139753392	37.913461123626846
2011-06-16	4.409999847412109	4.545000076293945	4.400000095367432	4.449999809265137	1.1792035102844238	979850	4.523625648891149	4.630687490484121	4.707839642198715	4.825222969102729	4.871441737191905	4.959265482095693	5.4314385826770755	5.716537617866345	5.808592345597718	37.634653216647884
2011-06-17	4.409999847412109	4.559999942779541	4.25	4.289999961853027	1.1368051767349243	383550	4.445750419878442	4.582017843536822	4.668045386927697	4.804233831563525	4.856140637840881	4.946012699516631	5.420080984459921	5.707058962344663	5.800294026560862	33.40229626320399
2011-06-20	4.309999942779541	4.364999771118164	4.010000228881836	4.03000020980835	1.0679081678390503	505440	4.307167016521745	4.503158181575611	4.6072791795829975	4.773871728749596	4.834400100261078	4.927873838334289	5.406249334960901	5.695915714819504	5.790620289857296	27.909595276362793
2011-06-21	4.039999961853027	4.144999980926514	3.9649999141693115	3.994999885559082	1.0586330890655518	616290	4.203111306200857	4.430564139287536	4.548966865866434	4.743327734898988	4.812310620926815	4.909401086794186	5.392207051882275	5.684613948512126	5.780808156500475	27.259742176369766
2011-06-22	4.039999961853027	4.085000038146973	4.0	4.010000228881836	1.0626081228256226	292300	4.138740947094517	4.37048358065815	4.497636709963139	4.71456979348655	4.79119718955721	4.891591168815723	5.378453750160878	5.673486947052789	5.771131610447914	28.033148949936553
2011-06-23	4.010000228881836	4.139999866485596	3.7300000190734863	3.994999885559082	1.0586330890655518	1276150	4.090827259916039	4.316843052786854	4.4497665362103715	4.686351365724689	4.77024462892568	4.873836885978958	5.364688040065338	5.6623342091026645	5.761425972606991	27.715794096229207
2011-06-24	3.8499999046325684	4.139999866485596	3.8499999046325684	4.034999847412109	1.069232702255249	795460	4.072218122414729	4.27657973773332	4.410264946801013	4.660808168928117	4.750896082043744	4.857226251551891	5.351457311780231	5.651521356201066	5.751991950064943	29.99175862835319
2011-06-27	4.0	4.090000152587891	3.950000047683716	3.984999895095825	1.0559831857681274	593180	4.043145379975095	4.234925474499392	4.369763513305281	4.634305883679792	4.7307409192293255	4.839954442513157	5.337860720569441	5.640448123901363	5.742336255775494	28.772234591903086
2011-06-28	4.054999828338623	4.275000095367432	3.9049999713897705	4.204999923706055	1.1142809391021729	1902080	4.097096894552082	4.23065039581463	4.3540717428672595	4.617470355837685	4.71690562987345	4.827381085705096	5.326588473834482	5.630910262106045	5.733935510791508	40.27900166352586
2011-06-29	4.275000095367432	4.480000019073486	4.275000095367432	4.349999904632568	1.1527044773101807	3533850	4.181397897912244	4.247700325645764	4.35368394874967	4.6069813185355235	4.707250216051322	4.817927993010591	5.316871174638443	5.622399229830474	5.7263730211403665	46.42250753001018
2011-06-30	4.494999885559082	4.494999885559082	4.139999866485596	4.179999828338623	1.1076562404632568	780410	4.180931874721037	4.238028826030458	4.337142603948618	4.590236946370939	4.693375205848356	4.805295752125998	5.305559021938943	5.612815180651126	5.717922894403745	41.086089088693136
2011-07-01	4.25	4.445000171661377	4.21999979019165	4.385000228881836	1.161979079246521	897770	4.248954659441304	4.259024740723512	4.341700472989877	4.582188447645876	4.685260074875552	4.796973068497401	5.2963992329533	5.604656941768939	5.710639163991057	48.73857030526659
2011-07-04	4.355000019073486	4.449999809265137	4.289999961853027	4.329999923706055	1.147404670715332	343980	4.275969747529554	4.269164052578161	4.340586134962846	4.572298701609021	4.675911123528986	4.787726075531236	5.286783319428452	5.596187459921345	5.703094687268188	46.97557327637632
2011-07-05	4.385000228881836	4.420000076293945	4.315000057220459	4.34499979019165	1.1513793468475342	235980	4.298979761750252	4.279997729380089	4.341006483079875	4.563385018808339	4.667202930546424	4.778959218395799	5.277412339038037	5.587873920587593	5.695673403677606	47.5329799587031
2011-07-06	4.315000057220459	4.389999866485596	4.289999961853027	4.309999942779541	1.1421051025390625	181860	4.302653155426682	4.284283759865724	4.338053479241748	4.553448349160151	4.65780285192098	4.769672896106368	5.2677863450454145	5.57938306359219	5.68810141755248	46.309684256564495
2011-07-07	4.300000190734863	4.360000133514404	4.275000095367432	4.320000171661377	1.1447547674179077	234650	4.30843549417158	4.289386104407961	4.336334116615046	4.544293518670003	4.648913307703622	4.760768485721318	5.258355636852539	5.571015070954776	5.680625454460179	46.73151210628107
2011-07-08	4.389999866485596	4.389999866485596	4.235000133514404	4.284999847412109	1.1354801654815674	478200	4.300623611918423	4.288759496265697	4.331445138595719	4.5341251394049875	4.63933663769595	4.75134732456668	5.248670504619301	5.56247011930333	5.672999085022758	45.38744233922773
2011-07-11	4.235000133514404	4.289999961853027	4.235000133514404	4.25	1.1262056827545166	173960	4.283749074612282	4.283222425370597	4.32368845872946	4.52298297707538	4.629090936703951	4.7414196547732805	5.23873348467284	5.553749387613607	5.66522313373848	44.02386762548223
2011-07-12	4.25	4.260000228881836	4.039999961853027	4.204999923706055	1.1142809391021729	216900	4.25749935764354	4.272047782275663	4.312384788727231	4.510513053413838	4.617930646888217	4.7307974818808605	5.228447578593569	5.544787597155749	5.657243771935024	42.26568912256612
2011-07-13	4.275000095367432	4.465000152587891	4.195000171661377	4.21999979019165	1.118255615234375	1057530	4.244999501826244	4.26461235483509	4.303586217438128	4.499120376424733	4.607458782238307	4.720682676104836	5.21841327224131	5.53598502036529	5.6493899796850595	43.08168068150592
2011-07-14	4.204999923706055	4.275000095367432	4.184999942779541	4.210000038146973	1.1156061887741089	742870	4.233333013933153	4.256810595308216	4.2946732479818275	4.487782323943252	4.596999341604325	4.710570148620522	5.208379309713009	5.527174488921979	5.64152446087884	42.64892153589257
2011-07-15	4.21999979019165	4.264999866485596	4.110000133514404	4.119999885559082	1.0917567014694214	555210	4.195555304475129	4.237266208201197	4.278037689655852	4.473359483222304	4.584446724339976	4.69887568796584	5.197549663701527	5.517824491557441	5.633210118937202	38.864929613962055
2011-07-18	4.15500020980835	4.195000171661377	4.074999809265137	4.114999771118164	1.0904319286346436	578430	4.168703460022807	4.219799574332192	4.262510268842739	4.459306161179005	4.572092857149928	4.687313788622322	5.186778022979304	5.508503397069473	5.624913887528355	38.6597084701963
2011-07-19	4.045000076293945	4.164999961853027	3.825000047683716	4.105000019073486	1.0877820253372192	652800	4.147468979706367	4.203399637866663	4.247509292674239	4.445411802665063	4.559800940358443	4.6757828228886815	5.1760140627414355	5.499177793228967	5.616608347263575	38.22499249787224
2011-07-20	4.150000095367432	4.170000076293945	4.010000228881836	4.074999809265137	1.0798320770263672	288550	4.12331258955929	4.185056805209302	4.231079818063848	4.430885842139576	4.547043015855987	4.663886129549601	5.165058697035204	5.489714816591334	5.608184256891999	36.88495775900734
2011-07-21	4.019999980926514	4.184999942779541	4.019999980926514	4.159999847412109	1.1023563146591187	330830	4.13554167551023	4.181477239809703	4.224310297049397	4.420262861954185	4.536857669317991	4.65390818336866	5.155058111466815	5.480879501181506	5.600270680883912	42.98378769263169
2011-07-22	4.184999942779541	4.295000076293945	4.114999771118164	4.215000152587891	1.1169309616088867	606900	4.162027834536117	4.186266227349444	4.223423616624491	4.41221334393982	4.528387734667199	4.645216935234387	5.145704300930706	5.47246834271909	5.592700896576283	46.58079816843229
2011-07-25	4.199999809265137	4.349999904632568	4.199999809265137	4.28000020980835	1.1341552734375	1185000	4.201351959626861	4.199656796272145	4.228811863594383	4.40702851515035	4.521851220855123	4.637984920869515	5.137090329874763	5.4645449664206796	5.585527668779737	50.55118271134958
2011-07-26	4.364999771118164	4.375	4.239999771118164	4.304999828338623	1.140779972076416	630820	4.235901249197449	4.2147058008530704	4.236067860236692	4.403027390177342	4.516144605262584	4.631391156660983	5.128810822396791	5.456840347562991	5.578530248886617	52.02800184785138
2011-07-27	4.320000171661377	4.409999847412109	4.275000095367432	4.34499979019165	1.1513793468475342	820950	4.272267429528849	4.233319227901439	4.246442329756212	4.40075179802104	4.511640794339664	4.625720040493273	5.121011707648481	5.449452702663514	5.571789645287191	54.37588631187862
2011-07-28	4.300000190734863	4.400000095367432	4.260000228881836	4.289999961853027	1.1368051767349243	729410	4.278178273636908	4.241416475608808	4.250590675670194	4.39640858875955	4.505808140853174	4.619072118143961	5.112742934058477	5.441748697741185	5.564785330077168	50.70141047921953
2011-07-29	4.329999923706055	4.329999923706055	4.090000152587891	4.099999904632568	1.0864571332931519	950110	4.218785483968795	4.221214108326488	4.236248697476134	4.384784718793786	4.495128976742105	4.608793460450666	5.102665888989562	5.43283342336837	5.556781038134848	40.5157347335542
2011-08-01	4.150000095367432	4.184999942779541	3.984999895095825	4.010000228881836	1.0626081228256226	610900	4.149190398939809	4.191040696977252	4.214701224276677	4.370087287816847	4.482362430745782	4.596936168736432	5.091793593864112	5.423379382208991	5.5483286839859245	36.74961207216479
2011-08-02	4.0	4.050000190734863	3.9149999618530273	3.930000066757202	1.0414090156555176	387300	4.07612695487894	4.153749178374388	4.187586828322441	4.352828965422351	4.467826579061873	4.583729513251695	5.080233459266033	5.4134565960598096	5.539485358208719	33.74673782806109
2011-08-03	3.944999933242798	3.944999933242798	3.7249999046325684	3.765000104904175	0.9976856112480164	780910	3.9724180048873516	4.098213596450072	4.147340473711178	4.329776853245168	4.449331145531407	4.5675170497200615	5.067146560217656	5.402503396783028	5.529788717480279	28.562769281322865
2011-08-04	3.799999952316284	3.9800000190734863	3.7950000762939453	3.9049999713897705	1.034784197807312	1897840	3.9499453270548246	4.070611650012886	4.124260425871044	4.313118936309662	4.435006640948733	4.5543978996541155	5.055582912567628	5.392553207909983	5.520910090452461	37.35582305240753
2011-08-05	3.609999895095825	3.9000000953674316	3.609999895095825	3.734999895095825	0.9897358417510986	704380	3.878296849735158	4.022667113596163	4.087187994368642	4.2904476013601	4.416585410794709	4.538172196593555	5.042442783040546	5.38153956463547	5.511151018346688	32.17663253181391
2011-08-08	3.700000047683716	3.799999952316284	3.5399999618530273	3.575000047683716	0.9473375082015991	728770	3.7771979157180104	3.9587146756086704	4.038408189922459	4.262390834549262	4.394438427554946	4.5190994807735585	5.027841362788239	5.369535979805226	5.500570958397709	28.21208285679284
2011-08-09	3.5	3.569999933242798	3.450000047683716	3.5199999809265137	0.9327630400657654	526840	3.6914652707875115	3.8960411477969337	3.9890359795418924	4.2332774677405265	4.371426889485777	4.499315332261736	5.012837965953794	5.357246704065169	5.489748166171091	26.981400178747815
2011-08-10	3.75	3.75	3.515000104904175	3.5299999713897705	0.9354130625724792	520080	3.637643504321598	3.8437495511673387	3.9453182644797855	4.205697958079712	4.3492840758516715	4.4801209686801124	4.998083359042709	5.345105529761677	5.479039159642231	27.599803388953426
2011-08-11	3.5350000858306885	3.569999933242798	3.375	3.4200000762939453	0.9062641263008118	1579720	3.565095694979047	3.7832139118997112	3.8952879608430386	4.174886276441055	4.324829233758047	4.459128475761575	4.982381037821328	5.332314131399766	5.467787579951803	25.083285486918104
2011-08-12	3.640000104904175	3.640000104904175	3.1649999618530273	3.2200000286102295	0.8532662987709045	1096110	3.450063806189441	3.7027547857154994	3.830974824439914	4.137439756918277	4.2957547809909995	4.434591278788281	4.964844908376441	5.318278821746679	5.45550458786797	21.283496172038106
2011-08-16	3.309999942779541	3.359999895095825	3.109999895095825	3.180000066757202	0.8426668047904968	408210	3.3600425597120283	3.628075540150028	3.7689772284701317	4.099893102402157	4.266392814826952	4.409747888451031	4.947085258211075	5.304070989487613	5.443070136932938	20.61100224326424
2011-08-17	3.1500000953674316	3.255000114440918	2.950000047683716	3.0	0.7949685454368591	815060	3.240028373141352	3.5383504629857385	3.695741301949167	4.056760039562857	4.23306668812098	4.381832088679723	4.9277112755423085	5.288761547696998	5.429720026895054	17.87405590460821
2011-08-18	3.0	3.0999999046325684	2.6500000953674316	2.7049999237060547	0.7167966961860657	883610	3.0616855566629195	3.4193003859457836	3.6013849802117277	4.0037498389410215	4.192854404846903	4.348627491353512	4.905594744678266	5.271593696374799	5.41483084600331	14.480310923140655
2011-08-19	2.5850000381469727	2.799999952316284	2.494999885559082	2.5899999141693115	0.686322808265686	1435770	2.9044570091650503	3.300828889977716	3.5050625929695927	3.948308665420562	4.150674023513282	4.313803182894419	4.882554000096087	5.253775797489713	5.399394611403125	13.41128801106831
2011-08-22	2.700000047683716	2.700000047683716	2.5399999618530273	2.5950000286102295	0.687647819519043	1094950	2.8013046823134435	3.1999961954966465	3.4183899677925105	3.8952377384868235	4.109735234173728	4.279767476868989	4.859792269036527	5.236109513311112	5.384070050841415	13.709577858002572
2011-08-23	2.700000047683716	2.700000047683716	2.4200000762939453	2.609999895095825	0.6916226148605347	1261690	2.737536419907571	3.1157110097251004	3.3414004370594927	3.8448362544322747	4.07026851472431	4.246702772279422	4.837406275265972	5.218660279967488	5.36891119753133	14.659362638533988
2011-08-24	2.6050000190734863	2.7300000190734863	2.559999942779541	2.640000104904175	0.6995723247528076	734230	2.705024314906439	3.047752309036397	3.274600405425653	3.7975877779801923	4.032629872360622	4.214886877875951	4.815541537252422	5.201526325315904	5.353999115057957	16.63571432048416
2011-08-25	2.615000009536743	2.7200000286102295	2.4800000190734863	2.494999885559082	0.6611489057540894	1310670	2.6350161717906535	2.968787677111066	3.200352736866932	3.746505899846031	3.992165925339529	4.1808297097112606	4.792451570568906	5.183542760932138	5.338376168448673	14.84613555533916
2011-08-26	2.569999933242798	2.569999933242798	2.3499999046325684	2.4100000858306885	0.6386248469352722	503900	2.5600108098039986	2.8889608783567264	3.125081055815861	3.694093907139547	3.9505299821945594	4.1457637765651105	4.768745585646137	5.165113905948075	5.3223741133524	13.902028047933445
2011-08-29	2.4600000381469727	2.5	2.4200000762939453	2.4800000190734863	0.6571739315986633	397910	2.533340546227161	2.8305378984591205	3.0636447666023017	3.6464823821173487	3.911831825270321	4.112778355624682	4.745971997919046	5.1472726176631936	5.306842014476559	18.49863448990731
2011-08-30	2.5	2.5899999141693115	2.5	2.575000047683716	0.6823481917381287	522020	2.5472270467126794	2.7940324912054915	3.017107174324341	3.60446346704152	3.8766520416496206	4.082327300021891	4.724370286971431	5.130181105570307	5.291913916297363	24.397787975068393
2011-09-02	2.5999999046325684	2.734999895095825	2.549999952316284	2.674999952316284	0.7088469862937927	780910	2.5898180152472143	2.7770278427927475	2.9845255341330974	3.568013917444452	3.845029618246112	4.054459431750493	4.703978542347997	5.113867609535396	5.277613839991456	30.130656798117666
2011-09-05	2.6050000190734863	2.7300000190734863	2.6050000190734863	2.690000057220459	0.712821900844574	449020	2.623212029238296	2.7645953019967062	2.956475488712846	3.5335820013572365	3.814634103482279	4.0274404342350465	4.683938955431305	5.097762177294101	5.263473873965385	30.976161453931915
2011-09-06	2.6549999713897705	3.109999895095825	2.6549999713897705	3.049999952316284	0.8082181215286255	2535940	2.765474670264292	2.8053673948995033	2.965382580484602	3.514617999434062	3.7945121521358054	4.008085177167348	4.667680855897823	5.084155783772653	5.251378388054734	47.421138797035375
2011-09-07	3.0999999046325684	3.2899999618530273	2.9600000381469727	3.184999942779541	0.8439915776252747	1640200	2.905316427769375	2.8596006160252228	2.986298519750787	3.5016918011338847	3.778472357152746	3.991786459654718	4.652927811986198	5.071536808084991	5.240086702561427	52.03606755915053
2011-09-08	3.2799999713897705	3.444999933242798	3.240000009536743	3.2950000762939453	0.8731405138969421	2687090	3.0352109772775653	2.9218005389207544	3.0156986679929925	3.4935862432970244	3.7657494023933036	3.9779887094891584	4.639416093223091	5.059732577308971	5.229457813893299	55.46603023153905
2011-09-09	3.299999952316284	3.299999952316284	3.134999990463257	3.1549999713897705	0.8360419869422913	483550	3.075140641981634	2.9551147435591854	3.0289654587926855	3.4803083502810535	3.749677048945842	3.961691902794121	4.624645783553108	5.047076546704856	5.2181219786883615	50.5148004180037
2011-09-12	3.0999999046325684	3.1700000762939453	2.924999952316284	3.0	0.7949685454368591	658980	3.0500937613210892	2.96152692305073	3.0262068436695726	3.461472728701404	3.7299487055525304	3.9426484987783956	4.6084801538660125	5.0334747091852226	5.206001093558917	45.655567805114785
2011-09-13	2.9700000286102295	3.1500000953674316	2.9700000286102295	3.0199999809265137	0.8002684712409973	299120	3.040062501189564	2.9698802170329848	3.025615713884519	3.444160071925918	3.7112658443781616	3.9243782310981605	4.5926743810009425	5.020096139562241	5.194055732287701	46.372404159489086
2011-09-14	3.049999952316284	3.174999952316284	2.9749999046325684	3.0399999618530273	0.8055680990219116	470950	3.040041654744052	2.979897323435848	3.0269856422624724	3.4283106558446286	3.6936009527327633	3.9068657901230095	4.5772248842930034	5.006939354328293	5.182284935727949	47.12352897949507
2011-09-15	3.140000104904175	3.140000104904175	3.0199999809265137	3.0299999713897705	0.8029181957244873	136950	3.0366944269592913	2.9870548445721226	3.0272727212269768	3.4126906290032615	3.676137769013211	3.8895021105441336	4.561829611527797	4.993803544474881	5.170523815704243	46.77079022215051
2011-09-16	2.9000000953674316	3.180000066757202	2.9000000953674316	3.005000114440918	0.7962936162948608	68250	3.0261296561198336	2.989618454553379	3.0251515205806854	3.396702765687091	3.6584762517876244	3.8719872195321887	4.546338770760763	4.980588903743758	5.1586903528558095	45.846842443301874
2011-09-19	3.0899999141693115	3.0899999141693115	2.940000057220459	3.0	0.7949685454368591	106590	3.0174197707465558	2.991101532474325	3.0227561376682393	3.381145794483676	3.6411479293721607	3.854720145878086	4.530952315330308	4.9674288445826695	5.146894230709057	45.652590555140925
2011-09-20	3.0299999713897705	3.0299999713897705	2.9100000858306885	2.990000009536743	0.7923187017440796	171540	3.008279850343285	2.9909441720546703	3.0196365064176205	3.3658067440936	3.6240124577975443	3.837596974861426	4.515619456566193	4.954289782555787	5.135107923489536	45.23975189697772
2011-09-21	3.140000104904175	3.140000104904175	2.950000047683716	2.9749999046325684	0.7883438467979431	257940	2.9971865351063793	2.988666419565799	3.0153854014857107	3.3504809856833635	3.6069331800826765	3.820515844757884	4.500289908785759	4.941138354795499	5.123304054534033	44.588399214657585
2011-09-22	3.0	3.0	2.859999895095825	2.9100000858306885	0.7711195945739746	229440	2.968124385347816	2.9774283718893546	3.0053487047566607	3.333207224904827	3.588592835497098	3.8024858297296227	4.484466129452873	4.92764241945354	5.111209497328004	41.78116244747156
2011-09-23	2.8499999046325684	2.950000047683716	2.765000104904175	2.890000104904175	0.7658197283744812	85870	2.942082958533269	2.9649386194629	2.994363123818329	3.3158265535322524	3.570208816270968	3.7844168054756535	4.468600795875274	4.91410326786185	5.099071741085251	40.92732992355369
2011-09-26	2.8350000381469727	2.9000000953674316	2.75	2.880000114440918	0.7631698846817017	75830	2.9213886771691517	2.952804547316903	2.9834714086395278	3.29873532062671	3.5520454293807036	3.766507564069025	4.452793823920703	4.9005876322909465	5.0869456666227135	40.48187122728747
2011-09-27	2.9649999141693115	2.9700000286102295	2.825000047683716	2.869999885559082	0.7605200409889221	105430	2.904259079965795	2.9409753099229285	2.9726645969175807	3.2819221663103324	3.5340968624380293	3.7487549367717987	4.437044630504169	4.887095354904024	5.074831208802694	40.012854211979686
2011-09-28	2.984999895095825	2.984999895095825	2.825000047683716	2.825000047683716	0.7485954761505127	171990	2.8778394025384353	2.9244074153173267	2.9586013065143555	3.2640036518543867	3.515436419944495	3.7304627607502527	4.42100438589899	4.873393724955716	5.062537049452317	37.88574613460741
2011-09-29	2.950000047683716	2.950000047683716	2.734999895095825	2.799999952316284	0.7419707775115967	60600	2.8518929191310516	2.906634920602892	2.9434964156383487	3.2458074283430887	3.496609144480595	3.7120377546426493	4.404874988549908	4.85961702214748	5.050173458757584	36.71790617207244
2011-09-30	2.9000000953674316	2.9000000953674316	2.7249999046325684	2.740000009536743	0.7260712385177612	101430	2.8145952825996154	2.882829933307728	2.9241158055334338	3.2259718432918594	3.4766983777715463	3.6927894824623344	4.388309068360722	4.845533188176645	5.037549560127962	34.00841504019381
2011-10-03	2.734999895095825	2.7850000858306885	2.630000114440918	2.7200000286102295	0.7207714915275574	71900	2.78306353126982	2.8595685183509425	2.904676207731224	3.20612981134356	3.4567852633199325	3.6735263249603127	4.371708978412956	4.831410044259259	5.024885355037701	33.13079779462591
2011-10-04	2.684999942779541	2.7200000286102295	2.619999885559082	2.6600000858306885	0.7048720717430115	52630	2.7420423827901095	2.8310587422766207	2.881373719931173	3.1847129593626633	3.4358172323333735	3.6534564984428943	4.354677049133531	4.8169820711135545	5.011962484714165	30.58115912552569
2011-10-05	2.609999895095825	2.7850000858306885	2.5950000286102295	2.634999990463257	0.6982474327087402	798960	2.706361585347825	2.8030503491604257	2.8579095552199427	3.1631555880332747	3.414743094389423	3.633289042839337	4.337565834619399	4.802483851308569	4.998973618625363	29.560378890853112
2011-10-07	2.700000047683716	2.7300000190734863	2.634999990463257	2.7200000286102295	0.7207714915275574	58730	2.7109077331019598	2.791186017653255	2.8447753145904464	3.1457769386441354	3.396460382132076	3.6152041118645033	4.321470652470054	4.78864674949662	4.986520211029652	37.23186767822477
2011-10-10	2.8550000190734863	2.8550000190734863	2.640000104904175	2.6700000762939453	0.7075221538543701	691920	2.6972718474992883	2.7738737403162106	2.8281300538003036	3.12711902247354	3.3773430056626514	3.596487200269047	4.305038109423525	4.774569362963712	4.973861631058418	34.82895369771738
2011-10-11	2.7950000762939453	2.7950000762939453	2.684999942779541	2.694999933242798	0.7141468524932861	534070	2.6965145427471247	2.7626060535914374	2.8154509946995887	3.11017317583704	3.3593866090200235	3.5786359672586263	4.289017829063518	4.760751625889155	4.961408834895491	37.01769566244618
2011-10-12	2.7899999618530273	2.825000047683716	2.6500000953674316	2.7850000858306885	0.7379958033561707	371870	2.7260097237749794	2.7658052010541874	2.8125509081406457	3.097421289954438	3.3442711741992515	3.562920405250152	4.274052478384584	4.7476237086794635	4.94951589091153	44.273595806913725
2011-10-13	2.875	2.875	2.734999895095825	2.75	0.7287213206291199	266880	2.734006482516653	2.7635473151893035	2.8065936787939174	3.083796925642499	3.328632459088745	3.5468229714828223	4.258887777107125	4.734350461445713	4.937496678392888	42.235784966100674
2011-10-14	2.7750000953674316	2.7899999618530273	2.700000047683716	2.7149999141693115	0.7194464802742004	185250	2.7276709597342057	2.7566119721864477	2.7978704631153835	3.0693342977415896	3.312484234222444	3.530351227773644	4.2435257088191864	4.7209328498359024	4.925351887331557	40.24110312836054
2011-10-17	2.7200000286102295	2.8550000190734863	2.7200000286102295	2.8550000190734863	0.7565452456474304	635310	2.7701139795139658	2.7706674074560245	2.8033113732066313	3.060929031911468	3.3004451759290503	3.5169779365122547	4.229709532801817	4.708534625046783	4.914038489144354	50.34328115583998
2011-10-18	2.8399999141693115	2.875	2.805000066757202	2.8499999046325684	0.7552201747894287	118100	2.7967426212201665	2.782000621338388	2.8077579000091015	3.0526573014299423	3.2885913530001956	3.5037704507324587	4.215981078790183	4.6961855571370545	4.902759589775437	50.01806240565283
2011-10-19	2.799999952316284	2.950000047683716	2.7850000858306885	2.934999942779541	0.7777443528175354	165820	2.8428283950732913	2.8038576672585527	2.8198761897967626	3.048043287365221	3.279286315889126	3.4925076683967573	4.203234997834853	4.684483327141324	4.892006804819175	55.30404947165935
2011-10-20	2.8350000381469727	3.0850000381469727	2.8350000381469727	3.065000057220459	0.8121928572654724	368580	2.9168856157890137	2.8411637229673965	2.843221320027591	3.048708258732093	3.2736472038188977	3.4840421711457417	4.19190927703272	4.673722640962448	4.882023161389674	61.93464049576598
2011-10-21	2.934999942779541	3.2200000286102295	2.934999942779541	3.184999942779541	0.8439915776252747	564570	3.0062570581191896	2.89028318294056	2.875771665051586	3.0540530306555222	3.2713143811599674	3.4781205428612623	4.1818902786819425	4.663830795791798	4.872749810468307	66.82672738558728
2011-10-24	3.200000047683716	3.319999933242798	3.119999885559082	3.1649999618530273	0.8386918306350708	234220	3.0591713593638024	2.9295284370709127	2.903317217127914	3.058403890702483	3.268516633283469	3.4719201353165445	4.171771967071704	4.653871786928417	4.863417844082432	65.31996895903559
2011-10-25	3.0250000953674316	3.1549999713897705	3.015000104904175	3.130000114440918	0.8294172286987305	154910	3.0827809443895076	2.9581672481237704	2.924906064491057	3.061211585751049	3.264871461734981	3.4651494418338586	4.161406077990801	4.643746393755743	4.853945616051604	62.65748119422517
2011-10-28	3.299999952316284	3.299999952316284	3.0999999046325684	3.2300000190734863	0.8559162020683289	202970	3.131853969284167	2.997000501116587	2.9539626315941456	3.0678307399989877	3.263953792191258	3.4604930176207818	4.152138356011524	4.634352730136592	4.845071596395986	66.81897767733275
2011-10-31	3.200000047683716	3.299999952316284	3.109999895095825	3.255000114440918	0.8625409603118896	97330	3.1729026843364174	3.033857588734348	2.982632868055743	3.0751707154672987	3.2637181690925647	3.4564238512211807	4.14321160733918	4.625187596477485	4.836382681194046	67.78552634472106
2011-11-01	3.2300000190734863	3.25	3.1500000953674316	3.200000047683716	0.8479666113853455	138330	3.181935138785517	3.057592225727115	3.003334504210788	3.0800659833973545	3.2620413764239107	3.4513461521412307	4.133826417690867	4.6157179117678915	4.827440699590164	63.40936239148453
2011-11-02	3.180000066757202	3.180000066757202	3.0799999237060547	3.109999895095825	0.8241173624992371	110380	3.1579567242222866	3.0650790356369306	3.013493112866506	3.081239862287491	3.2580402848100136	3.4445868203185492	4.123639089107831	4.605713140892994	4.818055777161233	56.932273579905
2011-11-03	3.0850000381469727	3.1649999618530273	3.0450000762939453	3.055000066757202	0.8095430135726929	67040	3.1236378384005916	3.0636391829398266	3.0174461560941914	3.0802108506980677	3.252697121177045	3.4368722311391164	4.11300586500484	4.59540939953661	4.808421592951375	53.34609531523788
2011-11-04	3.075000047683716	3.125	3.0250000953674316	3.0399999618530273	0.8055680990219116	113550	3.0957585462180703	3.060262151355998	3.019594137595033	3.0786339530963014	3.247099827510623	3.42901337432157	4.102329189351588	4.585074453106819	4.79875808677051	52.377076420337175
2011-11-08	3.059999942779541	3.184999942779541	2.950000047683716	3.065000057220459	0.8121928572654724	232370	3.0855057165521997	3.0609389950509214	3.0239185108926923	3.078099290512935	3.242307728292461	3.4218051898245183	4.09200750644481	4.574974291007907	4.78928399917734	53.88071757113679
2011-11-09	3.119999885559082	3.200000047683716	3.0299999713897705	3.0450000762939453	0.8068931698799133	235330	3.072003836466115	3.0586620066570678	3.025926279026145	3.07680128211219	3.237115421660921	3.4143437024278733	4.0815895220652	4.5648083493819005	4.779752393041365	52.45386774768477
2011-11-11	2.9800000190734863	3.0999999046325684	2.924999952316284	2.994999885559082	0.7936435341835022	143540	3.0463358528304374	3.049567417928784	3.022980908219758	3.073593384208147	3.2307439601845567	3.4060398644700753	4.070777684886035	4.554377728359822	4.769999647098839	48.96295286867146
2011-11-14	2.865000009536743	3.125	2.8450000286102295	2.8550000190734863	0.7565452456474304	213710	2.9825572415781205	3.02177207523517	3.0069827283010655	3.0650210953793366	3.2208559617342654	3.3951281843632124	4.0586803946789445	4.543086182118716	4.7595351682571705	40.7793792004302
2011-11-15	2.8499999046325684	2.8499999046325684	2.740000009536743	2.740000009536743	0.7260712385177612	138840	2.9017048308976614	2.9815189229925374	2.9815558027044635	3.052275170444333	3.208201857729067	3.382155349218134	4.045559196816833	4.531105543098238	4.748499457007332	35.526654438514115
2011-11-16	2.799999952316284	2.799999952316284	2.6050000190734863	2.674999952316284	0.7088469862937927	177150	2.8261365380372023	2.9377304986102155	2.952360007429399	3.0374800638510764	3.194170228639257	3.368152272051761	4.031921791398917	4.518772615584736	4.737168858621042	32.94369884476115
2011-11-17	2.700000047683716	2.700000047683716	2.549999952316284	2.5950000286102295	0.687647819519043	196330	2.749091034894878	2.888769002895932	2.9183257237323352	3.0201279056063375	3.178402591796388	3.3528423266370773	4.017624062415945	4.505990073478594	4.72546301801989	30.048089256752377
2011-11-18	2.690000057220459	2.7200000286102295	2.515000104904175	2.609999895095825	0.6916226148605347	540620	2.7027273216285272	2.848944844638774	2.8889613591002865	3.0040444542137683	3.163444626093742	3.3381325755174487	4.003617851795844	4.493392132093991	4.713903110244349	31.267947772190848
2011-11-21	2.734999895095825	2.734999895095825	2.4800000190734863	2.5250000953674316	0.6690986156463623	519650	2.6434849128748286	2.8026670233142963	2.8542983816019194	2.9852584009256766	3.1466434542325232	3.3220309422471512	3.988905237304019	4.480313115238665	4.701941891583819	28.260457313452065
2011-11-22	2.549999952316284	2.6549999713897705	2.505000114440918	2.6500000953674316	0.7022223472595215	307590	2.645656640372363	2.78085746217903	2.8348414019605395	2.972111016393981	3.133573892157126	3.3087234007247806	3.975582798080769	4.468151566933872	4.690729094883183	37.74385378999324
2011-11-23	2.734999895095825	2.734999895095825	2.5999999046325684	2.6500000953674316	0.7022223472595215	214420	2.6471044587040526	2.7621635526345156	2.8172374679992913	2.9594792155694103	3.1208482659258183	3.29567937487612	3.9623929204418307	4.456070826259012	4.679577570295666	37.74385378999324
2011-11-24	2.700000047683716	2.700000047683716	2.5850000381469727	2.5999999046325684	0.6889727711677551	183220	2.6314029406802244	2.738997317205666	2.7965481762500795	2.945381987689534	3.107141730102312	3.2819035437821884	3.9488367710307934	4.4437381291053475	4.668213757914994	35.56296140051791
2011-11-25	2.5999999046325684	2.7300000190734863	2.5999999046325684	2.7249999046325684	0.7220964431762695	361860	2.662601928664339	2.7369976868380808	2.78973405514365	2.9367395530598492	3.0970853662741606	3.2708757489475424	3.9366592897731	4.432317941567322	4.657595102979024	44.23761898172528
2011-11-28	2.700000047683716	2.7249999046325684	2.674999952316284	2.700000047683716	0.7154716849327087	173570	2.6750679683374647	2.7317123098160287	2.7811879591950848	2.9274556508882363	3.0866357526270436	3.2595712796155856	3.9243542226876333	4.420807523667763	4.6468978622397055	42.991075947373055
2011-11-29	2.700000047683716	2.7249999046325684	2.6649999618530273	2.700000047683716	0.7154716849327087	1541060	2.6833786614528816	2.7271819866542697	2.773455777146383	2.9185358233115886	3.0764611288127455	3.248490661161489	3.912171594080629	4.409373586950261	4.636259076367815	42.991075947373055
2011-11-30	2.700000047683716	2.700000047683716	2.6500000953674316	2.690000057220459	0.712821900844574	176190	2.6855857933754073	2.7218702824494394	2.7655076133439143	2.909573636406054	3.0662911006129483	3.2374314412814686	3.9000106832661	4.397949178114847	4.6256237811812175	42.436341800074615
2011-12-01	2.700000047683716	2.700000047683716	2.640000104904175	2.6600000858306885	0.7048720717430115	158290	2.677057224193834	2.713031682932475	2.7554592773902735	2.899786438344275	3.055599231802889	3.2259971570151165	3.88767226936127	4.38640134361462	4.61488266809187	40.73804831808634
2011-12-02	2.700000047683716	2.700000047683716	2.6500000953674316	2.690000057220459	0.712821900844574	309070	2.681371501869376	2.7097414506879014	2.749225065945529	2.8915595214374585	3.045978200892825	3.2153833530587868	3.875755132922058	4.375129574269808	4.604364183879459	43.18660536551777
2011-12-05	2.5999999046325684	2.700000047683716	2.5999999046325684	2.6449999809265137	0.7008972764015198	190530	2.6692476615550884	2.7004926692934172	2.7392988673722893	2.881890519848794	3.0354261424726587	3.204088632818544	3.8635088130017046	4.363633696573174	4.593657275666601	40.484512424526784
2011-12-07	2.6500000953674316	2.700000047683716	2.634999990463257	2.6700000762939453	0.7075221538543701	191370	2.6694984664680406	2.696136584579207	2.732698982507685	2.8735810906897803	3.0258096670469032	3.193512621798255	3.8516331041787417	4.3523803170364355	4.583145487691887	42.63201602949353
2011-12-08	2.740000009536743	2.740000009536743	2.549999952316284	2.5950000286102295	0.687647819519043	126690	2.64466565384877	2.6816885051550674	2.7195847964222133	2.8626563431572487	3.01447257129857	3.18166088727968	3.8391292924815428	4.340703371598387	4.572281304855375	38.18103117388932
2011-12-09	2.5950000286102295	2.684999942779541	2.5250000953674316	2.5950000286102295	0.687647819519043	222760	2.628110445435923	2.6693044370772334	2.7077195804401195	2.852160017096581	3.0034338201751924	3.170043840573354	3.8267498968211315	4.329104013837669	4.5614764891381885	38.181031173889316
2011-12-12	2.5950000286102295	2.5999999046325684	2.4800000190734863	2.490000009536743	0.6598238945007324	116250	2.58207363346953	2.643689518857163	2.6869843832112266	2.8379576638589405	2.9899224041057595	3.156577626097382	3.8134489029178043	4.316884053676201	4.550156945533809	32.646791571143076
2011-12-13	2.490000009536743	2.5999999046325684	2.380000114440918	2.5799999237060547	0.6836729645729065	155350	2.581382396881705	2.6345910052641477	2.6767953870678767	2.8278416740490235	2.9791349704110304	3.145160245852009	3.801175778746543	4.305343295337529	4.53939106016863	40.595023535275566
2011-12-14	2.5799999237060547	2.5799999237060547	2.4549999237060547	2.4549999237060547	0.6505493521690369	607160	2.539254905823155	2.6089351364701345	2.655672009604846	2.8132204289375347	2.9653419428661625	3.131493704819416	3.7877809941192746	4.293048654994463	4.528000944668835	34.50466737125046
2011-12-15	2.450000047683716	2.4549999237060547	2.3350000381469727	2.3350000381469727	0.6187506318092346	273790	2.471169949931094	2.5698015509953973	2.6251318218469533	2.7944666881222187	2.9487539980051314	3.11572155300412	3.7733254622190526	4.280038365181523	4.516017333157786	29.87145901413205
2011-12-16	2.3350000381469727	2.444999933242798	2.2799999713897705	2.3350000381469727	0.6187506318092346	199620	2.425779979336387	2.536258477731337	2.597500223399336	2.7764483881231894	2.932602578008864	3.100261721026751	3.7590137664571412	4.267114522476974	4.504099205862645	29.87145901413205
2011-12-19	2.3350000381469727	2.3499999046325684	2.2200000286102295	2.244999885559082	0.5949015021324158	144900	2.3655199480772855	2.494650107421015	2.5639287626526452	2.7556072703755774	2.914507770312817	3.083325843096698	3.7439489517218374	4.2536785448230345	4.491754400833664	26.74741217467434
2011-12-20	2.244999885559082	2.3550000190734863	2.2100000381469727	2.305000066757202	0.6108009815216064	1087390	2.3453466543039245	2.4675572444690417	2.5392688868530793	2.737936399645445	2.8984680939034586	3.067913451486015	3.7296310523689553	4.240730515068444	4.479804923598274	31.863466370283987
2011-12-21	2.375	2.375	2.2100000381469727	2.2750000953674316	0.6028512716293335	2283750	2.3218978013250937	2.440049080311669	2.514100430521113	2.7197820347717974	2.882061041310405	3.0522121969094096	3.7151571124982934	4.227669183376078	4.467756809782805	30.708616890768177
2011-12-22	2.259999990463257	2.384999990463257	2.259999990463257	2.365000009536743	0.6267001628875732	176130	2.33626520406231	2.4293277844866794	2.4999003904273636	2.7058690141743442	2.8684541720532035	3.0386040347832184	3.70172271346385	4.21529264401502	4.4562663354645204	37.9718072801482
2011-12-23	2.325000047683716	2.4749999046325684	2.259999990463257	2.434999942779541	0.6452494859695435	130470	2.3691767836347206	2.430138092814231	2.4937193954132852	2.6952466976490577	2.85704748180916	3.0266514785059178	3.6891185067903742	4.203463456631395	4.445221163919793	42.978246843711645
2011-12-26	2.434999942779541	2.555000066757202	2.4100000858306885	2.549999952316284	0.6757233142852783	234530	2.429451173195242	2.4472612156002387	2.499079448451666	2.689550746851694	2.8489672836646105	3.0172128344229545	3.6777839938105323	4.192476988164185	4.434864763856386	50.103422016528285
2011-12-27	2.6449999809265137	2.674999952316284	2.5	2.515000104904175	0.666448712348938	224760	2.4579674837648864	2.4569381997865154	2.500595701447143	2.6827056236380655	2.8401786736972308	3.00726802789783	3.6662140048661906	4.181330962361793	4.424373700146265	48.132164638737436
2011-12-28	2.549999952316284	2.5850000381469727	2.4600000381469727	2.5	0.6624737977981567	83820	2.471978322509924	2.463089885531299	2.5005389679759866	2.6755406972208866	2.8312266033367774	2.997223116454309	3.6546098854147857	4.170159328060386	4.413857996866777	47.27372726539335
2011-12-29	2.549999952316284	2.549999952316284	2.444999933242798	2.5	0.6624737977981567	50100	2.4813188816732827	2.4683627590268276	2.5004876376925593	2.6686567483102634	2.8225101137752833	2.9873771141482828	3.643121229838519	4.1590619238872275	4.40339975644674	47.27372726539335
2011-12-30	2.4000000953674316	2.5899999141693115	2.380000114440918	2.4700000286102295	0.6545242667198181	119940	2.477545930652265	2.4685966546815994	2.4975840558751945	2.6608662887141836	2.8132335325867293	2.977132023345549	3.6314483820651033	4.147838921260802	4.392834730611568	45.39577491596124
2012-01-02	2.4049999713897705	2.5899999141693115	2.4049999713897705	2.494999885559082	0.6611489057540894	468180	2.483363915621204	2.472368544806954	2.497337944416517	2.6543617238845716	2.804858962928107	2.9675848523002726	3.6201404368262375	4.136856602086704	4.382464048398167	47.27543406347544
2012-01-03	2.615000009536743	2.615000009536743	2.4000000953674316	2.5799999237060547	0.6836729645729065	4436520	2.5155759183161543	2.487744456078254	2.5052105138726635	2.6514455748579633	2.7989416197906847	2.959909903219199	3.6097907799792703	4.126512039439657	4.372614517662145	53.17713403861425
2012-01-04	2.5	2.694999933242798	2.5	2.6600000858306885	0.7048720717430115	139220	2.5637173074876656	2.5123524031857447	2.5199523778686657	2.6517810458765014	2.7952852636338426	2.9539710949540803	3.60034012630615	4.116767773967172	4.363255968854323	57.94809851244751
2012-01-05	2.684999942779541	2.7899999618530273	2.634999990463257	2.7899999618530273	0.7393207550048828	292690	2.639144858942786	2.5520163401382137	2.5456711953909856	2.6572013955226397	2.7951461767448738	2.9507241418233665	3.5922770400926862	4.107952040996314	4.35465894149366	64.31179737740116
2012-01-06	2.7899999618530273	3.0450000762939453	2.7899999618530273	3.005000114440918	0.7962936162948608	714620	2.7610966107754966	2.616728307895743	2.5894168067290746	2.670840560970415	2.8006686487895065	2.9517989135583673	3.5864334885936637	4.10062345676671	4.347283756646377	71.88861369063225
2012-01-09	3.0350000858306885	3.134999990463257	2.9100000858306885	3.0450000762939453	0.8068931698799133	583240	2.855731099281646	2.677909989095486	2.6328056895447767	2.685513483139965	2.8070984231975182	2.9536444811372897	3.581046091456353	4.0936093479263596	4.340167452382156	73.0356002582638
2012-01-10	2.9600000381469727	3.25	2.9600000381469727	3.184999942779541	0.8439915776252747	408630	2.965487380447611	2.750351411050351	2.685395618424278	2.7051011874395563	2.8170432000286243	2.958225777407433	3.5771053337580763	4.087572076131364	4.3338550616193	76.62972121978007
2012-01-11	3.244999885559082	3.424999952316284	3.244999885559082	3.384999990463257	0.896989643573761	878430	3.105324917119493	2.841015493823623	2.7520246062375144	2.7317638855973483	2.8319894313558516	2.9666767519233903	3.575193837804894	4.082903823070446	4.3286700612304685	80.60660528367379
2012-01-12	3.4000000953674316	3.7200000286102295	3.2300000190734863	3.569999933242798	0.9460127353668213	2024630	3.2602165891605948	2.9451561280263623	2.829927018333256	2.7646358874657975	2.8514107603528767	2.9786237456128837	3.575142157162485	4.079495823802489	4.324524322826164	83.41755889788243
2012-01-13	3.619999885559082	3.8399999141693115	3.615000009536743	3.805000066757202	1.0082852840423584	1477650	3.4418110816927974	3.0679909764164823	2.9227911181831554	2.805434482732127	2.8765052157845696	2.994987633160296	3.577429300541537	4.077671931729099	4.321685392465132	86.16147507871024
2012-01-16	3.6500000953674316	3.7899999618530273	3.5299999713897705	3.7149999141693115	0.9844359755516052	456340	3.5328740258516356	3.1604208246668866	2.998239574943742	2.841103715337507	2.898570865742063	3.0092453020911676	3.578798162368679	4.075262150881525	4.318370171272258	80.65690090231989
2012-01-17	3.700000047683716	3.990000009536743	3.700000047683716	3.700000047683716	0.9804611802101135	2401620	3.5885826997956625	3.237503570812148	3.0650739056808822	2.874785924449123	2.9196611073721064	3.0229236138850792	3.580004151277286	4.072768714979879	4.31499109955866	79.7425153307823
2012-01-18	3.6500000953674316	3.7699999809265137	3.365000009536743	3.5	0.9274633526802063	1157840	3.5590551331971083	3.2750030606961267	3.1064954384731793	2.899304123490334	2.934933183493893	3.0323706710358698	3.579208090070547	4.068962942787321	4.3105375962823835	68.57888067702241
2012-01-19	3.434999942779541	3.5799999237060547	3.359999895095825	3.3949999809265137	0.8996394872665405	163100	3.5043700824402433	3.2921454778718964	3.133972061563973	2.918743176723125	2.947040204478962	3.039551449449546	3.5773751735616512	4.064484783572299	4.305534658493554	63.54888532297953
2012-01-20	3.25	3.565000057220459	3.25	3.549999952316284	0.9407127499580383	213090	3.5195800390655902	3.3289818313639516	3.1735937654451454	2.9434983443934453	2.9629075662641546	3.0496593405954218	3.577102783300503	4.061066279710133	4.301406053541765	67.35530547491379
2012-01-23	3.559999942779541	3.7249999046325684	3.559999942779541	3.7249999046325684	0.9870860576629639	985020	3.5880533275879163	3.385555841830897	3.2261086358439477	2.9741454644028225	2.9829626278001653	3.063032421071405	3.578574396448086	4.058833280540182	4.2982562931652115	71.03318614675445
2012-01-24	3.6649999618530273	3.9100000858306885	3.6649999618530273	3.9100000858306885	1.0361089706420898	461400	3.6953689136688403	3.4604764481165815	3.291241154890304	3.0108456456352877	3.0073583503799157	3.0798040579973316	3.5818721645016445	4.057844355658392	4.296134674545897	74.32620355025963
2012-01-25	4.025000095367432	4.099999904632568	3.9000000953674316	4.09499979019165	1.085132122039795	873620	3.8285792058431105	3.551122639841591	3.367789596347575	3.0533614944414196	3.0359804935328563	3.0999069437833575	3.586977912020948	4.058091235622068	4.2950355768171855	77.12653145278612
2012-01-27	4.199999809265137	4.300000190734863	3.890000104904175	4.295000076293945	1.1381300687789917	1333890	3.984052829326722	3.65739084504907	3.4560953563424675	3.1020532035336754	3.069112587816043	3.1235721543281216	3.594022908680381	4.059665380742811	4.295035382825255	79.70389541707357
2012-01-30	4.110000133514404	4.235000133514404	4.079999923706055	4.175000190734863	1.1063313484191895	268340	4.047701949796102	3.731335037289898	3.5245624834274576	3.144129555972938	3.098214893156012	3.144392511484691	3.599803777158535	4.06043172499525	4.294379452813833	74.29465604404079
2012-01-31	4.010000228881836	4.239999771118164	3.9700000286102295	4.204999923706055	1.1142809391021729	339030	4.100134607766086	3.799001449635063	3.589366049168276	3.1857323154918835	3.127340815012592	3.165394638459371	3.605825629362988	4.061392311033195	4.293891040086468	74.7559074024446
2012-02-01	4.25	4.25	4.099999904632568	4.204999923706055	1.1142809391021729	78070	4.135089713079409	3.8570012316452047	3.6479978467433027	3.2257035942453802	3.155700265241367	3.1859808817315827	3.6117875626400333	4.0623465144396596	4.293405296281111	74.7559074024446
2012-02-02	4.239999771118164	4.239999771118164	4.099999904632568	4.164999961853027	1.1036813259124756	149260	4.145059796003948	3.901001050246322	3.6972361434204193	3.2625387459162685	3.182260783573253	3.205367398169631	3.6172921636272273	4.063028597146725	4.292703627786969	72.73761154053875
2012-02-03	4.369999885559082	4.369999885559082	4.295000076293945	4.369999885559082	1.1580044031143188	2368260	4.220039825855659	3.9680008838624308	3.7613088807669586	3.305968594529712	3.2135170757307745	3.2284294276228875	3.6247817927011763	4.065068273481691	4.29312601170922	76.27316868243591
2012-02-06	4.320000171661377	4.449999809265137	4.300000190734863	4.335000038146973	1.148729681968689	606510	4.258359896619431	4.020429334474509	3.8159461338507694	3.3463227687892125	3.243029785268043	3.2503417169401962	3.6318486409145674	4.066861840024317	4.29335483152582	74.4968175614721
2012-02-07	4.289999961853027	4.349999904632568	4.139999866485596	4.300000190734863	1.1394550800323486	664630	4.272239994657908	4.060368028225988	3.8620465202206833	3.3837218833753164	3.2708447959382223	3.271127033252962	3.6384969150421327	4.068410932055617	4.29339114496412	72.67409184032797
2012-02-08	4.34499979019165	4.364999771118164	4.125	4.170000076293945	1.1050063371658325	256730	4.238160021869921	4.076029749378553	3.8913754303228987	3.414556322313302	3.294506777000215	3.2889264994517933	3.643785503711305	4.069085942980788	4.292716876829311	66.19558538609613
2012-02-09	4.125	4.375	4.125	4.369999885559082	1.1580044031143188	462050	4.282106643099641	4.118025483118629	3.936958711773964	3.4520246973425484	3.322809227225448	3.310333893236096	3.651011517461034	4.071085371170677	4.293139188352424	70.54582060661797
2012-02-10	4.385000228881836	4.510000228881836	4.304999828338623	4.400000095367432	1.1659539937973022	1459150	4.3214044605222375	4.1583075705827435	3.981057891163818	3.489200203147446	3.3511563553344477	3.331911441793152	3.6584641401267692	4.073270851065672	4.29372312773502	71.14565306621223
2012-02-13	4.389999866485596	4.494999885559082	4.25	4.289999961853027	1.1368051767349243	53050	4.310936294299167	4.177120769335641	4.010480945515171	3.520604115253547	3.375862766032305	3.350883491695328	3.664748078651409	4.074710911602465	4.293702782566266	65.85030591691638
2012-02-14	4.224999904632568	4.34499979019165	4.159999847412109	4.175000190734863	1.1063313484191895	322540	4.2656242597777325	4.17681782953553	4.026149445059904	3.546266706448893	3.3968926982613197	3.3672026342505665	3.669825214095025	4.075377285550188	4.293054134523471	60.75882760004132
2012-02-15	4.179999828338623	4.239999771118164	4.019999980926514	4.074999809265137	1.0798320770263672	170910	4.202082776273534	4.162272398068331	4.030801860698498	3.567001337931883	3.4147376222351045	3.3812184198944193	3.673856802106668	4.075374777402115	4.291862580833535	56.656545194683886
2012-02-16	4.059999942779541	4.079999923706055	3.9000000953674316	4.019999980926514	1.0652579069137573	106100	4.141388511157861	4.141947767048071	4.029773110244023	3.584765990598339	3.430665579042773	3.393867559716837	3.677301012841194	4.075006838555101	4.290376992855901	54.477927111103085
2012-02-17	4.019999980926514	4.079999923706055	3.819999933242798	3.859999895095825	1.0228596925735474	276230	4.047592305803849	4.101669499626322	4.013604232610861	3.5955594770492207	3.4419638505178534	3.4030979029916684	3.6791189121671106	4.073578220990588	4.288025205436447	48.620655176962316
2012-02-21	3.880000114440918	3.9749999046325684	3.7899999618530273	3.890000104904175	1.0308094024658203	263940	3.995061572170624	4.0714310146660155	4.00183241092451	3.6071061683376504	3.453754278264862	3.412739530752312	3.6812172324928527	4.072358432843834	4.28585020488709	49.71240821986283
2012-02-22	3.950000047683716	3.9700000286102295	3.740000009536743	3.7950000762939453	1.005635142326355	149620	3.928374406878398	4.031940880612862	3.9821340933406466	3.614474556884956	3.4627344308445744	3.420309046505612	3.6823494000928636	4.070515520175729	4.283167963747237	46.3534684761608
2012-02-23	3.9649999141693115	3.9649999141693115	3.609999895095825	3.7100000381469727	0.9831113219261169	345670	3.8555829506345893	3.985949331689164	3.9562165642745826	3.618220654189349	3.469241420510427	3.4260455017856386	3.68262453081977	4.068120068467897	4.280035898580023	43.5200736260745
2012-02-24	3.5299999713897705	3.799999952316284	3.5299999713897705	3.75	0.9937106370925903	39110	3.820388633756393	3.952242284304998	3.936576891486527	3.6233884716721194	3.4766298041812056	3.432460442344339	3.68329493349818	4.066006313860137	4.27713952754953	45.21712437145652
2012-02-27	3.799999952316284	3.799999952316284	3.565000057220459	3.569999933242798	0.9460127353668213	201770	3.7369257335851946	3.897636234153255	3.901664800225219	3.6212948034984205	3.4790869128407214	3.4351839966195556	3.682167620062803	4.062710590400886	4.273275376760969	39.469826612191646
2012-02-28	3.734999895095825	3.744999885559082	3.5999999046325684	3.744999885559082	0.9923858642578125	285000	3.7396171175764903	3.8758310414969444	3.8867443321617774	3.6261459831870737	3.4860846226490994	3.441318964717368	3.6827928167344077	4.060599555817219	4.2703886254429255	46.57905219497026
2012-02-29	3.799999952316284	3.799999952316284	3.6500000953674316	3.684999942779541	0.9764865040779114	24910	3.721411392644174	3.8485694559658867	3.8675305807920406	3.6284539816024646	3.4913192363367425	3.4461443306195894	3.682814778187593	4.058103877325274	4.26718978018247	44.64306718069728
2012-03-01	3.684999942779541	3.734999895095825	3.6050000190734863	3.634999990463257	0.9632368683815002	162580	3.6926075919172017	3.818059532322654	3.8453848102845374	3.6287106878322994	3.4951003088137558	3.4498840466560976	3.68233900915551	4.055292555817885	4.263735191167611	43.037737576853594
2012-03-02	3.809999942779541	3.809999942779541	3.4800000190734863	3.700000047683716	0.9804611802101135	51990	3.695071743839373	3.8011938916599486	3.8315386424177924	3.6315063490029433	3.5004924072050705	3.4548368387556545	3.6825147408821586	4.052931808255531	4.260654671257863	45.767941648417136
2012-03-05	3.799999952316284	3.990000009536743	3.7249999046325684	3.755000114440918	0.9950357675552368	237660	3.7150478673732215	3.7945947806286586	3.8242492588009473	3.636349241765217	3.5071899784481193	3.4607806659969467	3.6832359883802557	4.050952195672045	4.257891531603126	48.03745355969934
2012-03-06	3.890000104904175	3.940000057220459	3.684999942779541	3.740000009536743	0.9910609722137451	170670	3.7233652480943955	3.786795527615528	3.816225520775785	3.640413977756257	3.513316558213609	3.466309761908626	3.683800804511166	4.048886068189419	4.255061523285823	47.45418752959474
2012-03-07	3.5899999141693115	3.75	3.549999952316284	3.5950000286102295	0.952637255191803	66760	3.6805768415996734	3.759396170614771	3.7951564262838273	3.63863303857406	3.5154661232240465	3.468858084021529	3.6829172147012064	4.045870214105836	4.2514546298722955	42.129094897944114
2012-03-09	3.5199999809265137	3.75	3.5199999809265137	3.6050000190734863	0.9552872776985168	171970	3.6553845674242775	3.7373395775374445	3.777046292263795	3.637314096632861	3.517822278377979	3.4715539639235478	3.6821419192223237	4.042940844039176	4.247922091015472	42.60742166485927
2012-03-12	3.7750000953674316	3.7750000953674316	3.5999999046325684	3.6050000190734863	0.9552872776985168	21830	3.6385897179740136	3.7184339263283075	3.760660932912337	3.6360468779050428	3.5201164294489136	3.4741964600651305	3.6813743381263153	4.040030938225451	4.244408855649668	42.60742166485927
2012-03-13	3.75	3.75	3.569999933242798	3.615000009536743	0.9579371809959412	79810	3.630726481828257	3.703657652500941	3.7467884640194233	3.6352215105180505	3.5226133657670142	3.4769846491635783	3.680713897045822	4.037206812453433	4.240969463047959	43.15235857780922
2012-03-14	3.630000114440918	3.740000009536743	3.625	3.674999952316284	0.9738364219665527	93980	3.645484305324266	3.699563695331704	3.7399514629048385	3.636781449412099	3.5266235390972582	3.480905744275513	3.6806570418743836	4.034800122352854	4.237876733481119	46.43844942906073
2012-03-15	3.6600000858306885	4.0	3.5999999046325684	3.924999952316284	1.0400837659835815	1511460	3.738656187654939	3.7317688749009297	3.7575751285630714	3.6480841358004987	3.5371071289188114	3.489699688989192	3.683088314615099	4.03407055311673	4.236167024294426	57.4699958423777
2012-03-16	3.990000009536743	4.284999847412109	3.880000114440918	4.199999809265137	1.112955927848816	1518400	3.892437394858338	3.798659008381531	3.7997108124394585	3.6697278877010726	3.5545516731384517	3.503765037905547	3.688231712571816	4.035173073091138	4.235969389239621	65.81143938794304
2012-03-19	4.28000020980835	4.619999885559082	4.239999771118164	4.619999885559082	1.2242517471313477	3385030	4.1349582250919195	3.9159934194068953	3.877833581307994	3.706993456244524	3.5825897839916263	3.525868698255122	3.697503037676167	4.039058965532785	4.238067916541913	74.15024435685442
2012-03-20	4.775000095367432	4.784999847412109	4.5	4.650000095367432	1.232201337814331	892350	4.30663884851709	4.020851515972686	3.951373249313655	3.743974108759148	3.6106795290278315	3.5481287259207126	3.7069806203397615	4.043118375033347	4.2403189120546205	74.62630934919147
2012-03-21	4.650000095367432	4.840000152587891	4.554999828338623	4.800000190734863	1.271950125694275	5788090	4.471092629256348	4.1321584695101405	4.032194862782341	3.7853868962876076	3.6419774411780166	3.5729182598774285	3.7178564369606084	4.0481474900878425	4.243377279697682	76.91550115033554
2012-03-22	4.84499979019165	4.849999904632568	4.559999942779541	4.559999942779541	1.2083523273468018	9868660	4.500728400430746	4.1932786799771975	4.082462013258265	3.8157638785029775	3.666135928062267	3.5924644318160843	3.726235974331941	4.051548503062538	4.245107458184468	66.56731114135248
2012-03-23	4.599999904632568	4.739999771118164	4.434999942779541	4.539999961853027	1.2030524015426636	3680000	4.51381892090484	4.242810291673744	4.126037055981576	3.844165293536313	3.689132350004129	3.611227511618796	3.7343331284366283	4.054794027705664	4.246718892630744	65.77316246085184
2012-03-26	4.59499979019165	4.739999771118164	4.389999866485596	4.409999847412109	1.1686038970947266	4730120	4.47921256307393	4.266694513922082	4.153081131355912	3.8663548838843833	3.708102547304339	3.6270447855949013	3.7410561803667326	4.057154199265175	4.247611138285287	60.70377657764867
2012-03-27	4.445000171661377	4.534999847412109	4.255000114440918	4.289999961853027	1.1368051767349243	4458110	4.416141696000296	4.270023863626503	4.166121019974685	3.8829684163537417	3.7234156371608833	3.6401726108673396	3.746518307545701	4.058701347189347	4.247842771200958	56.38378745600041
2012-03-28	4.105000019073486	4.429999828338623	4.105000019073486	4.34499979019165	1.1513793468475342	2404910	4.392427727397414	4.280734710278667	4.183157093328682	3.90108729375915	3.7397731148722193	3.6541295847153457	3.752473347174019	4.060603662425242	4.248373683873038	57.863872754307366
2012-03-29	4.474999904632568	4.474999904632568	4.215000152587891	4.360000133514404	1.155354380607605	149130	4.381618529436411	4.2920583421694865	4.199999287632084	3.9190838757103363	3.756094878520698	3.66810721934503	3.758518389824172	4.062593007748093	4.2489836644721715	58.27969793695994
2012-03-30	4.360000133514404	4.574999809265137	4.199999809265137	4.534999847412109	1.2017273902893066	414540	4.432745635428311	4.3267642714898615	4.23190410284923	3.943237443228053	3.776592377702051	3.685273409999824	3.7662445734817633	4.0657319236262595	4.250546594433592	62.88187216558169
2012-04-02	4.599999904632568	4.599999904632568	4.400000095367432	4.590000152587891	1.2163019180297852	56180	4.485163807814837	4.364369397361009	4.266008488538626	3.96860068673236	3.7979978454622048	3.7031887910411716	3.7744411464081926	4.069215433453247	4.252401531909845	64.21783587006097
2012-04-03	4.574999809265137	4.579999923706055	4.449999809265137	4.545000076293945	1.20437753200531	28740	4.505109230641207	4.390173780065714	4.292579115943894	3.9912045843622264	3.8176557989051454	3.7198583214422167	3.782108399441882	4.072376793206342	4.2540004310594846	62.243877145664015
2012-04-04	4.559999942779541	4.559999942779541	4.400000095367432	4.414999961853027	1.169928789138794	86030	4.475072807711814	4.393720377463902	4.304238244125717	4.007824010930493	3.833375382140616	3.7336235024404507	3.788405827923585	4.074653359110971	4.25488020991628	56.81099864257634
2012-04-09	4.355000019073486	4.449999809265137	4.300000190734863	4.315000057220459	1.1434296369552612	20930	4.4217152242146955	4.382474617429124	4.305263178706168	4.019870130392845	3.8460497156953486	3.745135909465797	3.7936455714986783	4.076250347138276	4.25520873367204	52.98021514240357
2012-04-10	4.25	4.519999980926514	4.25	4.369999885559082	1.1580044031143188	87300	4.404476777996158	4.380692512876261	4.311428579358827	4.033600709026815	3.859837878060184	3.7575094535468523	3.799380440295299	4.07820217131383	4.255836007726067	54.78603414271556
2012-04-11	4.300000190734863	4.565000057220459	4.300000190734863	4.400000095367432	1.1659539937973022	159620	4.402984550453249	4.383450738946428	4.3198639618358365	4.047969312412722	3.87405267325248	3.7702320405135965	3.8053567552711414	4.080340363500232	4.256623789625747	55.78356187153004
2012-04-12	4.599999904632568	4.599999904632568	4.28000020980835	4.349999904632568	1.1527044773101807	22530	4.385323001846356	4.378672048330163	4.322734051626002	4.059813649362519	3.886577600394061	3.781712592278329	3.810776090090658	4.08213212124862	4.25713404162032	53.65872884788515
2012-04-13	4.400000095367432	4.440000057220459	4.300000190734863	4.300000190734863	1.1394550800323486	82180	4.3568820648091915	4.367433211530835	4.320568922017322	4.069232729416337	3.897457142245135	3.7919757130398444	3.8156439915896057	4.083579749617299	4.257368282872313	51.54436230126513
2012-04-16	4.485000133514404	4.485000133514404	4.275000095367432	4.275000095367432	1.132830023765564	19220	4.3295880749952715	4.354228480650349	4.316229033764952	4.077302037885007	3.9073924831167743	3.801540552293856	3.8202146990898824	4.08485164560235	4.2574646315744715	50.47343113714787
2012-04-17	4.400000095367432	4.400000095367432	4.099999904632568	4.105000019073486	1.0877820253372192	354760	4.2547253896880095	4.318624414710797	4.296111984746717	4.0783882332257315	3.9125926814314247	3.807549650645928	3.8230483838658387	4.084985521838038	4.25663149161545	43.80803063062853
2012-04-18	4.105000019073486	4.190000057220459	3.9000000953674316	3.944999933242798	1.0453836917877197	270570	4.151483570872939	4.2652494887867975	4.262672741746344	4.07315731950091	3.9134455038475133	3.8102714384201235	3.8242618321183457	4.0840553850367405	4.25492858692489	38.63652225859455
2012-04-19	3.950000047683716	4.139999866485596	3.8550000190734863	3.884999990463257	1.0294842720031738	429130	4.0626557107363785	4.210928131883435	4.226703908290812	4.06577860071512	3.9126969377058223	3.811751211727908	3.8248661919028724	4.082732757830272	4.252907119184662	36.87839302865826
2012-04-20	3.990000009536743	4.074999809265137	3.869999885559082	4.0	1.0599582195281982	433820	4.041770473824252	4.180795541614373	4.205113059882163	4.0631990477459	3.914994386713564	3.8154789105055733	3.826608816859063	4.082183038509141	4.251525113068898	42.29808628490838
2012-04-23	4.0	4.179999828338623	4.0	4.125	1.0930818319320679	524830	4.0695136492161685	4.1728247499551765	4.197483244655291	4.065622614500962	3.9205208502211017	3.8216080409906112	3.8295778833579774	4.082467536592137	4.250833719008413	47.567850043687876
2012-04-24	4.329999923706055	4.329999923706055	3.9549999237060547	4.315000057220459	1.1434296369552612	390830	4.151342451884266	4.193135508135931	4.20867532204245	4.075402122058589	3.9309018819842425	3.831378179925856	3.8344079547396936	4.0840126031743855	4.251184354736347	54.386832367079954
2012-04-25	4.5	4.5	4.204999923706055	4.489999771118164	1.1898030042648315	221980	4.264228224962232	4.235544688561965	4.235468126716327	4.091660853394259	3.9456149843298722	3.844420191632634	3.840931256395201	4.086710192330158	4.252489357011657	59.59861657174358
2012-04-26	4.5	4.710000038146973	4.324999809265137	4.625	1.225576639175415	441680	4.384485483308155	4.291181161624541	4.2725664003623915	4.112576114045464	3.963493537373823	3.8598772175408986	3.8487329354360447	4.090286868793081	4.2545249342957465	63.10121322666098
2012-04-27	4.855000019073486	4.855000019073486	4.505000114440918	4.755000114440918	1.2600253820419312	313490	4.50799036035241	4.3574410120268805	4.31851246836987	4.137769212100188	3.984322657822957	3.877602423420107	3.85775051930674	4.094703568099711	4.25725977134572	66.14497683686197
2012-04-30	4.619999885559082	4.894999980926514	4.53000020980835	4.53000020980835	1.2004024982452393	69690	4.515326976837723	4.382092325995662	4.338654158030677	4.153150819853449	3.99868259340152	3.890521191467399	3.864439570953522	4.097595904589469	4.258750156255352	57.33030112654741
2012-05-02	4.329999923706055	4.590000152587891	4.315000057220459	4.40500020980835	1.1672790050506592	28460	4.478551387827932	4.385364880826046	4.344972829628551	4.163027266518347	4.009375162254331	3.900708894800883	3.8698182837779482	4.099638458112518	4.25954933687586	53.096885753855716
2012-05-03	4.409999847412109	4.420000076293945	4.329999923706055	4.360000133514404	1.155354380607605	59290	4.439034303056756	4.381741345495811	4.346404001427204	4.170751692675055	4.018602135182228	3.909803770815012	3.8746957151186097	4.101368436022165	4.260098248332902	51.619121393930776
2012-05-04	4.199999809265137	4.380000114440918	4.159999847412109	4.284999847412109	1.1354801654815674	87660	4.387689484508541	4.367921131483854	4.3405559867590995	4.1752320124686655	4.02561260129354	3.9172333960941623	3.8787783433006346	4.102588578290536	4.26023432264481	49.163220612838835
2012-05-07	4.159999847412109	4.269999980926514	4.074999809265137	4.190000057220459	1.1103062629699707	89990	4.321793008745847	4.342503835160512	4.326217326803039	4.175811151478539	4.0299385869758275	3.922634716116465	3.8818750767724737	4.1031693854595055	4.259850528844677	46.16698389811478
2012-05-08	4.380000114440918	4.394999980926514	4.380000114440918	4.394999980926514	1.1646291017532349	167810	4.34619533280607	4.3500032845556555	4.332768055767179	4.184406791849049	4.039545465764004	3.931988483736466	3.8869807972118173	4.105108459183539	4.260589050440752	52.84542860468663
2012-05-09	4.610000133514404	4.610000133514404	4.454999923706055	4.514999866485596	1.1964277029037476	586760	4.402463510699245	4.373574224831361	4.35012346631179	4.197371226148521	4.05205742367773	3.9435332635928844	3.8932297431747407	4.107831990129068	4.261979273479249	56.26570035913253
2012-05-10	4.599999904632568	4.690000057220459	4.400000095367432	4.670000076293945	1.2375012636184692	897710	4.491642365897478	4.415920775040302	4.38058790535771	4.215905690860106	4.068319072430788	3.9579187450325093	3.9009588012157277	4.111567326249764	4.264208895352554	60.27389611317621
2012-05-11	4.570000171661377	4.800000190734863	4.440000057220459	4.730000019073486	1.2534003257751465	443860	4.571094916956148	4.460789238473614	4.413865249521117	4.236066252750827	4.0857317289213855	3.9732074831323305	3.9092079675625713	4.115676513577497	4.266754202039554	61.735812314623104
2012-05-14	4.800000190734863	4.820000171661377	4.510000228881836	4.789999961853027	1.2692996263504028	947890	4.644063265255108	4.507819341813531	4.449687603076537	4.257789143303854	4.104265103472218	3.989381591621849	3.9179720670082476	4.120157068051088	4.269613468486622	63.19444053648725
2012-05-15	4.715000152587891	4.880000114440918	4.710000038146973	4.804999828338623	1.2732746601104736	134040	4.697708786282946	4.550273697031401	4.4835268626253075	4.279248385854237	4.122705490968703	4.005532447794459	3.9267982138871567	4.124707518285557	4.272539077010403	63.56833784637801
2012-05-16	4.704999923706055	5.045000076293945	4.704999923706055	5.014999866485596	1.3289225101470947	676860	4.803472479683829	4.616663149810572	4.53414333918343	4.308101385094683	4.146186921903358	4.025521901629927	3.9376260910274397	4.130623082060972	4.27659623979442	68.40720433124547
2012-05-17	4.980000019073486	5.199999809265137	4.980000019073486	5.099999904632568	1.3514466285705566	275830	4.902314954666742	4.685711257642286	4.588034440654776	4.33915622899813	4.171287263554127	4.046798693768593	3.9491919996205254	4.137064124071415	4.281095713372771	70.1362009283355
2012-05-18	4.949999809265137	5.070000171661377	4.900000095367432	4.985000133514404	1.3209729194641113	154020	4.929876680949296	4.728466811338302	4.625840697117598	4.364483440939945	4.19270076013203	4.065376940100193	3.959498548216484	4.142698250380007	4.284942185613982	64.95664856437897
2012-05-21	4.920000076293945	4.920000076293945	4.739999771118164	4.840000152587891	1.282549500465393	41440	4.899917838162161	4.744400145802529	4.646236835733816	4.383131155122217	4.209734954670342	4.080716013614801	3.9682597582102295	4.147331485610624	4.2879752892586485	59.03657879866
2012-05-22	4.724999904632568	4.804999828338623	4.599999904632568	4.625	1.225576639175415	167640	4.8082785587747745	4.727342982116453	4.644214279949644	4.392616207862522	4.220662982179017	4.0914939143353	3.974794486984257	4.1505053627826465	4.2898169543446665	51.53638216171785
2012-05-23	4.599999904632568	4.800000190734863	4.599999904632568	4.699999809265137	1.2454509735107422	167570	4.772185642271562	4.7234368145662655	4.6495271875035	4.404670466741056	4.2332771092076	4.103543536017079	3.9820104603402857	4.154156488672895	4.292058390710352	53.74400835252459
2012-05-24	4.699999809265137	4.934999942779541	4.699999809265137	4.934999942779541	1.3077232837677002	120930	4.826457075774221	4.753660118596733	4.6767150689583605	4.425467701095506	4.251743499564756	4.120008019319306	3.9914929427526165	4.15934481727161	4.295571732524937	59.90674557442539
2012-05-25	5.099999904632568	5.179999828338623	5.099999904632568	5.179999828338623	1.372645616531372	100020	4.944304659962355	4.814565791417003	4.7246469508041	4.455057196281511	4.276171297690384	4.140997956131569	4.003318881912676	4.166126578142488	4.30040467293922	65.12371537897685
2012-05-28	5.28000020980835	5.28000020980835	4.989999771118164	5.199999809265137	1.3779455423355103	306600	5.029536376396615	4.869627793966736	4.769918651609913	4.48427063208479	4.300482574310772	4.161968289856986	4.015226154821656	4.172996167718054	4.305320493356302	65.51815981210578
2012-05-29	5.300000190734863	5.369999885559082	5.099999904632568	5.260000228881836	1.3938450813293457	325490	5.106357660558356	4.925395284668894	4.816593087540572	4.514691400586635	4.3257330389047475	4.18371149657035	4.027611966503847	4.180218786064657	4.310537322512179	66.73370050019962
2012-05-30	5.014999866485596	5.199999809265137	5.014999866485596	5.050000190734863	1.3381972312927246	71170	5.087571837283858	4.943195985535461	4.838822335463838	4.535683902161075	4.344792700795014	4.200865728137964	4.037784983660375	4.185998064501004	4.314578103212849	58.9067291504759
2012-05-31	5.090000152587891	5.295000076293945	5.090000152587891	5.25	1.3911950588226318	395800	5.141714558189238	4.987025130458966	4.877982113038711	4.563696298154759	4.368613945510934	4.221640664214441	4.049846824618978	4.193067844803323	4.3196896982772595	63.31920342009529
2012-06-01	5.130000114440918	5.295000076293945	5.130000114440918	5.235000133514404	1.3872202634811401	97490	5.172809749964293	5.022450130895457	4.911983829274491	4.590021938757098	4.391413582037341	4.241707188358994	4.061639394856743	4.199990982934294	4.324691394644676	62.774777054000616
2012-06-04	5.010000228881836	5.275000095367432	5.010000228881836	5.230000019073486	1.3858953714370728	177770	5.191873173000691	5.05210011492089	4.942271085445824	4.615119118377349	4.413481646169871	4.261277343422647	4.073264873704671	4.206834896795684	4.329638436308221	62.58161238702581
2012-06-05	5.199999809265137	5.25	5.050000190734863	5.090000152587891	1.3487968444824219	92240	5.157915499529758	5.057514406016176	4.956340520411735	4.633741904032664	4.43128476475982	4.277687696079385	4.083381642648783	4.2127031044753664	4.333793418364394	57.26803340109326
2012-06-06	5.050000190734863	5.135000228881836	5.050000190734863	5.114999771118164	1.355421543121338	93220	5.143610256725894	5.065726601030746	4.9714509252409185	4.652614761565429	4.449277264927145	4.294268133208865	4.093646499648479	4.2186984311640225	4.338062305537911	57.954548131605364
2012-06-07	5.085000038146973	5.175000190734863	5.085000038146973	5.130000114440918	1.3593963384628296	44260	5.139073542630902	5.074908531517913	4.986550848021871	4.67133575579584	4.467191024124875	4.310817281352074	4.1039584759150705	4.224753591850248	4.34238983454831	58.38654761602421
2012-06-08	5.195000171661377	5.275000095367432	5.195000171661377	5.255000114440918	1.3925199508666992	269290	5.1777157332342405	5.100635900506914	5.0121174448236845	4.694224554174078	4.487922842291087	4.32951397111621	4.115411626547169	4.231599083694704	4.347376775968488	61.899619337065495
2012-06-11	5.28000020980835	5.28000020980835	5.179999828338623	5.199999809265137	1.3779455423355103	164130	5.185143758577873	5.114830744615231	5.030011003341918	4.714058877903139	4.506661709843035	4.346751314445892	4.126203548763268	4.238033640010786	4.35203591822694	59.518690550059674
2012-06-12	5.010000228881836	5.25	5.010000228881836	5.25	1.3911950588226318	164990	5.206762505718582	5.134140638241627	5.050962336356974	4.7350761768088985	4.526223243794535	4.364637427031122	4.13738560300443	4.244757668980815	4.356942825777612	60.98778683806609
2012-06-13	5.159999847412109	5.269999980926514	5.159999847412109	5.199999809265137	1.3779455423355103	162730	5.204508273567433	5.143549091244986	5.0651563813958465	4.753308476120908	4.543954206043761	4.38117925638229	4.147958878688616	4.251104792836524	4.361549694539838	58.69389303157063
2012-06-14	5.239999771118164	5.264999866485596	5.105000019073486	5.25	1.3911950588226318	225240	5.219672182378289	5.158756363924273	5.082760535548623	4.772786575096559	4.562534358516293	4.398383627543037	4.158924461985247	4.25774197029276	4.366404614241806	60.301889016567024
2012-06-15	5.295000076293945	5.300000190734863	5.199999809265137	5.21999979019165	1.3832452297210693	102520	5.219781384982743	5.167505424819613	5.0958309407527205	4.790324348237543	4.579836080402487	4.414653254526178	4.169482425449988	4.264135709959862	4.371069068755193	58.82227038258918
2012-06-18	5.199999809265137	5.269999980926514	5.164999961853027	5.199999809265137	1.3779455423355103	113660	5.213187526410207	5.172147479740402	5.10575178537295	4.806390052591566	4.596156178530451	4.430204671451702	4.179736329766556	4.270354076068203	4.375598744932843	57.80399164038455
2012-06-19	5.199999809265137	5.264999866485596	5.199999809265137	5.25	1.3911950588226318	58960	5.225458350940138	5.183269268348916	5.119489710575526	4.823786521117387	4.613362594884913	4.446438242314045	4.190385719520123	4.276863351310275	4.380376893867636	59.683046108772494
2012-06-20	5.300000190734863	5.300000190734863	5.15500020980835	5.21999979019165	1.3832452297210693	55240	5.223638830690642	5.188516485755021	5.129062099110395	4.839324296375201	4.629326731603512	4.461756292767067	4.200630635646207	4.283130038611812	4.384964997126237	58.01373926979467
2012-06-21	5.010000228881836	5.295000076293945	5.010000228881836	5.224999904632568	1.3845702409744263	81570	5.224092522004617	5.193728402737528	5.138199032969649	4.854448830032353	4.645002341420066	4.476870027655493	4.210823364690848	4.289388310146834	4.389555351812064	58.223467992998565
2012-06-22	5.269999980926514	5.269999980926514	5.199999809265137	5.244999885559082	1.3898701667785645	199510	5.231061643189439	5.2010529002834645	5.148370542740071	4.869764557700067	4.660791750476356	4.492080519891208	4.221113678331328	4.295737888721002	4.3942299121057635	59.10344586548706
2012-06-25	5.300000190734863	5.309999942779541	5.215000152587891	5.275000095367432	1.3978198766708374	146380	5.245707793915437	5.21161678529546	5.160430500133153	4.885656147412513	4.67695512797349	4.50758387782143	4.231600110341637	4.302244614346559	4.399042863926866	60.44922490387263
2012-06-26	5.34499979019165	5.34499979019165	5.159999847412109	5.25	1.3911950588226318	28960	5.247138529276958	5.217100101681823	5.1689609286919005	4.8999441416316305	4.692035256184714	4.522285187171501	4.241733442577044	4.308541992324323	4.403692902921801	58.715260833979166
2012-06-27	5.320000171661377	5.320000171661377	5.199999809265137	5.235000133514404	1.3872202634811401	97690	5.243092397356107	5.219657249086477	5.175250376770234	4.9130835922937	4.706323805588127	4.536398354425816	4.251616693233138	4.314697860372098	4.4082355653840555	57.64680877723363
2012-06-28	5.28000020980835	5.28000020980835	5.190000057220459	5.230000019073486	1.3858953714370728	76450	5.2387282712619	5.22113478765605	5.180464628418163	4.925511687461534	4.720104758574584	4.550133040854483	4.261351850704186	4.320779602290379	4.4127260815244345	57.27267343489676
2012-06-29	5.005000114440918	5.28000020980835	5.005000114440918	5.150000095367432	1.3646963834762573	99100	5.209152212630411	5.210972688757676	5.177563244318093	4.934315154438236	4.731417793753343	4.562011596389393	4.270194121795362	4.326289373008499	4.416754901272211	51.5122036187673
2012-07-02	5.0	5.289999961853027	5.0	5.150000095367432	1.3646963834762573	46310	5.189434840209418	5.202262318273355	5.1749381825132685	4.942773387415852	4.742433117480029	4.573654933002819	4.278948410089612	4.3317625339544055	4.420761705611529	51.5122036187673
2012-07-03	5.195000171661377	5.28000020980835	5.099999904632568	5.255000114440918	1.3925199508666992	251000	5.211289931619918	5.209796289154435	5.1825631284111395	4.955017572789384	4.755921722663211	4.587146916793673	4.288660367346838	4.337897002927738	4.425320385441197	57.95010779210832
2012-07-04	5.255000114440918	5.295000076293945	5.215000152587891	5.244999885559082	1.3898701667785645	33710	5.222526582932972	5.214825374355099	5.188509486234753	4.966389428192117	4.768792200634155	4.600173708254374	4.298176183448453	4.343924264606351	4.429799508392661	57.17153865012153
2012-07-05	5.25	5.260000228881836	5.105000019073486	5.215000152587891	1.381920337677002	110070	5.220017772817945	5.21485034267407	5.191032406839813	4.9761388683645	4.780534515159253	4.6123484893302855	4.307298810007054	4.349712144260714	4.434090222295367	54.79326276101651
2012-07-06	5.289999961853027	5.409999847412109	5.159999847412109	5.264999866485596	1.3951698541641235	459920	5.235011804040496	5.222014560361431	5.1980769268060785	4.987466750643759	4.793283603352052	4.625272278976925	4.316828173753109	4.3557937902555635	4.43863071215433	57.93411291920781
2012-07-09	5.25	5.300000190734863	5.150000095367432	5.264999866485596	1.3951698541641235	134710	5.245007824855529	5.2281553183791685	5.20445054010889	4.9983504022454	4.805697189223987	4.637940151996899	4.326262717959402	4.361835026642474	4.443146390593299	57.93411291920781
2012-07-10	5.349999904632568	5.400000095367432	5.139999866485596	5.15500020980835	1.3660210371017456	218530	5.215005286506469	5.217704588583337	5.199740984842172	5.004493531953751	4.814889373976207	4.648178965022868	4.334508862156904	4.367105227195071	4.447036302173709	49.21052350556992
2012-07-11	5.239999771118164	5.25	5.159999847412109	5.244999885559082	1.3898701667785645	110930	5.225003486190674	5.221603916722729	5.20405135633902	5.013925153663764	4.82620807164944	4.65999720107309	4.34356847433006	4.372938414293835	4.4513967589135195	55.159782359817264
2012-07-12	5.025000095367432	5.349999904632568	5.025000095367432	5.315000057220459	1.4084192514419556	389660	5.255002343200602	5.2349462225081185	5.2146178992801095	5.025732012626771	4.839071018638151	4.6729675546601666	4.353234460229467	4.379197960094012	4.456115902620115	59.16616262283012
2012-07-13	5.315000057220459	5.375	5.269999980926514	5.360000133514404	1.4203442335128784	641490	5.290001606638536	5.252811066937588	5.228463826350042	5.038840566387071	4.8527796795559475	4.686572160182033	4.363252029117874	4.385714918056938	4.461055160712434	61.54485219761311
2012-07-16	5.275000095367432	5.534999847412109	5.255000114440918	5.28000020980835	1.3991446495056152	1887690	5.2866678076951406	5.25669523020484	5.233372053346072	5.048297807305553	4.864022325088905	4.698323210669683	4.372373901562555	4.391657013018741	4.465530270270334	55.369660537966084
2012-07-17	5.389999866485596	5.389999866485596	5.264999866485596	5.275000095367432	1.3978198766708374	289890	5.282778570252571	5.259310210942353	5.237336628776678	5.057188093111901	4.874837529569919	4.709742554921124	4.381355256724793	4.397526402270228	4.469953602647914	54.998225863828544
2012-07-18	5.360000133514404	5.414999961853027	5.289999961853027	5.309999942779541	1.4070944786071777	1178320	5.291852361094894	5.266551601204808	5.244256944395998	5.067102283294946	4.886289172022804	4.721628839829211	4.390595502357178	4.403589349383247	4.474544019807103	57.164366580354844
2012-07-19	5.380000114440918	5.389999866485596	5.289999961853027	5.34499979019165	1.416369080543518	1405810	5.3095681707938125	5.277758485345786	5.253851501138441	5.078000224741875	4.8983605040798786	4.733972819044309	4.400092062435133	4.40984456825905	4.479300608716309	59.27541586133521
2012-07-20	5.349999904632568	5.369999885559082	5.315000057220459	5.340000152587891	1.4150443077087402	343550	5.319712164725172	5.2866501520946585	5.262056134609817	5.088274731716229	4.909982600093247	4.745973360302598	4.409444381740136	4.416025004035322	4.484003884912329	58.82940575648773
2012-07-23	5.300000190734863	5.375	5.300000190734863	5.309999942779541	1.4070944786071777	574930	5.316474757409962	5.2899858364782135	5.266622211578362	5.096969838032438	4.920509372269202	4.757142203519963	4.418405133591275	4.421965036850898	4.4885175245728055	56.101585959797575
2012-07-24	5.304999828338623	5.340000152587891	5.304999828338623	5.335000038146973	1.4137189388275146	667620	5.322649850988966	5.296416436716608	5.273134385537277	5.106304355683988	4.9314170213712485	4.768584932918517	4.427525480900287	4.428031714600373	4.493143112078675	57.85532892030499
2012-07-25	5.324999809265137	5.324999809265137	5.309999942779541	5.315000057220459	1.4084192514419556	501930	5.3200999197327965	5.29907123964573	5.277121592364247	5.114488500842281	4.941511311788333	4.779405034389843	4.436356073699493	4.433925191959975	4.497634133636827	55.93030171273369
2012-07-26	5.309999942779541	5.324999809265137	5.300000190734863	5.320000171661377	1.409744143486023	306190	5.320066670375657	5.302061087076536	5.281205266583021	5.122547782050873	4.951471544942887	4.790109888593239	4.445148552286178	4.439812733353341	4.5021279371233	56.321588681927416
2012-07-27	5.269999980926514	5.335000038146973	5.269999980926514	5.324999809265137	1.4110691547393799	203150	5.321711050005484	5.305338047389194	5.28537617540989	5.130487077235746	4.961301236109262	4.800701768210504	4.45390329116159	4.445694375053751	4.506624504730632	56.735238546202915
2012-07-30	5.400000095367432	5.400000095367432	5.309999942779541	5.320000171661377	1.409744143486023	218220	5.321140757224115	5.307432636570934	5.288673698862413	5.1379189632916535	4.9707406817816855	4.810984904912502	4.4625211705695484	4.451503715894998	4.51106918050621	56.16244679377004
2012-07-31	5.309999942779541	5.369999885559082	5.309999942779541	5.324999809265137	1.4110691547393799	221960	5.322427107904455	5.309942232670106	5.292133328424577	5.145255467055319	4.980063290399671	4.82116341786998	4.471103047571495	4.457307676648288	4.515516888860084	56.63394330908772
2012-08-01	5.315000057220459	5.329999923706055	5.309999942779541	5.320000171661377	1.409744143486023	136530	5.321618129156763	5.311379081097431	5.294787313494749	5.152108200569282	4.989008997801295	4.831041373390602	4.479549785124628	4.4630398526948865	4.519912972372659	55.9854698703904
2012-08-02	5.349999904632568	5.349999904632568	5.099999904632568	5.125	1.3580713272094727	75850	5.256078752771175	5.284753498083512	5.278617093161915	5.151045133880291	4.9925877083854715	4.836862336293758	4.4859721753223925	4.467438258989272	4.523219458862426	37.803850018284926
2012-08-03	5.099999904632568	5.440000057220459	5.099999904632568	5.349999904632568	1.4176939725875854	282410	5.287385803391639	5.294074413304806	5.285415456159121	5.158847281752929	5.001993292497237	4.847023476260864	4.4945694661613	4.473302455970291	4.527737384795596	55.68630773488936
2012-08-06	5.300000190734863	5.394999980926514	5.300000190734863	5.364999771118164	1.4216687679290771	116500	5.313257125967147	5.304206607278142	5.292994914726648	5.166931693100586	5.011546094566208	4.8572804325946715	4.5032304642205725	4.479227355074264	4.532312589092441	56.58253451137853
2012-08-07	5.304999828338623	5.389999866485596	5.304999828338623	5.364999771118164	1.4216687679290771	45040	5.330504674350819	5.312891344969574	5.299852520097269	5.174699068709118	5.0208475071070495	4.8673342808822655	4.511805283194678	4.485112886077878	4.536862792272909	56.58253451137855
2012-08-08	5.489999771118164	5.699999809265137	5.400000095367432	5.420000076293945	1.4362435340881348	419190	5.360336474998528	5.328192592301627	5.3112951444969525	5.184318716065386	5.031351522085652	4.87827815801913	4.520842047305119	4.491324761095925	4.5416886790708375	60.020958499252956
2012-08-09	5.420000076293945	5.5	5.199999809265137	5.414999961853027	1.4349182844161987	61323540	5.378557637283361	5.3405936450946845	5.3211717937689595	5.193365039429607	5.041447533658477	4.888906312550494	4.529739140982213	4.497462137845141	4.546460871872926	59.55916998627229
2012-08-10	5.559999942779541	5.679999828338623	5.494999885559082	5.599999904632568	1.4839415550231934	3235530	5.452371726399764	5.377651682171525	5.3477268519464465	5.2093115047316845	5.056146280263058	4.902987373779842	4.5403885018145544	4.5047879701825995	4.552217915767787	69.04787595706985
2012-08-13	5.644999980926514	6.150000095367432	5.644999980926514	5.875	1.5568134784698486	1479090	5.593247817599843	5.448701441861307	5.397943342237261	5.2354169359186775	5.077695062361399	4.922235148556479	4.553668218214409	4.513892369051818	4.559446233167963	77.49928584096564
2012-08-14	5.965000152587891	5.96999979019165	5.420000076293945	5.65500020980835	1.4985160827636719	176370	5.613831948336012	5.4781726944251705	5.422424948672603	5.251871181953566	5.092887303083687	4.936745347789189	4.564626745493951	4.521474480950532	4.565432866920096	62.74022053720325
2012-08-16	5.65500020980835	5.989999771118164	5.514999866485596	5.679999828338623	1.5051403045654297	430480	5.6358879083368825	5.507005142127093	5.446955889593176	5.2686605406353335	5.108337632695659	4.951463258295118	4.575724985124246	4.52917232379032	4.571523396763913	63.58879890733267
2012-08-17	5.59499979019165	5.885000228881836	5.554999828338623	5.579999923706055	1.4786415100097656	366630	5.617258580126607	5.517432968066944	5.459626749984879	5.280869928206735	5.120749798248564	4.9639095288973145	4.585717770582772	4.536154566979128	4.5770341974575866	57.90762220588698
2012-08-21	5.59499979019165	5.675000190734863	5.355000019073486	5.460000038146973	1.4468430280685425	258430	5.564839066133396	5.509228263792663	5.459662301238412	5.287894638400469	5.129677436140628	4.973733103337902	4.594417096628186	4.5422930750932	4.581859147406709	51.91376822533809
2012-08-22	5.400000095367432	5.550000190734863	5.264999866485596	5.329999923706055	1.4123939275741577	151400	5.486559351990949	5.483624215208861	5.447313503378187	5.289545826059512	5.1349490805502445	4.980787891860044	4.601736328738414	4.547527007642123	4.585947348370093	46.32020576042589
2012-08-23	5.349999904632568	5.579999923706055	5.210000038146973	5.514999866485596	1.461417317390442	220140	5.496039523489165	5.488106451105538	5.453759823674131	5.298387160978182	5.144950417022227	4.991366346803124	4.610823528118983	4.553955398730784	4.591024138086571	53.92795171847465
2012-08-24	5.300000190734863	5.650000095367432	5.269999980926514	5.46999979019165	1.4494928121566772	233650	5.4873596123899935	5.4855197852606965	5.45530648715199	5.305117068006161	5.153504347895106	5.000844236771214	4.619372545652045	4.560042072428198	4.595827283726489	51.99752135100961
2012-08-27	5.599999904632568	5.599999904632568	5.409999847412109	5.505000114440918	1.4587674140930176	73740	5.493239779740302	5.488302689429299	5.460039213560459	5.31295561884674	5.162754236488417	5.010827521477545	4.628184760266859	4.566320863405027	4.6007954412713765	53.39490955131405
2012-08-28	5.445000171661377	5.480000019073486	5.269999980926514	5.315000057220459	1.4084192514419556	134740	5.433826538900354	5.463545170542322	5.446225960575697	5.313035792900611	5.16676070545505	5.016850740007107	4.635018743321124	4.571295475988518	4.604698198735579	45.62948318785009
2012-08-29	5.349999904632568	5.489999771118164	5.264999866485596	5.40500020980835	1.432268500328064	159280	5.424217762536353	5.455181604723183	5.4422996985978545	5.316642240622484	5.173030166095926	5.024536868121983	4.642680250450351	4.576835042326191	4.609071433768763	49.384590904120486
2012-08-30	5.315000057220459	5.599999904632568	5.21999979019165	5.255000114440918	1.3925199508666992	212490	5.367811879837874	5.426584248968574	5.424461642963861	5.314224902340854	5.175187269999742	5.029100496761962	4.648772985415431	4.581341122539579	4.612601098690469	43.93791699354928
2012-08-31	5.275000095367432	5.309999942779541	5.144999980926514	5.184999942779541	1.373970627784729	94070	5.306874567485097	5.392072205227284	5.40165576675583	5.309157256867861	5.175445498230789	5.032187614504884	4.6541085770309945	4.585352144600973	4.615728961226475	41.63041085597441
2012-09-03	5.5	5.650000095367432	5.284999847412109	5.414999961853027	1.4349182844161987	178260	5.34291636560774	5.395347599030962	5.402926642479373	5.313307951181005	5.181749563062953	5.039768057026629	4.661679635586437	4.590864754682382	4.620096562322795	50.77745750129657
2012-09-04	5.590000152587891	5.590000152587891	5.309999942779541	5.389999866485596	1.4282937049865723	141570	5.358610865900359	5.3945836372387665	5.401695520956156	5.316315477271381	5.187229834205654	5.046703340382252	4.668926603058071	4.596174622534895	4.624303684203466	49.86277746548434
2012-09-05	5.300000190734863	5.394999980926514	5.010000228881836	5.28000020980835	1.3991446495056152	38580	5.332407313869689	5.378214576177278	5.390105491323031	5.314891349135576	5.189671159879409	5.051323080370888	4.675006937453596	4.600718314144686	4.62788672532699	45.941415197499715
2012-09-06	5.309999942779541	5.340000152587891	5.215000152587891	5.244999885559082	1.3898701667785645	27930	5.3032715044328205	5.3591839060889646	5.376285909821703	5.3121505074266935	5.1911271789762425	5.05515826463204	4.680678509076537	4.6049992548185354	4.631258928388367	44.73587456400018
2012-09-07	5.059999942779541	5.340000152587891	5.059999942779541	5.195000171661377	1.3766206502914429	82870	5.267181060175672	5.335729086885023	5.359020601425481	5.307556376612367	5.191229099836377	5.057927411305888	4.685796137559968	4.6089195266912455	4.634339481630296	42.99997028289283
2012-09-10	5.300000190734863	5.364999771118164	5.139999866485596	5.159999847412109	1.367345929145813	100240	5.231453989254485	5.310624909817464	5.340066243900398	5.301769846055494	5.19040727740416	5.059948647664427	4.690514582434118	4.612581189951849	4.637211942645497	41.777874036482864
2012-09-11	5.170000076293945	5.284999847412109	5.150000095367432	5.210000038146973	1.3805954456329346	44880	5.224302672218648	5.29624992815025	5.3276789862095955	5.298171030059081	5.190922876371076	5.062919962327448	4.695683591943698	4.616550750404973	4.640341932238401	44.21694171966921
2012-09-12	5.179999828338623	5.275000095367432	5.114999771118164	5.130000114440918	1.3593963384628296	66810	5.1928684862927375	5.2724999547632025	5.308852426993531	5.291576092191702	5.189319645793966	5.064248282171279	4.700005149381481	4.619962374086275	4.64301766001	41.24008495263594
2012-09-13	5.195000171661377	5.21999979019165	5.105000019073486	5.114999771118164	1.355421543121338	41160	5.166912247901213	5.249999928528197	5.290390269291115	5.284651530580975	5.187363859618287	5.065253262150425	4.704134449100255	4.623251659116387	4.64559679722917	40.686963092925524
2012-09-14	5.150000095367432	5.25	4.960000038146973	5.0	1.3249475955963135	137360	5.111274831934142	5.214285653024169	5.262734053168152	5.273488725460153	5.1824332317335955	5.063961118345466	4.707078384930103	4.625754970351494	4.647533426752508	36.63069299263934
2012-09-17	5.144999980926514	5.300000190734863	5.059999942779541	5.244999885559082	1.3898701667785645	321650	5.155849849809122	5.218673400529156	5.26104508482443	5.272371516052267	5.18407972262374	5.067546044428903	4.71243083767268	4.629869554505698	4.650798270789703	48.427033342827315
2012-09-18	5.389999866485596	5.690000057220459	5.349999904632568	5.514999866485596	1.461417317390442	982340	5.275566522034613	5.261005752808647	5.285231254506446	5.281886353324163	5.19278814746221	5.076406516152798	4.720416599153405	4.635750819037125	4.655520683880937	57.759209164127014
2012-09-20	5.525000095367432	5.639999866485596	5.40500020980835	5.440000057220459	1.4415429830551147	152110	5.330377700429895	5.286576367724621	5.299971140479209	5.288086890731861	5.199293724034796	5.083606388253148	4.727576633562033	4.6410946677958185	4.659807456412847	54.7932253769876
2012-09-21	5.494999885559082	5.590000152587891	5.380000114440918	5.400000095367432	1.4309433698654175	183710	5.353585165409074	5.30277975738788	5.3094977076114205	5.292475643854824	5.2045754706488125	5.089871610176203	4.734267414276514	4.646137228776361	4.663852224931724	53.22346002023981
2012-09-24	5.550000190734863	5.550000190734863	5.349999904632568	5.355000019073486	1.4190189838409424	166890	5.354056783297211	5.310239794771538	5.313831261083998	5.294927580137909	5.20853401139683	5.09512167767912	4.74044385810534	4.650847280539132	4.667628988834139	51.43807876779506
2012-09-25	5.485000133514404	5.489999771118164	5.300000190734863	5.364999771118164	1.4216687679290771	101040	5.357704445904195	5.318062648535341	5.318704452515823	5.297675509195958	5.212651531389497	5.100465798341279	4.746658344801984	4.655592479812083	4.671439758136237	51.82481240253769
2012-09-26	5.340000152587891	5.440000057220459	5.304999828338623	5.329999923706055	1.4123939275741577	103330	5.3484696051714815	5.3197679735597285	5.319780211676798	5.298943133294394	5.2157396469767745	5.105011028546522	4.752462738621925	4.660073592396096	4.67503844756558	50.31448629161447
2012-09-27	5.300000190734863	5.385000228881836	5.215000152587891	5.260000228881836	1.3938450813293457	164070	5.318979813074933	5.31122972432003	5.31408687998204	5.297415960572333	5.21690439913217	5.108080121622469	4.757512862903118	4.6640598158943405	4.678234960031789	47.34280869182652
2012-09-28	5.34499979019165	5.34499979019165	5.164999961853027	5.184999942779541	1.373970627784729	182400	5.274319856309803	5.293196898385674	5.3017928859627546	5.293007489286341	5.216064808175522	5.109603286397856	4.761766465687958	4.667521212086268	4.681004167587788	44.32228500001638
2012-10-01	5.190000057220459	5.525000095367432	5.164999961853027	5.454999923706055	1.445518136024475	266360	5.334546545441887	5.316311616288586	5.316384032414497	5.299360133773388	5.222352574373694	5.116442823770296	4.7686643110413725	4.672753628774772	4.685233652593898	55.36323484891068
2012-10-03	5.400000095367432	5.449999809265137	5.309999942779541	5.40500020980835	1.432268500328064	144980	5.358031100230708	5.328981415362838	5.3248236683567685	5.30350288185319	5.2271590910956585	5.122156831414614	4.774996011526616	4.677619054562371	4.68916680317977	53.257077408235375
2012-10-04	5.599999904632568	6.0	5.505000114440918	5.585000038146973	1.479966402053833	1246090	5.433687412869463	5.365555504332	5.349602370241549	5.314541986021574	5.236575958123325	5.131322043429116	4.783055753085027	4.68364816408785	4.694062066758826	59.265024377996944
2012-10-05	5.699999809265137	5.699999809265137	5.360000133514404	5.394999980926514	1.4296183586120605	230140	5.420791602221813	5.369761858131216	5.353925952211546	5.317697201508042	5.240745011354988	5.1365433887260945	4.789144750376982	4.6883747542329575	4.697892328584879	51.70976898863524
2012-10-08	5.400000095367432	5.699999809265137	5.369999885559082	5.409999847412109	1.4335933923721313	110140	5.417194350618579	5.375510142314201	5.359266323183029	5.321316913112123	5.2451990859880695	5.141958368106016	4.795322413034048	4.693169605350427	4.7017836265019675	52.22755049780298
2012-10-09	5.420000076293945	5.5	5.315000057220459	5.40500020980835	1.432268500328064	85050	5.413129637015169	5.379723009099079	5.363621931433059	5.324598611021779	5.2494043787201825	5.147167117446656	4.801388858773096	4.697899376808619	4.705626340071948	52.02730884004675
2012-10-10	5.40500020980835	5.414999961853027	5.304999828338623	5.375	1.4243189096450806	88360	5.400419758010113	5.379048293513496	5.364705557010863	5.326575136079748	5.252709526648599	5.151678659675435	4.807096432317643	4.702398384271684	4.709284119634396	50.769461937617436
2012-10-11	5.360000133514404	5.394999980926514	5.304999828338623	5.329999923706055	1.4123939275741577	49080	5.37694647990876	5.372041383541005	5.361400258600881	5.326709441476859	5.254743484465901	5.155209773814655	4.812299452132453	4.706568494168258	4.712676009274132	48.86121604927835
2012-10-12	5.309999942779541	5.389999866485596	5.215000152587891	5.304999828338623	1.4057695865631104	131670	5.352964262718714	5.362464018512093	5.356028789052094	5.325858084098889	5.256066019830972	5.158175913508199	4.817201943437987	4.710544782102945	4.7159127514548125	47.786605608210095
2012-10-15	5.380000114440918	5.380000114440918	5.300000190734863	5.315000057220459	1.4084192514419556	88940	5.3403095275526296	5.355683452613288	5.3521212907824145	5.325432279123264	5.257616915551748	5.161281342096561	4.822155158500499	4.714561096223327	4.719186452579215	48.27663990051321
2012-10-16	5.329999923706055	5.440000057220459	5.304999828338623	5.369999885559082	1.422993779182434	119960	5.35020631355478	5.35772865731983	5.353824014094478	5.327180028395257	5.260574362130888	5.165414382561165	4.827606349814515	4.7189161712355245	4.722742810136482	51.00042556961644
2012-10-17	5.565000057220459	5.570000171661377	5.409999847412109	5.454999923706055	1.445518136024475	492640	5.3851375169385385	5.371624552517862	5.3634598150098665	5.332192573309406	5.265690824277603	5.1711487497125495	4.833849071942789	4.72380709317885	4.726744215128665	54.94893962162591
2012-10-18	5.550000190734863	5.550000190734863	5.375	5.400000095367432	1.4309433698654175	142170	5.3900917097481695	5.375678201496372	5.366939841710587	5.334851691821486	5.269225278779967	5.175680459527498	4.839482415459452	4.728300069937578	4.730423209009751	52.02747248853273
2012-10-19	5.349999904632568	5.434999942779541	5.289999961853027	5.315000057220459	1.4084192514419556	56580	5.3650611589056	5.3670098951712415	5.36199319556867	5.334073196346936	5.270429878212611	5.178439263442209	4.844213934282944	4.732198408723511	4.733617618016367	47.797931292401906
2012-10-22	5.300000190734863	5.420000076293945	5.28000020980835	5.400000095367432	1.4309433698654175	177010	5.376707471059544	5.371722780913554	5.365612900311409	5.336658564935975	5.273839620769317	5.182826606648649	4.849744144840999	4.736635629232773	4.737259052318832	52.00020732305225
2012-10-23	5.360000133514404	5.494999885559082	5.360000133514404	5.460000038146973	1.4468430280685425	252560	5.404471660088687	5.384333817661186	5.374602151533844	5.341495485454054	5.27873857912136	5.188315189450596	4.855816342784342	4.741442037265426	4.741208456612974	54.76815312435277
2012-10-25	5.46999979019165	5.46999979019165	5.329999923706055	5.40500020980835	1.432268500328064	90530	5.404647843328575	5.387286159396495	5.377497204702844	5.343985866801281	5.282061253613123	5.192605981932927	4.861280858874133	4.745851061667704	4.74483573395284	51.81832461311955
2012-10-29	5.295000076293945	5.295000076293945	5.170000076293945	5.224999904632568	1.3845702409744263	69590	5.344765197096573	5.364102408715934	5.3629736523151985	5.339319750637802	5.280559639166267	5.193247445748762	4.8648999538568045	4.749034774909996	4.747459581880052	43.55102552054003
2012-10-30	5.255000114440918	5.255000114440918	5.099999904632568	5.170000076293945	1.3699959516525269	141730	5.2865101568290305	5.3363735040842215	5.3445952165036505	5.332679763408631	5.277650176985416	5.192787101799161	4.867935775970607	4.751831886547098	4.749768546330401	41.378676255033994
2012-10-31	5.260000228881836	5.260000228881836	5.025000095367432	5.170000076293945	1.3699959516525269	119130	5.247673463317335	5.312605871542753	5.32796710791225	5.326300167835506	5.274817279598798	5.192335873571335	4.870941390899198	4.754610412724818	4.752064893488671	41.378676255033994
2012-11-01	5.5	5.5	5.239999771118164	5.275000095367432	1.3978198766708374	496870	5.2567823406673675	5.307233617803422	5.322922630527029	5.324288400287738	5.274822090540078	5.193972788854426	4.874961875520772	4.758068151479919	4.754922462897845	47.20895036027896
2012-11-02	5.25	5.394999980926514	5.039999961853027	5.25	1.3911950588226318	142030	5.254521560444911	5.299057386688648	5.315977618095883	5.321375129688219	5.274168877631128	5.19508223858008	4.878693598152406	4.761336801636198	4.757627804630643	46.034976970170064
2012-11-05	5.21999979019165	5.284999847412109	5.164999961853027	5.184999942779541	1.373970627784729	120900	5.231347687889788	5.282763466130204	5.303503553780041	5.316027083142781	5.271822326713981	5.194882589158287	4.881741422477054	4.764151839118878	4.759963171505774	43.03826230176283
2012-11-06	5.179999828338623	5.295000076293945	5.179999828338623	5.264999866485596	1.3951698541641235	73060	5.242565080755058	5.280225809038117	5.299836535942474	5.314026015822891	5.271642788286918	5.196271050095461	4.88555493933286	4.767479732988424	4.76272293486632	47.56263948550558
2012-11-07	5.230000019073486	5.289999961853027	5.21999979019165	5.255000114440918	1.3925199508666992	84160	5.246710091983678	5.2766221383813745	5.295566400561373	5.311711274592225	5.271204823185708	5.1974340018646785	4.88923101072697	4.7707190710711656	4.765412974098967	47.05947842329533
2012-11-08	5.255000114440918	5.445000171661377	5.150000095367432	5.369999885559082	1.422993779182434	222690	5.287806689842146	5.289961816549618	5.302655303894489	5.313997102473278	5.273804693248165	5.200851148076449	4.894014780625797	4.774701003393345	4.768716727713503	53.192181106098744
2012-11-09	5.5	6.380000114440918	5.494999885559082	5.775000095367432	1.5303144454956055	3779080	5.450204491683908	5.359252999237877	5.347640522130007	5.332075651214225	5.286994045935514	5.212220434161419	4.902780803658052	4.7813475089878565	4.774215543930191	67.47980001542957
2012-11-12	5.75	6.110000133514404	5.75	5.90500020980835	1.5647635459899902	848150	5.6018030643920556	5.43721688646223	5.400722397146992	5.354543280963014	5.303257366037431	5.225938845560369	4.912753136057558	4.788813639890319	4.7803946951098535	70.58366735356564
2012-11-15	6.335000038146973	6.699999809265137	6.215000152587891	6.460000038146973	1.7118324041366577	2290550	5.887868722310361	5.583328765274336	5.501605982004133	5.397894526342777	5.333697962671892	5.250375700859113	4.9281486276206365	4.799917868450164	4.78957286638328	79.55519950332211
2012-11-16	6.460000038146973	6.590000152587891	6.255000114440918	6.369999885559082	1.6879831552505493	1046970	6.048579110059935	5.695710353886443	5.58431016329508	5.436016305135573	5.360969065905766	5.2725464767937655	4.942495406306591	4.81035030710205	4.79820907960282	75.53224111062026
2012-11-19	6.329999923706055	6.949999809265137	6.329999923706055	6.784999847412109	1.797953724861145	3581960	6.2940526891773265	5.8513231386758235	5.698661561782417	5.488917620518967	5.398443560155933	5.3024960484891785	4.960828783830029	4.823470902054276	4.809065859754783	80.44318157998924
2012-11-20	6.980000019073486	6.980000019073486	6.480000019073486	6.625	1.7555553913116455	1071250	6.404368459451551	5.9618484045792774	5.786884270184091	5.533469870694693	5.430721361204461	5.328684245548799	4.97738770140386	4.835441195063882	4.8189889971331725	74.25514038835267
2012-11-21	6.539999961853027	6.679999828338623	6.474999904632568	6.579999923706055	1.7436308860778809	335150	6.462912280869719	6.050155764454531	5.86241909432904	5.574510264930433	5.460965533901872	5.353462773829141	4.993334091675523	4.8470329474136635	4.828612007660893	72.56444183485891
2012-11-22	6.5	6.869999885559082	6.409999847412109	6.679999828338623	2.5431129932403564	916050	6.535274796692687	6.140133487866544	5.940283926139476	5.617862796828794	5.4930453837554705	5.379730834314477	5.010116835323912	4.859212129346719	4.838728880997929	73.98213526939186
2012-11-23	6.764999866485596	6.775000095367432	6.510000228881836	6.724999904632568	2.5602447986602783	654300	6.598516499339314	6.223685833118833	6.0150187812340565	5.661279938311295	5.5254652395680255	5.406369825805925	5.0271803484513615	4.871609390312074	4.849036372930359	74.61775433956903
2012-11-26	6.699999809265137	6.934999942779541	6.599999904632568	6.744999885559082	2.5678582191467285	2395920	6.647344294745904	6.298159269181726	6.084540791169773	5.703778759771993	5.55755825656779	5.432877351741631	5.044273080163876	4.8840571676891305	4.859396829283522	74.9111188513306
2012-11-27	6.744999885559082	6.840000152587891	6.695000171661377	6.75	2.5697622299194336	741000	6.681562863163935	6.362707945012908	6.147917858677413	5.744807043702503	5.588938302447585	5.4589589883408065	5.061245487326424	4.896455458933721	4.869727994150825	74.98894840350486
2012-11-29	6.75	6.775000095367432	6.565000057220459	6.690000057220459	2.546919584274292	233910	6.684375261182777	6.409463961042558	6.199544734729132	5.781873436389481	5.617913611783713	5.483336039209711	5.077452000459698	4.908372698789447	4.879674836025522	72.0986291246446
2012-11-30	6.690000057220459	6.849999904632568	6.465000152587891	6.599999904632568	2.5126564502716064	384590	6.656250142332707	6.436683381555417	6.237683322338984	5.8139568273009745	5.6437579879113144	5.505448194960659	5.092601730849478	4.919612746668803	4.889075519460533	67.87271313410534
2012-12-03	6.644999980926514	6.644999980926514	6.364999771118164	6.465000152587891	2.46126127243042	490270	6.592500145751102	6.440728634560056	6.259332544267451	5.83948793809654	5.665369623823856	5.524449223824564	5.106257436538417	4.9298811015254085	4.897687129477623	62.00220869166644
2012-12-04	6.465000152587891	6.465000152587891	6.199999809265137	6.230000019073486	2.371795415878296	329340	6.471666770191897	6.410624546633403	6.256538970439455	5.854802137350538	5.680228318435688	5.53842052670078	5.117438954772597	4.938519765429382	4.904967527781425	53.35158605317329
2012-12-05	6.239999771118164	6.440000057220459	6.235000133514404	6.315000057220459	2.4041552543640137	159610	6.419444532534751	6.396963905288697	6.262106692990026	5.872849114600339	5.696932837877393	5.553798339186319	5.129354985642725	4.947665813879821	4.912672623570709	55.75611052070414
2012-12-06	6.675000190734863	6.880000114440918	6.429999828338623	6.46999979019165	2.4631643295288086	525790	6.43629628508705	6.407397603131976	6.281906035580657	5.89626678815294	5.717276705043558	5.571940942176523	5.14269473494172	4.957780989802159	4.921182608087764	59.823033724216636
2012-12-07	6.46999979019165	6.519999980926514	6.355000019073486	6.449999809265137	2.455550193786621	176490	6.440864126479746	6.41348363257957	6.29791496640775	5.917981808588713	5.736558891996757	5.589328246475308	5.155702745631505	4.967696065014538	4.929536800443924	59.06854584512876
2012-12-10	6.5	6.565000057220459	6.289999961853027	6.320000171661377	2.4060590267181396	95320	6.40057614154029	6.4001288524483995	6.300018319289047	5.9337472345915625	5.751912609882668	5.603796997469091	5.167287794646727	4.976681474361029	4.93713496094238	54.2767844098187
2012-12-11	6.400000095367432	6.400000095367432	5.965000152587891	6.105000019073486	2.324207305908203	192580	6.302050767384689	6.357967590537697	6.281445147839946	5.940463030061442	5.761204383808742	5.613721809778089	5.176618264541521	4.984178607548487	4.943516737216321	47.42467096315398
2012-12-12	6.105000019073486	6.21999979019165	6.099999904632568	6.114999771118164	2.3280141353607178	71560	6.239700435295847	6.323257902049193	6.265593207199776	5.947307608142097	5.7705147887379376	5.623648106042249	5.185955393960194	4.991692369432671	4.949918283849664	47.75503292825886
2012-12-13	6.289999961853027	6.289999961853027	5.940000057220459	5.989999771118164	2.280425548553467	186230	6.156466880569953	6.2756495976304745	6.2393462132872415	5.9489818106117465	5.776290709326891	5.630902594459593	5.193955835523955	4.9983256412046675	4.955601789244574	44.030537119701016
2012-12-14	6.0	6.195000171661377	5.949999809265137	5.974999904632568	2.2747151851654053	87600	6.0959778885908245	6.232699641487916	6.2141703743677486	5.950002128024328	5.781519898677041	5.63771640258183	5.201727418301155	5.004815171194221	4.961172270749427	43.59118865169761
2012-12-17	5.764999866485596	6.070000171661377	5.394999980926514	5.90500020980835	2.2480661869049072	234720	6.03231866233	6.185885436962264	6.184725596790663	5.948237346917819	5.7847693805489175	5.643009151239781	5.208725157520131	5.010796467131857	4.96632980047106	41.50958992940637
2012-12-18	6.400000095367432	6.440000057220459	6.005000114440918	6.114999771118164	2.3280141353607178	493470	6.059879031926054	6.17575891327025	6.178085041964711	5.954777049827636	5.79345965398495	5.652355500148263	5.217742815366878	5.018133366161666	4.972606685556563	49.32729548843015
2012-12-19	6.28000020980835	6.28000020980835	6.03000020980835	6.065000057220459	2.308978796005249	157750	6.061586040357523	6.159936219548851	6.16731504341764	5.959099520705786	5.800605454070095	5.660526679496227	5.226173235683829	5.025089291019199	4.9785760482432515	47.69280890628185
2012-12-20	6.190000057220459	6.269999980926514	6.119999885559082	6.175000190734863	2.3508565425872803	268140	6.09939075714997	6.162088215432568	6.168046962209756	5.967566213648103	5.810457947140221	5.670714273778181	5.235614299913193	5.032729895004021	4.985113885087468	51.50033729187253
2012-12-21	6.054999828338623	6.179999828338623	6.010000228881836	6.019999980926514	2.2918472290039062	99420	6.072927165075485	6.141789896217417	6.15394724970659	5.969622439815884	5.815972211187229	5.677630822434583	5.243419132560092	5.039289829129752	4.990769000365277	46.377475784394036
2012-12-24	6.0	6.099999904632568	5.820000171661377	5.880000114440918	2.2385482788085938	113350	6.008618148197296	6.104391355963632	6.1278570463479545	5.966107838820788	5.817657156009695	5.68163813514758	5.249753271683284	5.044875943982317	4.995628186780991	42.28600703492143
2012-12-26	5.880000114440918	6.09499979019165	5.800000190734863	5.820000171661377	2.2157058715820312	101790	5.94574548935199	6.063764043920452	6.098537343996852	5.960378126383164	5.817718814316318	5.684377977454783	5.255427370190529	5.05002627107653	5.000132951725692	40.631594196801615
2012-12-27	5.849999904632568	5.894999980926514	5.809999942779541	5.820000171661377	2.2157058715820312	70290	5.9038303834551185	6.028940633597727	6.0720099942506165	5.954873108550937	5.817778850035925	5.687063565458875	5.26104501000616	5.055142376728257	5.00461310046851	40.63159419680162
2012-12-28	5.795000076293945	6.59499979019165	5.614999771118164	6.255000114440918	2.381312847137451	748290	6.020886960450385	6.061234845146754	6.089437624744931	5.966642795056426	5.829284672783425	5.698309833755549	5.270935110547799	5.0631148533907995	5.0114458163918565	55.32747051681015
2012-12-31	6.300000190734863	6.480000019073486	6.130000114440918	6.170000076293945	2.3489530086517334	684960	6.070591332398238	6.076772735310638	6.09711023917817	5.974617590399074	5.838250867612649	5.707650234597893	5.279881030604975	5.0704695724798565	5.01777671398695	52.58815151027768
2013-01-01	6.179999828338623	6.295000076293945	6.059999942779541	6.195000171661377	2.3584706783294678	316310	6.112060945485951	6.093662369075029	6.1064330898908565	5.983260044566223	5.847639007192878	5.71730072840113	5.288986693700064	5.077941536594019	5.024209629056209	53.320196948344986
2013-01-02	6.320000171661377	6.324999809265137	6.09499979019165	6.130000114440918	2.3337244987487793	869140	6.1180406684709405	6.09885347555587	6.108677568419433	5.989014557110329	5.855069562646774	5.725472993471225	5.297354986443754	5.084931959038184	5.030252200014595	51.11057158933543
2013-01-03	6.199999809265137	6.295000076293945	6.065000057220459	6.150000095367432	2.341338634490967	541300	6.128693810769771	6.106160135528951	6.112613047176386	5.995327715473352	5.862830892455213	5.733879470736497	5.305839017378318	5.092008823731402	5.036371040972807	51.77281754788634
2013-01-04	6.25	6.28000020980835	6.199999809265137	6.244999885559082	2.3775057792663574	446380	6.167462502366208	6.1259943855332555	6.125221317498547	6.00511878096691	5.872887971221104	5.744000667069617	5.315183901638823	5.099669893909659	5.042975570178196	54.898017015769895
2013-01-07	6.324999809265137	6.440000057220459	6.300000190734863	6.385000228881836	2.430804491043091	517260	6.239975077871417	6.162995220297338	6.149962166201718	6.020016092649849	5.886364609580597	5.756693727699562	5.325828840218356	5.108210294806484	5.050309038258544	59.10391491035772
2013-01-08	6.480000019073486	6.5	6.300000190734863	6.409999847412109	2.4403223991394043	414730	6.296650001051648	6.198281595599449	6.174727659650326	6.035309573228761	5.900144484260374	5.769630482545355	5.336616611434214	5.116860059275624	5.057739042680148	59.82438276850901
2013-01-09	6.400000095367432	6.800000190734863	6.309999942779541	6.659999847412109	2.5354983806610107	2199750	6.417766616505135	6.2642413458584	6.220944058484782	6.059807231039873	5.920140678027525	5.78726155907737	5.349784603832004	5.1271134797948035	5.066494566203273	66.23116872892531
2013-01-10	6.670000076293945	6.800000190734863	6.550000190734863	6.65500020980835	2.533595323562622	719800	6.49684448093954	6.320064040708393	6.262282739563217	6.0831481321680485	5.939479086758599	5.804444502656201	5.3627718237919675	5.137265551090574	5.075174924911497	66.00447773996574
2013-01-11	6.375	6.704999923706055	6.375	6.65500020980835	2.533595323562622	314930	6.549563057229143	6.367912064865529	6.299684403396086	6.105573703840217	5.95830858999675	5.821287189926541	5.375629817682678	5.147350166763117	5.083807849965578	66.00447773996574
2013-01-14	6.599999904632568	6.715000152587891	6.400000095367432	6.679999828338623	2.5431129932403564	248740	6.593041980932303	6.412496031075971	6.33590492005728	6.128100218526429	5.977300464689957	5.838291400588166	5.388608623758857	5.157533885444682	5.092530210503136	66.66611804646807
2013-01-15	6.59499979019165	6.744999885559082	6.5	6.659999847412109	2.5354983806610107	222830	6.615361269758905	6.447853719123991	6.366771103614883	6.148959027502338	5.995266237919488	5.85456285498072	5.40125928270068	5.167517047982671	5.101095618355098	65.5666960554887
2013-01-16	6.599999904632568	6.889999866485596	6.5	6.800000190734863	2.588797092437744	549530	6.676907576750891	6.498160357925544	6.408031016673928	6.174490053511456	6.016443447204103	5.873284386381791	5.4151771026811195	5.178364112054115	5.110379249898156	69.37412619828604
2013-01-17	6.835000038146973	6.929999828338623	6.695000171661377	6.804999828338623	2.5907013416290283	534500	6.719604993946802	6.541994567984555	6.445837570165804	6.19921592703409	6.037194930918169	5.8917341971136095	5.429006184528458	5.189172322793547	5.119639471638268	69.50381214311652
2013-01-18	6.809999942779541	6.820000171661377	6.730000019073486	6.800000190734863	2.588797092437744	331830	6.7464033928761555	6.578852514091742	6.479567343553334	6.222776094238042	6.057268753544924	5.909719662333832	5.442647915933496	5.199875497995815	5.128821770649725	69.18829588755594
2013-01-21	6.800000190734863	7.0	6.574999809265137	6.880000114440918	2.6192538738250732	910920	6.790935633397743	6.62187359985591	6.51770379792358	6.24854958522639	6.078919578831661	5.928933136632982	5.456949927858943	5.211039116709736	5.13839105121689	71.42369424824217
2013-01-22	6.965000152587891	7.079999923706055	6.880000114440918	7.025000095367432	2.6744558811187744	390930	6.868957120720973	6.679463099214699	6.566017731013471	6.278998624839764	6.10381643452997	5.950637432845546	5.472552417087884	5.223092013577893	5.148700390255963	74.9684763966402
2013-01-23	7.025000095367432	7.929999828338623	7.025000095367432	7.659999847412109	2.9162039756774902	4428530	7.132638029618018	6.819539777528615	6.670206504003817	6.333155535528875	6.144768629605816	5.984486193530032	5.494318063160762	5.23928409220802	5.162423338109275	84.20748079187503
2013-01-24	7.519999980926514	7.885000228881836	7.519999980926514	7.610000133514404	2.897169351577759	1792960	7.291758730916814	6.932462685526585	6.759710659195301	6.383227872704778	6.183327353392884	6.016674588381208	5.515369626049853	5.2550363582632125	5.175798074696188	81.65193871034805
2013-01-25	7.614999771118164	8.0	7.599999904632568	7.869999885559082	2.996152400970459	1184140	7.484505782464237	7.066396571245513	6.8654524902775655	6.441532657522594	6.227713472660415	6.053374099216414	5.53879878286089	5.272411531202056	5.190520488963198	84.3172329008637
2013-01-28	7.860000133514404	8.15999984741211	7.840000152587891	8.104999542236328	3.085617780685425	1418100	7.691337035721601	7.214768424244201	6.983504590464114	6.506766653001564	6.277115737649255	6.094000345612847	5.564333118775073	5.291232713999626	5.2064466040084065	86.25999976690805
2013-01-29	8.300000190734863	8.300000190734863	7.869999885559082	8.180000305175781	3.114171028137207	650500	7.8542247922063275	7.3526586929487125	7.097456563293797	6.57238365896918	6.327191647321006	6.135307275505182	5.590359657943239	5.310427183043985	5.22269553133719	86.82112459331131
2013-01-30	8.095000267028809	8.199999809265137	7.75	7.820000171661377	2.9771170616149902	781860	7.842816585358011	7.419421761336236	7.166270240281185	6.621309796721815	6.366476082172068	6.168667530874612	5.612545135691678	5.327102086622838	5.2368884528690165	71.68764712523267
2013-01-31	7.724999904632568	8.140000343322754	7.679999828338623	8.015000343322754	3.0513548851013184	697750	7.900211171346259	7.504504415905738	7.2471016786660964	6.675964327961068	6.40985829957077	6.2052285766656645	5.636450162633281	5.3449618757039	5.252069392161113	74.30071878298357
2013-02-01	8.020000457763672	8.300000190734863	7.800000190734863	7.820000171661377	2.9771170616149902	771740	7.873474171451298	7.549575238156543	7.301663439903742	6.720828478694413	6.4469672962047335	6.237204251814094	5.658177028394754	5.3614073128863415	5.266101800792262	67.58334206701156
2013-02-04	7.820000171661377	8.005000114440918	7.699999809265137	7.739999771118164	2.9466605186462402	386330	7.828982704673587	7.576778742865346	7.3434097571622585	6.76079598035809	6.480994466597192	6.266962578929026	5.678891682551206	5.377211913937716	5.279620368936119	64.98749939735511
2013-02-05	7.684999942779541	7.699999809265137	7.400000095367432	7.434999942779541	2.830545425415039	291350	7.697655117375572	7.556524628567374	7.352132631982952	6.7872353514334405	6.506099873865148	6.290092031678541	5.696365396583329	5.390884924096133	5.29139839939428	56.13502393384074
2013-02-06	7.635000228881836	7.945000171661377	7.505000114440918	7.695000171661377	2.9295289516448975	365480	7.69677013547084	7.576306849009375	7.384786683380898	6.822833971834536	6.537386723807154	6.317911994846518	5.716252309768185	5.406194659960353	5.304532835308308	61.010743090507205
2013-02-07	8.100000381469727	8.140000343322754	7.550000190734863	7.699999809265137	2.931432008743286	1726860	7.697846693402272	7.5939772719030545	7.414806981084158	6.857232632125932	6.567981805003417	6.34528007037956	5.735991090857707	5.421435890188292	5.317622818772553	61.100283011329324
2013-02-08	7.840000152587891	7.840000152587891	7.300000190734863	7.454999923706055	2.8381593227386475	651320	7.616897770170199	7.574123365017769	7.4186348803814814	6.880674486697702	6.59132438707454	6.367254720940481	5.753095656358686	5.434947943567147	5.329302475083665	54.49569159971044
2013-02-11	7.480000019073486	7.75	7.065000057220459	7.599999904632568	2.893362283706665	828300	7.611265148324322	7.577820013534169	7.435907739833966	6.908883326616716	6.6178684796418565	6.391665516657156	5.771472813057929	5.449333670883196	5.341710657758796	57.42865631741285
2013-02-12	7.670000076293945	7.75	7.355000019073486	7.664999961853027	2.918107748031616	565120	7.6291767528338905	7.590274291865435	7.457726046692924	6.938534959371081	6.645424571278992	6.416880060126381	5.790313879215094	5.464055706039142	5.354406227726524	58.7133352395267
2013-02-13	7.599999904632568	7.860000133514404	7.349999904632568	7.485000133514404	2.8495805263519287	562530	7.581117879727395	7.575235126386716	7.460323578771161	6.959964966200231	6.66751866502203	6.4380309526687185	5.807176429009117	5.477483908215057	5.3660488173756375	53.865672862122636
2013-02-14	7.514999866485596	7.635000228881836	7.409999847412109	7.474999904632568	2.845773458480835	249000	7.545745221362453	7.560915808993267	7.461721324091295	6.980162414766205	6.68876817132757	6.458564991321468	5.823771687473032	5.490756439752715	5.377573140256823	53.60088983324081
2013-02-15	7.5	7.760000228881836	7.329999923706055	7.724999904632568	2.9409496784210205	610350	7.605496782452492	7.584356394084596	7.4867954746190355	7.009371728094298	6.7160374274671755	6.483642910396936	5.842689381176112	5.505601911280157	5.390400608914614	59.0237126557187
2013-02-18	7.730000019073486	7.900000095367432	7.40500020980835	7.619999885559082	2.9009757041931152	306720	7.610331150154688	7.589448321438094	7.499481608994278	7.0333179303478195	6.739825913206436	6.506145028716979	5.860374062811763	5.519651067255432	5.402584211519229	56.060215084343255
2013-02-19	7.565000057220459	7.96999979019165	7.510000228881836	7.849999904632568	2.9885380268096924	413010	7.690220734980648	7.626669976180161	7.5328643038169725	7.0653446744374175	6.769041018243966	6.532756016358872	5.880171334869681	5.535135112686509	5.41595806776575	60.71335557907748
2013-02-20	7.815000057220459	7.929999828338623	7.614999771118164	7.894999980926514	3.0056703090667725	309930	7.75848048362927	7.6650028340010685	7.567353415922643	7.0978801766526765	6.798671517261928	6.559731144370112	5.900219381099102	5.550815277923984	5.429504744886847	61.57082639099417
2013-02-21	7.889999866485596	7.889999866485596	7.65500020980835	7.690000057220459	2.9276254177093506	168300	7.735653674826333	7.668573865889553	7.5790340484271965	7.121100564125923	6.822127531471363	6.582112707000811	5.918028144045584	5.565029130278114	5.441857178287577	55.61562609602299
2013-02-22	7.670000076293945	7.925000190734863	7.650000095367432	7.71999979019165	2.9390461444854736	202830	7.730435713281438	7.675920426504138	7.5924593571666685	7.144586808285363	6.845755748806107	6.604645124489739	5.93595821017639	5.579347872204449	5.454306045019294	56.28201823893012
2013-02-25	7.610000133514404	7.940000057220459	6.409999847412109	7.795000076293945	2.967599391937256	2022490	7.751957167618941	7.692931805045539	7.611748949464505	7.170093210952366	6.870735862687367	6.6282165096739805	5.9544561391924855	5.5940698137598615	5.467096722785822	57.98057509423401
2013-02-26	7.900000095367432	7.90500020980835	7.199999809265137	7.309999942779541	2.782956838607788	454640	7.604638092672475	7.638227253293254	7.583010948827842	7.175579749455393	6.882295443742424	6.641717171715674	5.967944137238128	5.605471342856338	5.477167232184695	45.63342626160346
2013-02-27	7.300000190734863	7.420000076293945	7.099999904632568	7.275000095367432	2.7696328163146973	249270	7.494758760237461	7.58633765930385	7.5536765818316125	7.179478586549982	6.892629776679924	6.65425742762957	5.980949669159812	5.616564557158737	5.4869914554807755	44.89049684825569
2013-02-28	7.289999961853027	7.489999771118164	7.099999904632568	7.179999828338623	2.7334654331207275	74980	7.389839116271181	7.528289397737389	7.5180883195941846	7.179499027404439	6.900192146460416	6.664668168237671	5.992880516514825	5.626952831385847	5.496242867354316	42.85124314751984
2013-03-01	7.070000171661377	7.34499979019165	6.425000190734863	6.96999979019165	2.653517484664917	330600	7.249892674244671	7.448533739516569	7.4658894120320385	7.1712833710431525	6.902029189716501	6.670714338969432	6.002603096352406	5.635876731444357	5.504296183872553	38.66943673700609
2013-03-04	6.800000190734863	7.0	6.454999923706055	6.695000171661377	2.548823595046997	284800	7.064928506716906	7.340886086965828	7.392471389139595	7.152605598518377	6.896581057662419	6.671195246547491	6.009492619489809	5.642914096495633	5.510802763040798	33.99136852978815
2013-03-05	6.699999809265137	7.150000095367432	6.699999809265137	7.125	2.712526559829712	688120	7.084952337811271	7.3100452173992805	7.3669979235072525	7.15152302602746	6.902592082460776	6.680181479289125	6.020592195415283	5.6527618433627715	5.519623512969536	45.16250132776926
2013-03-06	7.0	7.269999980926514	6.764999866485596	7.119999885559082	2.710623025894165	991560	7.096634853727208	7.282895884279252	7.343474300845522	7.150286824440465	6.908313340437047	6.688890754660807	6.031531575416714	5.662510933344143	5.52836873904926	45.06699076775321
2013-03-07	7.019999980926514	7.289999961853027	6.760000228881836	7.054999828338623	2.6858773231506348	558430	7.082756511931013	7.250339304859162	7.316000541559151	7.146550079495294	6.912173511171299	6.696140439288091	6.0417153391273795	5.671763351251083	5.53671098543882	43.77106827386118
2013-03-08	7.099999904632568	7.150000095367432	6.920000076293945	7.014999866485596	2.6706488132476807	105880	7.060170963449207	7.21671938509151	7.2873338105997645	7.141391247612561	6.914879467890096	6.702454487351408	6.051399762285173	5.680688510820747	5.544789066756016	42.95252861634709
2013-03-11	7.005000114440918	7.005000114440918	6.715000152587891	6.804999828338623	2.5907013416290283	115920	6.975113918412346	7.157902305555384	7.241397240860608	7.128199427248878	6.911987898428215	6.704485088163036	6.058898270405107	5.68815901791389	5.551675464360292	38.84541407911761
2013-03-12	6.849999904632568	6.989999771118164	6.760000228881836	6.795000076293945	2.5868935585021973	40560	6.9150759710395455	7.1060591299466065	7.1988832251875925	7.115132786034959	6.908909271529945	6.706277464165629	6.066222666483603	5.695513443550967	5.558469587922771	38.65586659105998
2013-03-13	6.75	6.800000190734863	6.510000228881836	6.590000152587891	2.508849620819092	209800	6.806717364888994	7.032336418895361	7.140894361130478	7.0945393494291915	6.900516926294627	6.703974943144288	6.071434382763248	5.701456876833604	5.564106366964657	34.896542018395785
2013-03-14	6.889999866485596	6.889999866485596	6.329999923706055	6.610000133514404	2.516463041305542	419980	6.741144954430797	6.9720026638409385	7.090333006119423	7.075537811550181	6.892871747537253	6.702114055824884	6.076793245954802	5.707493709103908	5.569821633448535	35.55502421880354
2013-03-15	6.699999809265137	6.840000152587891	6.599999904632568	6.795000076293945	2.5868935585021973	512390	6.759096661718513	6.946716579905654	7.062206060421759	7.06453633173621	6.890296177241376	6.703953382962886	6.083939582575092	5.7147196650320815	5.576516597617089	41.453843219533866
2013-03-18	6.849999904632568	6.849999904632568	6.505000114440918	6.675000190734863	2.5412094593048096	284680	6.731064504723963	6.907899952881255	7.025329310927769	7.049260404638118	6.8846304933859415	6.703380052423717	6.089820782656284	5.721100266531768	5.582519240202432	38.9625906882655
2013-03-19	6.614999771118164	6.78000020980835	6.34499979019165	6.385000228881836	2.430804491043091	233750	6.61570974610992	6.833199992309909	6.964345588828157	7.023210985981009	6.87148232853057	6.697075501462492	6.092757891573951	5.725511561962666	5.586904382217074	33.69281591810876
2013-03-20	6.320000171661377	6.445000171661377	6.010000228881836	6.039999961853027	2.2994613647460938	132720	6.423806484690956	6.719885702244641	6.876312671973382	6.984653690917166	6.849601213618003	6.6840641046385425	6.092232937049365	5.727601185882203	5.589380314346232	28.71675425700715
2013-03-21	6.389999866485596	6.389999866485596	5.554999828338623	5.65500020980835	2.1528897285461426	201440	6.167537726396754	6.567759203325171	6.759997199386237	6.932510417148193	6.818164345096696	6.663686601770618	6.0878823626489575	5.727118787370085	5.589738893009959	24.38810664959365
2013-03-22	5.679999828338623	6.090000152587891	5.440000057220459	6.005000114440918	2.2861363887786865	290470	6.113358522411475	6.487365047770277	6.68809271510573	6.896137464100849	6.796765286395228	6.650643304991812	6.087057663661813	5.7289651749253725	5.592008080012314	34.11151570565892
2013-03-25	5.949999809265137	6.349999904632568	5.699999809265137	6.304999828338623	2.400348424911499	288790	6.177238957720524	6.461312873565755	6.651607678270768	6.872955596031742	6.78382409013058	6.643798879711551	6.089226242414816	5.732792647705527	5.595904209784589	41.10285363703244
2013-03-26	6.25	6.644999980926514	6.010000228881836	6.539999961853027	2.4898135662078857	598760	6.298159292431358	6.472553886178223	6.640978371945269	6.859898512338459	6.777407665702224	6.641743455595541	6.093711553055993	5.738156151454016	5.601063202965291	45.94173354547042
2013-03-28	6.599999904632568	6.989999771118164	6.264999866485596	6.804999828338623	2.5907013416290283	406180	6.46710613773378	6.520046163629709	6.65659946303035	6.857745622769838	6.778133775245287	6.6449762550558	6.100789048332437	5.745244813758896	5.6076420916285326	50.84597563855956
2013-04-01	6.800000190734863	6.875	6.5	6.619999885559082	2.5202701091766357	103840	6.518070720342214	6.534325266762476	6.6531137889854675	6.848422260526279	6.7739723570956505	6.644481673481608	6.105955325319767	5.7510571398173695	5.613174101431432	47.59942546510446
2013-04-02	6.650000095367432	6.795000076293945	6.605000019073486	6.78000020980835	2.5811829566955566	53220	6.605380550164259	6.569421687197601	6.665198210016218	6.845739042851066	6.774130984798616	6.647165208854415	6.112662239593286	5.75789397084721	5.619550200384311	50.54077599760044
2013-04-03	6.71999979019165	6.875	6.474999904632568	6.554999828338623	2.4955244064331055	76910	6.5885869762223805	6.567361421646319	6.654703126046924	6.834337505027048	6.76836437541809	6.645340151814498	6.117063608635528	5.763190355282369	5.624661946985154	46.58103361848215
2013-04-04	6.5	6.635000228881836	6.25	6.309999942779541	2.4022514820098877	69320	6.495724631741434	6.530595496093922	6.62187425145003	6.813775247684009	6.7563021535065495	6.6386997516355875	6.118983373154373	5.766823641578031	5.628406963355615	42.66154906520981
2013-04-05	6.59499979019165	6.75	6.139999866485596	6.309999942779541	2.4022514820098877	33870	6.43381640208747	6.499081845620439	6.592171936338555	6.79401935337403	6.744557358487418	6.632190844529527	6.120884035538703	5.770432786436513	5.632131515155746	42.66154906520981
2013-04-08	6.135000228881836	6.385000228881836	6.135000228881836	6.25	2.3794093132019043	33550	6.372544268058314	6.463498724817519	6.55958413287774	6.7726852610848525	6.731542691158801	6.624622708994289	6.122168771503492	5.773619279549892	5.63550784567402	41.665791098801925
2013-04-09	6.21999979019165	7.199999809265137	6.199999809265137	6.324999809265137	2.4079623222351074	110450	6.356696115127255	6.443713165452893	6.537242768724159	6.755128968856629	6.720844194266863	6.6186895822669785	6.124186990784702	5.777282937554644	5.639275561322059	43.4428375768914
2013-04-10	6.300000190734863	6.375	6.199999809265137	6.264999866485596	2.385119915008545	48130	6.326130698913368	6.4181826941718505	6.511314873272867	6.735908219744039	6.708848290904197	6.611685825518832	6.125588113926004	5.780523581600697	5.64269481982022	42.3318278624678
2013-04-11	6.304999828338623	6.559999942779541	6.204999923706055	6.364999771118164	2.423190116882324	60110	6.339087056314967	6.4105851337356095	6.497380101639085	6.721362790386162	6.69979964564667	6.606800953154463	6.127970319470204	5.784407144321744	5.646641841412012	44.86274677890131
2013-04-12	6.300000190734863	6.480000019073486	6.295000076293945	6.445000171661377	2.4536471366882324	91670	6.374391428097104	6.415501567725005	6.492391536879303	6.710525040632249	6.693094396331268	6.6035969772833125	6.131124845362654	5.7887964667625385	5.651004455238511	46.871590354523356
2013-04-15	6.300000190734863	6.650000095367432	6.300000190734863	6.565000057220459	2.4993319511413574	985150	6.437927637804889	6.436858494795784	6.499306634054651	6.7048181785376695	6.689723492670457	6.6028326818365235	6.135442011649797	5.793953965702459	5.655998966724751	49.824602088140324
2013-04-16	6.5	6.579999923706055	6.315000057220459	6.539999961853027	2.4898135662078857	59650	6.4719517458209355	6.451592990089676	6.503182189083068	6.69835471905984	6.685783399754209	6.601588469559623	6.139467463890625	5.798911081955951	5.660829573255507	49.210917333753066
2013-04-17	6.554999828338623	6.699999809265137	6.5	6.690000057220459	2.546919584274292	121610	6.544634516287443	6.4856511425369305	6.520974367000915	6.6980270852622175	6.685894364424374	6.603339194067758	6.144945400142664	5.804831938934453	5.666453455681545	52.955032679812255
2013-04-18	6.800000190734863	6.949999809265137	6.800000190734863	6.90500020980835	2.6287715435028076	503010	6.664756414127745	6.545558152147133	6.557548256792099	6.7061436783816735	6.691660307723952	6.609312679527968	6.152508134567198	5.812142027113017	5.673221470731418	57.76143303029955
2013-04-22	6.769999980926514	6.864999771118164	6.664999961853027	6.829999923706055	2.6002185344696045	102590	6.719837583987181	6.586192690941265	6.583496034593429	6.711000786041454	6.695300823934007	6.6136827239671385	6.159249346399426	5.818905202505662	5.67954266446352	55.62643804998339
2013-04-23	6.800000190734863	6.800000190734863	6.625	6.699999809265137	2.5507264137268066	57230	6.713224992413166	6.602450850701818	6.594591632181211	6.710569375187481	6.69542448144272	6.6153919731809605	6.1646299480199795	5.824759651720011	5.685118933014349	52.036147987595704
2013-04-25	6.619999885559082	6.804999828338623	6.559999942779541	6.644999980926514	2.529788017272949	373840	6.690483321917616	6.608529297876774	6.5993924272998115	6.707998026392933	6.694097520902821	6.615978270364041	6.1694097493424325	5.830209753575203	5.690364184642284	50.54963538449729
2013-04-26	6.644999980926514	6.644999980926514	6.449999809265137	6.545000076293945	2.4917171001434326	289540	6.6419889067097255	6.599453694793513	6.594212203394491	6.701605949918463	6.690173903939429	6.614572761570574	6.17314696652603	5.834959190935461	5.69503432612672	47.87190351628411
2013-04-29	6.599999904632568	6.599999904632568	6.239999771118164	6.284999847412109	2.392733573913574	257660	6.52299255361052	6.55453171659617	6.5647634075866454	6.685268455702527	6.679511428767658	6.608046565250604	6.174259930514946	5.837949494300754	5.698258181434291	41.688542551062966
2013-04-30	6.21999979019165	6.300000190734863	6.144999980926514	6.295000076293945	2.396541118621826	45270	6.446995061171662	6.517455767981566	6.5390716617492455	6.669963813372779	6.6693927089657175	6.601847624875225	6.17546132500031	5.84098637524423	5.701519066105655	41.99885653868318
2013-05-02	6.045000076293945	6.440000057220459	6.045000076293945	6.235000133514404	2.3736984729766846	105470	6.376330085285909	6.477104963057686	6.510112468584023	6.652906414162647	6.657961325401209	6.594583318115604	6.176053750955674	5.843604406860644	5.704434263195321	40.60271916044947
2013-05-03	6.224999904632568	6.5	6.059999942779541	6.295000076293945	2.396541118621826	54130	6.349220082288588	6.451089979234294	6.489625574080206	6.63887087150113	6.6484097135825975	6.588650976693393	6.177237296481428	5.846603713634287	5.707661398786024	42.65561206209007
2013-05-06	6.224999904632568	6.400000095367432	6.099999904632568	6.260000228881836	2.383216619491577	102850	6.319480131153004	6.423791443469657	6.467756493585123	6.624013199241549	6.63818841135363	6.582143041093165	6.178060808246606	5.849350534333606	5.710679643759224	41.74915463153473
2013-05-07	6.21999979019165	6.400000095367432	6.139999866485596	6.264999866485596	2.385119915008545	82510	6.301320042930535	6.401106932471934	6.448446338623263	6.609934245015825	6.628367660172892	6.575862978229648	6.178925873502715	5.852112323916011	5.71370871601456	41.93896200930374
2013-05-08	6.239999771118164	6.25	6.159999847412109	6.199999809265137	2.3603739738464355	89780	6.267546631708735	6.372377343442391	6.42478476439868	6.593858384790308	6.61709482199111	6.568420143200648	6.179135564405824	5.854423868669162	5.716366044392979	40.10911881895353
2013-05-09	6.385000228881836	6.445000171661377	6.150000095367432	6.335000038146973	2.411769390106201	144530	6.290031100521481	6.367037728400189	6.416233838088994	6.583707077078805	6.609671275047843	6.563797962902556	6.180686454691806	5.857617065808549	5.7197465580200495	45.43415464258874
2013-05-10	6.449999809265137	6.644999980926514	6.400000095367432	6.53000020980835	2.48600697517395	543180	6.370020803617104	6.390318082887069	6.427068730633694	6.5816009254211405	6.607574668067856	6.563128700465047	6.184162213449184	5.862084727894927	5.7241741736035925	52.06407236934013
2013-05-13	6.5	6.644999980926514	6.324999809265137	6.389999866485596	2.4327077865600586	53900	6.376680491239934	6.390272623401144	6.423538362619589	6.57408715840406	6.601849015394638	6.55970040672288	6.186210349300293	5.865592469679583	5.727812565367975	47.593024248584946
2013-05-14	6.480000019073486	6.480000019073486	6.329999923706055	6.40500020980835	2.4384191036224365	84640	6.386120397429406	6.39237656431646	6.421772824256614	6.567456297674816	6.596668783668683	6.556637036486948	6.188387362837687	5.869176574265156	5.731513044299343	48.107227555235966
2013-05-15	6.449999809265137	7.034999847412109	6.409999847412109	6.809999942779541	2.592604398727417	326010	6.5274135792127845	6.452037046954043	6.4587468355445115	6.576967813169119	6.602282761540021	6.561654123740267	6.194572562638103	5.875427892328374	5.73740641532929	59.625578368384865
2013-05-16	7.050000190734863	7.09499979019165	6.619999885559082	6.699999809265137	2.5507264137268066	492210	6.584942322563569	6.4874602987127705	6.48172330923219	6.5817925973297475	6.6048542627959455	6.564393642265512	6.199601689470213	5.880906775497389	5.742666488520197	55.990443771290884
2013-05-17	6.690000057220459	6.775000095367432	6.5	6.59499979019165	2.5107522010803223	157660	6.588294811772929	6.502823083209753	6.492511545514043	6.582310526461587	6.6045949345695165	6.564999704600683	6.2035359989301275	5.885651579581737	5.747324047545724	52.688393382696
2013-05-20	6.53000020980835	6.644999980926514	6.414999961853027	6.445000171661377	2.4536471366882324	50770	6.540529931735745	6.494562667274271	6.48798665276617	6.5769258066655	6.600395072387723	6.562623476225647	6.205938627514518	5.889368181522465	5.751136485382421	48.30558399247201
2013-05-21	6.590000152587891	6.639999866485596	6.300000190734863	6.34499979019165	2.415576696395874	117480	6.475353217887713	6.473196541976754	6.474368856330502	6.5678306687645645	6.5936741439088795	6.558314096304182	6.207322320675485	5.892395634071762	5.75438164005351	45.58326364421173
2013-05-22	6.300000190734863	6.480000019073486	6.215000152587891	6.269999980926514	2.387023687362671	527930	6.406902138900647	6.444168461826719	6.454905153911074	6.556151033947386	6.5851564027777645	6.5526049059006635	6.20794597898644	5.894904633054185	5.757199226615658	43.59872802963521
2013-05-23	6.25	6.275000095367432	6.150000095367432	6.25	2.3794093132019043	80110	6.354601425933764	6.416430110137188	6.4353903773481145	6.544145111047489	6.576336497441508	6.546612729546195	6.208364426956724	5.89726407070831	5.759892127016665	43.06035267691813
2013-05-24	6.190000057220459	6.335000038146973	6.150000095367432	6.264999866485596	2.385119915008545	202850	6.3247342394510415	6.394797218186961	6.419162709646923	6.533198238711728	6.568143428205826	6.541036237208361	6.208927963668454	5.899707497922777	5.762652278598463	43.622640369557544
2013-05-27	6.235000133514404	6.480000019073486	6.199999809265137	6.239999771118164	2.3756022453308105	52080	6.296489416673416	6.372683297177132	6.402099572644183	6.521700259590412	6.559508068808783	6.535075119067961	6.209237135881883	5.901968576149989	5.76526073484174	42.862901533970955
2013-05-28	6.284999847412109	6.284999847412109	6.079999923706055	6.135000228881836	2.335628032684326	61040	6.242659687409556	6.338728573134947	6.376661539904912	6.506535552503801	6.548336809863337	6.52715284401477	6.208498460190341	5.9035169592246195	5.767281169235401	39.732976724577895
2013-05-29	6.079999923706055	6.09499979019165	5.855000019073486	5.889999866485596	2.2423553466796875	93090	6.125106413768235	6.27462447218504	6.330312809103073	6.482357682463872	6.53101215345866	6.514535953370628	6.205329319954473	5.903427144654925	5.767951763209446	33.57267134685115
2013-05-30	5.835000038146973	5.949999809265137	5.75	5.78000020980835	2.2004776000976562	112270	6.0100710124482735	6.203963863274084	6.277902085360718	6.454814252163655	6.511248681257336	6.49999069112187	6.201097189505258	5.902607032131027	5.768017601715451	31.23139936098294
2013-05-31	6.090000152587891	6.090000152587891	5.605000019073486	5.659999847412109	2.1547930240631104	71090	5.893380624102885	6.126254718150945	6.219054253175136	6.4236450598204575	6.488847396156146	6.4833572090682114	6.1957131363501015	5.9009950242591405	5.767427340762974	28.86638249166963
2013-06-03	5.980000019073486	6.039999961853027	5.46999979019165	5.985000133514404	2.27852201461792	85480	5.923920460573392	6.1060754917742965	6.196763384636019	6.406443298004534	6.475588257665573	6.473488752126552	6.193616489555716	5.901553197742564	5.768616263127736	41.735109856981204
2013-06-04	5.929999828338623	6.380000114440918	5.929999828338623	6.284999847412109	2.392733573913574	354410	6.044280256186298	6.13163611400827	6.205166857281361	6.401680809746008	6.470572773185219	6.46975629856785	6.194525776698566	5.904101016012794	5.771438031347869	50.61621234572018
2013-06-05	6.260000228881836	6.565000057220459	6.119999885559082	6.539999961853027	2.4898135662078857	350210	6.2095201580752075	6.1899738065575205	6.237055724383424	6.407105090220793	6.472399804465951	6.47114726219726	6.1979633307797055	5.908326258177845	5.775637823317843	56.66297916076585
2013-06-06	6.5	6.650000095367432	6.199999809265137	6.28000020980835	2.3908309936523438	317840	6.233013508652921	6.202834721307639	6.241145675376274	6.402120585106579	6.4673366572381195	6.467362172050945	6.198779618133225	5.910795852540838	5.778393901932545	49.94759791882621
2013-06-07	6.25	6.400000095367432	6.244999885559082	6.324999809265137	2.4079623222351074	66840	6.263675608856993	6.220286876730138	6.24913178336569	6.399096240955934	6.463590950712515	6.464543115362117	6.200035540433045	5.913548038299804	5.781380819458953	51.02934950154121
2013-06-10	6.25	6.349999904632568	6.110000133514404	6.304999828338623	2.400348424911499	86640	6.277450348684203	6.232388726959922	6.254452549553588	6.395406185559177	6.459417500123728	6.461383842351751	6.201079961208225	5.916149046871491	5.784242125518404	50.50688258560504
2013-06-11	6.364999771118164	6.5	6.184999942779541	6.289999961853027	2.3946373462677	94620	6.281633553073811	6.240618903373223	6.25783801739163	6.391272608158936	6.454959143853447	6.457990102143855	6.201964737334044	5.918633106107248	5.787005829542091	50.09263958869021
2013-06-12	6.204999923706055	6.394999980926514	6.105000019073486	6.269999980926514	2.387023687362671	139990	6.277755695691378	6.24481620016655	6.258996299633047	6.386516818855704	6.450091797460633	6.4542675254860855	6.202641704931979	5.9209677697273095	5.789645141844738	49.5095696722628
2013-06-13	6.255000114440918	6.284999847412109	6.150000095367432	6.199999809265137	2.3603739738464355	331050	6.251837066882631	6.2384138586092055	6.2533775862646745	6.379202426322741	6.443510429350225	6.4492325212044825	6.202615417412907	5.922821803212611	5.791887517076543	47.42871255472371
2013-06-14	6.349999904632568	6.349999904632568	6.199999809265137	6.204999923706055	2.3622775077819824	27950	6.236224685823772	6.233640439337327	6.248770189830521	6.37237095563189	6.437233837096431	6.444396232145108	6.202639143843684	5.924696740890308	5.794144961921513	47.59813283405314
2013-06-17	6.179999828338623	6.284999847412109	6.099999904632568	6.224999904632568	2.36989164352417	24630	6.2324830920933705	6.232406077236647	6.246506353145001	6.366591698729956	6.43164873361054	6.440051750412186	6.202861638975912	5.926692110749061	5.796499360515563	48.31561393017535
2013-06-18	6.184999942779541	6.25	6.15500020980835	6.230000019073486	2.371795415878296	35770	6.231655401086742	6.2320623546419105	6.2449343213286665	6.361235162272839	6.4263421884911445	6.435892310187658	6.203131672608723	5.928707445688094	5.798868216573257	48.50544184770559
2013-06-19	6.34499979019165	6.34499979019165	6.150000095367432	6.224999904632568	2.36989164352417	23480	6.229436902268684	6.231053433212004	6.243035805452847	6.355892603149692	6.421043707336971	6.4317162229489435	6.203349266957219	5.930676166345532	5.801196805032597	48.31434150335415
2013-06-20	6.150000095367432	6.275000095367432	6.099999904632568	6.210000038146973	2.36418080329895	46680	6.222957947561447	6.228045805345571	6.239889541899907	6.350171326090762	6.415489926568814	6.427325803447914	6.203415443784978	5.932532138915641	5.803430702481309	47.70712111284613
2013-06-21	6.199999809265137	6.480000019073486	5.96999979019165	6.300000190734863	2.398444414138794	372080	6.248638695285919	6.2383250032583275	6.245614365598474	6.348203830586609	6.412450722994236	6.42480450418627	6.204376486043186	5.934973787100486	5.80614419695264	51.63486550787613
2013-06-24	6.25	6.5	5.699999809265137	6.215000152587891	2.3660848140716553	179680	6.237425847719909	6.234992881733979	6.242698726264132	6.342980156939601	6.407254655351964	6.42064996257046	6.204482194168009	5.9368344274027285	5.808378382502559	47.970212444151514
2013-06-25	6.284999847412109	6.284999847412109	6.005000114440918	6.099999904632568	2.322303533554077	252850	6.191617200024129	6.215708170719492	6.229108362299222	6.3334515195942265	6.399169004017243	6.41430045647268	6.203442569396512	5.937918583397611	5.809971942732777	43.474591694367795
2013-06-26	6.09499979019165	6.199999809265137	6.09499979019165	6.15500020980835	2.3432424068450928	43280	6.179411536618869	6.207035604875043	6.222050443014377	6.326453429014388	6.3927435094327985	6.409165798122891	6.202960555868271	5.939360986230905	5.811857343099311	46.07738668869254
2013-06-27	6.135000228881836	6.135000228881836	5.864999771118164	5.954999923706055	2.267101287841797	64780	6.104607665647931	6.171030507565187	6.196617060223108	6.31188662488465	6.381223941387358	6.400172414471073	6.200493285896508	5.93946489943672	5.812639542993336	39.03801108319894
2013-06-28	6.005000114440918	6.295000076293945	5.909999847412109	6.25	2.3794093132019043	313480	6.153071777098621	6.182311863627303	6.201701149725669	6.309459698418586	6.377770679771901	6.397198703293428	6.200985890016941	5.9415282555866415	5.8150294908458315	50.94287833277033
2013-07-01	6.25	6.255000114440918	6.099999904632568	6.164999961853027	2.3470497131347656	25680	6.157047838683423	6.179838734802407	6.198205798499703	6.303794610710132	6.372171450352983	6.39260070841342	6.200627821079987	5.943013117422298	5.816941897791226	48.032292441832624
2013-07-02	6.110000133514404	6.110000133514404	5.909999847412109	5.945000171661377	2.263294219970703	174810	6.086365283009408	6.146290368639402	6.1740909768960535	6.289724240551357	6.3609301009137305	6.3837373314480335	6.198084262379305	5.943026320440498	5.817641669779587	41.43386800191012
2013-07-03	5.90500020980835	5.985000133514404	5.800000190734863	5.829999923706055	2.219512939453125	139460	6.000910163241623	6.101106019363209	6.141320400401768	6.271695835969188	6.3469582541451075	6.372772234265024	6.194421731646237	5.94227531448213	5.817709201221809	38.45964582805
2013-07-04	5.860000133514404	5.925000190734863	5.795000076293945	5.880000114440918	2.2385482788085938	27780	5.960606813641388	6.069519461517168	6.116432754119782	6.256335219438668	6.334669882047629	6.36301437050613	6.191293158340711	5.9418615257775365	5.818049588725739	40.460790829612165
2013-07-05	5.900000095367432	5.985000133514404	5.75	5.809999942779541	2.2118992805480957	34540	5.910404523354106	6.03244524455465	6.087248676849283	6.238831875255957	6.320862778382679	6.352063589759069	6.187499195996819	5.9409853690798755	5.81800560158942	38.56984707370046
2013-07-08	5.769999980926514	5.954999923706055	5.699999809265137	5.775000095367432	2.1985743045806885	49500	5.865269714025215	5.995667366099333	6.057510716708155	6.220642393691701	6.30649797093491	6.340636589870126	6.18339472733384	5.93988247689574	5.81777059882318	37.62306474457285
2013-07-09	5.764999866485596	5.84499979019165	5.679999828338623	5.724999904632568	2.1795387268066406	158380	5.818513110894332	5.957000585889795	6.0258430203200035	6.201205433336441	6.291195390242743	6.328445764419877	6.178833584819399	5.938454685717911	5.817263655139078	36.253925989233466
2013-07-10	5.795000076293945	5.795000076293945	5.610000133514404	5.650000095367432	2.150986433029175	29080	5.762342105718699	5.913143372958029	5.9900484560388065	6.179589537729814	6.274321829851288	6.315011196715869	6.173571560048733	5.936538043921562	5.816349646615736	34.24106519110382
2013-07-11	5.835000038146973	5.835000038146973	5.699999809265137	5.730000019073486	2.1814424991607666	47500	5.751561410170295	5.886980036688809	5.965281938232586	6.1619585762138795	6.259997571672924	6.303426816960574	6.16915791287485	5.935165698241509	5.8158777907275265	38.183608262702876
2013-07-12	5.800000190734863	5.800000190734863	5.704999923706055	5.735000133514404	2.1833462715148926	37120	5.746040984618332	5.865268621949608	5.943350337783235	6.1452151078727235	6.246181849616121	6.292170843030947	6.164837934970766	5.9338356944891695	5.815435836316526	38.43206530860065
2013-07-15	5.710000038146973	5.900000095367432	5.525000095367432	5.614999771118164	2.1376614570617676	81960	5.702360580118276	5.829515928973687	5.9120788552437045	6.124422349568623	6.229571794918807	6.278761514874258	6.15936690846477	5.931717183370425	5.814340557271726	34.81541485257228
2013-07-16	5.619999885559082	5.744999885559082	5.5	5.585000038146973	2.1262400150299072	84720	5.663240399461174	5.794585087427014	5.880928491710683	6.1032685334344405	6.212609380266917	6.265023663849956	6.153651815227778	5.9294134149636255	5.813087330391263	33.95513879148568
2013-07-17	5.695000171661377	5.695000171661377	5.425000190734863	5.5	2.0938804149627686	29550	5.608826932974116	5.752501503508869	5.844649587738237	6.0796109438879915	6.19385650183884	6.249874680407382	6.147147817066307	5.926560169681475	5.811376470662349	31.574522150712337
2013-07-18	5.465000152587891	5.579999923706055	5.400000095367432	5.534999847412109	2.1072049140930176	49970	5.584217904453447	5.721429838352189	5.815159136278606	6.0582536459869765	6.17651816882761	6.235718743120347	6.141056792492634	5.9239584399654	5.80986621589049	33.637701989446626
2013-07-19	5.53000020980835	5.690000057220459	5.505000114440918	5.579999923706055	2.1243367195129395	5249120	5.582811910870983	5.701225564831312	5.792763020795506	6.039498598054391	6.16082032027178	6.222734212042837	6.135474137081823	5.921673001319158	5.808610115933198	36.29725808272421
2013-07-22	5.789999961853027	5.789999961853027	5.454999923706055	5.550000190734863	2.112915515899658	56220	5.5718746708256095	5.679621939960391	5.769642751265921	6.020302582081076	6.144746106336598	6.209412746274362	6.129648525675385	5.919203414537868	5.807196946943043	35.282106111642996
2013-07-23	5.519999980926514	5.744999885559082	5.465000152587891	5.559999942779541	2.116722583770752	13370	5.567916428143587	5.66253308322027	5.749676769505313	6.002251498186898	6.129358049400886	6.1965530867992165	6.123980380571944	5.916816680506251	5.805846143641603	35.92538569682008
2013-07-24	5.519999980926514	5.775000095367432	5.349999904632568	5.480000019073486	2.08626651763916	92350	5.538610958453553	5.636456931199301	5.723993269464186	5.981771048025588	6.112269680181744	6.182363917141282	6.117572615780915	5.913914244217661	5.80406556372593	33.091532800719
2013-07-25	5.485000133514404	5.570000171661377	5.449999809265137	5.519999980926514	2.101494550704956	20940	5.532407299277874	5.619820224017474	5.704565337222503	5.9636623787275855	6.096683635464501	6.169247799592474	6.111626619414205	5.911296873697454	5.802513292781671	35.81765988992252
2013-07-26	5.449999809265137	5.489999771118164	5.329999923706055	5.394999980926514	2.053905963897705	49980	5.486604859827421	5.587703046433051	5.675082922337171	5.941361892539308	6.078218276134554	6.153916159618891	6.1044960060959195	5.907866329559441	5.800286444083009	31.498581091917078
2013-07-29	5.170000076293945	5.400000095367432	4.90500020980835	5.045000076293945	1.920659065246582	152280	5.339403265316262	5.510174050698892	5.615075032237816	5.90621044876498	6.05102832350717	6.131957425295625	6.093953758038189	5.902132998972959	5.796159196171594	23.099396171836972
2013-07-30	5.0	5.25	4.775000095367432	5.065000057220459	1.9282732009887695	191900	5.2479355292843275	5.446577765916259	5.56268693937902	5.873221805959312	6.025080211236467	6.110829556620869	6.08371541275642	5.8965706538450355	5.792163791040713	24.34091574727013
2013-07-31	5.0	5.0	4.764999866485596	4.84499979019165	1.8445180654525757	87650	5.113623616253435	5.360638055098458	5.494335782313557	5.832899373968423	5.994025463314236	6.085763620651973	6.071389884173686	5.88958347202674	5.786988031473232	20.43308252618856
2013-08-01	4.909999847412109	5.690000057220459	4.90500020980835	5.105000019073486	1.9435020685195923	83640	5.110749083860119	5.324118335666319	5.457256185814503	5.804354301227445	5.970630056886847	6.066342559234577	6.06177406462045	5.88437029293735	5.783261321022961	33.93268475597582
2013-08-02	5.394999980926514	5.394999980926514	4.909999847412109	5.025000095367432	1.9130452871322632	224310	5.08216608769589	5.281387158480764	5.416088939105258	5.773791391193718	5.945745057899494	6.045721916385723	6.05145790572241	5.878660191956818	5.77911781705763	32.126538562302684
2013-08-05	4.96999979019165	5.170000076293945	4.800000190734863	4.889999866485596	1.8616498708724976	112250	5.018110680625791	5.22547468819574	5.365985217903385	5.739132900028694	5.917962289704391	6.022836331239186	6.039901109312093	5.872091020359003	5.774259249021717	29.293005845966697
2013-08-06	4.824999809265137	5.025000095367432	4.800000190734863	4.900000095367432	1.8654569387435913	108030	4.978740485539672	5.178978317791696	5.321605682423771	5.706225731218448	5.89117381090605	6.000601950330835	6.028558810665878	5.865631944445437	5.769481876597377	29.787022742996516
2013-08-07	5.019999980926514	5.445000171661377	4.795000076293945	5.179999828338623	1.9720544815063477	224960	5.045826933139322	5.1791242478698285	5.308119410606138	5.685589421301592	5.872458706101644	5.984352403360692	6.020115437707398	5.861076249321804	5.7662606632189135	42.00507038891968
2013-08-08	5.400000095367432	6.079999923706055	5.199999809265137	5.739999771118164	2.1852493286132812	864160	5.2772178791322695	5.259249322619591	5.349250873512045	5.687723160510085	5.86897294465471	5.979513737375691	6.017328217144321	5.860271754450019	5.766117161076286	57.81573062306197
2013-08-12	5.699999809265137	5.900000095367432	5.650000095367432	5.84499979019165	2.2252233028411865	138670	5.466478516152063	5.342927960844171	5.396465056052961	5.69389087147799	5.86834207216884	5.976850094857195	6.015613506428374	5.860170279604448	5.766548213694403	60.01675137121971
2013-08-13	5.764999866485596	5.900000095367432	5.53000020980835	5.605000019073486	2.1338541507720947	158120	5.512652350459204	5.380366826305502	5.416325528721582	5.690404955697421	5.8614120181400144	5.969486727019894	6.011527800086534	5.858474796145771	5.765665436674617	53.18588028205845
2013-08-14	5.599999904632568	5.795000076293945	5.460000038146973	5.519999980926514	2.101494550704956	175400	5.515101560614974	5.400314419822789	5.426199286074432	5.683722407667189	5.8524274908449225	5.96058599937448	6.00663697601529	5.856225794051291	5.764323002490201	50.97310324326507
2013-08-16	5.46999979019165	5.639999866485596	5.224999904632568	5.335000038146973	2.0310637950897217	119020	5.455067719792306	5.3909837938691005	5.417513643414674	5.670047020627181	5.838810978931819	5.948198158558093	5.999954021409636	5.852762499992126	5.761976975362642	46.44403936626126
2013-08-19	5.284999847412109	5.295000076293945	5.099999904632568	5.239999771118164	1.994896650314331	35740	5.383378403567592	5.369414647761824	5.400607560338816	5.65318242260722	5.823052789252512	5.934174428113739	5.99239228757589	5.848690986843462	5.759124640913218	44.26881918037229
2013-08-20	5.675000190734863	5.675000190734863	5.0	5.409999847412109	2.0596165657043457	135330	5.392252218182431	5.37521253342615	5.401502063869606	5.643645851030941	5.812182974993554	5.92379473344638	5.986597337922519	5.8457760955515585	5.757216855156382	48.88254164039709
2013-08-21	5.695000171661377	5.695000171661377	5.309999942779541	5.369999885559082	2.0443882942199707	101990	5.3848347739746485	5.37446786944514	5.398501856411461	5.632914636698711	5.800546577903173	5.912828498834751	5.980462039889052	5.8426147918306786	5.7551009154318065	47.87818932993517
2013-08-22	5.375	5.525000095367432	5.304999828338623	5.445000171661377	2.0729410648345947	106120	5.404889906536892	5.384543912618888	5.402930267387644	5.625545441991364	5.791190093528389	5.903564571563991	5.975134061100717	5.83997283422158	5.753406375848361	49.95446799211283
2013-08-23	5.539999961853027	5.539999961853027	5.304999828338623	5.460000038146973	2.0786521434783936	44310	5.423259950406918	5.3953233591229	5.408365483650437	5.6190534653700155	5.7824745657551935	5.894781115456723	5.970008349429536	5.837448098035038	5.751803062527589	50.380194177602164
2013-08-26	5.5	5.744999885559082	5.5	5.65500020980835	2.1528897285461426	57930	5.5005067035407285	5.432420052077964	5.4318545051892855	5.6204631416224995	5.779119977440803	5.890032978711211	5.966873940080071	5.836235819707951	5.7512740851903255	55.66081564082429
2013-08-27	5.599999904632568	5.760000228881836	5.300000190734863	5.389999866485596	2.0520026683807373	90840	5.463671091189018	5.426360025564768	5.427868349122267	5.611425366126935	5.768879974520929	5.880131332924566	5.961133899546793	5.833270796762951	5.74929990913183	48.159938888053716
2013-08-28	5.5	5.784999847412109	5.190000057220459	5.409999847412109	2.0596165657043457	46440	5.445780676596715	5.4240228572572455	5.426166587054633	5.603526326177334	5.7594357606496445	5.870821798557983	5.95564997863003	5.830458365205803	5.747445810433908	48.72158772195977
2013-08-29	5.360000133514404	5.519999980926514	5.315000057220459	5.385000228881836	2.0500991344451904	83060	5.4255205273584215	5.4184481960607584	5.422245981514366	5.594956675303	5.749582194024176	5.861201569455485	5.949971871667361	5.827498510479398	5.745465233485536	48.021228094700234
2013-08-30	5.400000095367432	6.059999942779541	5.239999771118164	5.949999809265137	2.26519775390625	391950	5.60034695466066	5.494384140804241	5.472508250823963	5.608879935458378	5.7548563417936744	5.862959950441814	5.949972149653409	5.828312472597576	5.7465829087630205	61.493323131289515
2013-09-02	5.864999771118164	5.949999809265137	5.664999961853027	5.764999866485596	2.1947669982910156	82130	5.6552312586023055	5.533043530187292	5.50036459517269	5.6150022856947395	5.755123276653988	5.861020146799117	5.948131629422883	5.82789179082939	5.746683547876259	56.34383915240966
2013-09-03	5.934999942779541	5.934999942779541	5.599999904632568	5.610000133514404	2.1357579231262207	56570	5.640154216906338	5.544037330662594	5.5108060750147585	5.614806122864138	5.751304246571367	5.856049453466746	5.944767136926281	5.826444005730951	5.745936643972643	52.38568745288564
2013-09-04	5.760000228881836	5.760000228881836	5.639999866485596	5.65500020980835	2.1528897285461426	26710	5.645102881207008	5.559889170540559	5.524538849757005	5.616382361567832	5.748769929814445	5.852068280324996	5.9418838839201324	5.82530484429625	5.745439723567373	53.40901548375565
2013-09-05	5.65500020980835	5.880000114440918	5.65500020980835	5.735000133514404	2.1833462715148926	26890	5.67506863197614	5.584905022393965	5.544582781543424	5.6210340388990705	5.748407566753918	5.849750099200034	5.939825339139976	5.824704812995374	5.745382676627194	55.2503308884374
2013-09-06	5.900000095367432	5.900000095367432	5.605000019073486	5.679999828338623	2.1624069213867188	114900	5.676712364096968	5.598489994671773	5.557479643142966	5.623346422798661	5.74660736311141	5.846388707697828	5.937240010674291	5.823743318080711	5.745025393303212	53.679621099419684
2013-09-10	5.784999847412109	5.784999847412109	5.610000133514404	5.695000171661377	2.1681177616119385	116420	5.682808299951771	5.612277162813145	5.570576836335196	5.626156373734453	5.745249279125883	5.843390914905027	5.934829664017446	5.822887881891878	5.744752031436317	54.063189383134855
2013-09-11	5.699999809265137	5.710000038146973	5.599999904632568	5.65500020980835	2.1528897285461426	156500	5.673538936570631	5.618380455241032	5.578617157618353	5.62728750456088	5.742874303617526	5.839660405893211	5.932045291338748	5.821772349187005	5.744261584323596	52.80742365235365
2013-09-12	5.605000019073486	5.699999809265137	5.599999904632568	5.619999885559082	2.1395649909973145	81840	5.655692586233448	5.618611802429324	5.582558369803185	5.627001715580417	5.739640766300199	5.8353106926192675	5.928940361928006	5.820431668365557	5.743582558647287	51.67633704386182
2013-09-13	5.889999866485596	5.889999866485596	5.650000095367432	5.795000076293945	2.206188440322876	84110	5.702128416253614	5.643810127267128	5.602790913278495	5.633589886588791	5.741097590247403	5.834512462593024	5.927607622767468	5.8202626876873405	5.743863528689071	56.67331547982807
2013-09-16	6.0	6.375	5.744999885559082	6.210000038146973	2.36418080329895	334250	5.8714189568847335	5.7246944002499625	5.66062035374216	5.656194206257739	5.753437128350023	5.841947860128745	5.930417497547364	5.8228523046339165	5.746410722729825	65.72483349386319
2013-09-17	6.164999961853027	6.300000190734863	5.949999809265137	5.980000019073486	2.276618719100952	206780	5.907612644280984	5.7611666315104655	5.6910374647260955	5.668892473426984	5.759399309684851	5.844681566246463	5.9309108559705095	5.82389647549398	5.74768716697214	58.43819453264479
2013-09-18	6.099999904632568	6.199999809265137	6.010000228881836	6.050000190734863	2.3032679557800293	250590	5.95507515976561	5.802428568542522	5.725224391012645	5.683837874105724	5.767046701291431	5.848747281582867	5.932095824475628	5.825398825761361	5.749339150708549	59.895487648621945
2013-09-19	6.010000228881836	6.449999809265137	5.860000133514404	6.264999866485596	3.5629570484161377	444030	6.0583833953389385	5.86851018253439	5.776631579152927	5.706628540473562	5.780150731954435	5.8569899070264855	5.935408302505578	5.828319762909031	5.752156968827549	64.06335097887556
2013-09-20	6.429999828338623	6.565000057220459	5.965000152587891	6.375	3.6255147457122803	468630	6.163922263559292	5.940865870743763	5.833619047805029	5.7328391859451875	5.795804660060897	5.867247532629921	5.939782349246816	5.831952189733555	5.755560482659092	66.009677096995
2013-09-23	6.170000076293945	6.389999866485596	6.125	6.195000171661377	3.5231473445892334	89750	6.174281566259987	5.97717077087485	5.86803629769611	5.750963146169352	5.806309805103015	5.873737683897871	5.942321830066861	5.834364468683241	5.7579617924350615	60.258461677472255
2013-09-24	6.150000095367432	6.300000190734863	6.099999904632568	6.179999828338623	3.5146169662475586	46820	6.176187653619532	6.006146350512532	5.897747110138254	5.767788114097558	5.816143753082899	5.87980228081749	5.944686785273546	5.836661049146068	5.760268011210491	59.790940590700345
2013-09-25	6.105000019073486	6.195000171661377	6.019999980926514	6.09499979019165	3.4662768840789795	163290	6.149125032476905	6.0188396990381205	5.916533079667149	5.780619944532621	5.823482069848919	5.88406361763678	5.946182437063776	5.838377585631421	5.76209714661476	57.088035082059086
2013-09-26	6.235000133514404	6.235000133514404	5.985000133514404	6.045000076293945	3.4378411769866943	392850	6.114416713749252	6.022576895788952	5.928768031726843	5.790987792836987	5.829311491071157	5.8872504782042485	5.947165697155619	5.8397504925461226	5.76364306426328	55.49871458510478
2013-09-27	6.190000057220459	6.190000057220459	5.875	5.909999847412109	3.361065626144409	117540	6.046277758303538	6.006494460306546	5.926980585601631	5.79565493223209	5.831434868869603	5.88770096076282	5.946795887705434	5.840217265668156	5.764442828105623	51.34252560596121
2013-09-30	5.699999809265137	6.239999771118164	5.684999942779541	6.139999866485596	3.491868495941162	186630	6.07751846103089	6.025566661189267	5.947268136162008	5.8091586551439915	5.839555000385813	5.892696978697924	5.948718315354988	5.842209176637042	5.7664950523590655	57.22048128204472
2013-10-01	6.244999885559082	6.244999885559082	6.0	6.03000020980835	3.4293107986450195	36110	6.06167904395671	6.026200025277707	5.955147381271184	5.817819108268084	5.844566716423248	5.895415854561497	5.9495270904241755	5.843456957588347	5.767934971252231	53.86880383429627
2013-10-03	5.775000095367432	6.25	5.775000095367432	6.0	3.4122490882873535	75110	6.041119362637807	6.0224571645237495	5.959419059245357	5.824963456963453	5.848657065991057	5.897486827738497	5.950029308429905	5.844497110694072	5.769203086163421	52.957721454509475
2013-10-04	5.954999923706055	6.090000152587891	5.855000019073486	5.880000114440918	3.344003915786743	213290	5.987412946572177	6.0021061573690595	5.951855350216363	5.827121757256687	5.849481883055527	5.89714055618805	5.9493325005295175	5.844733011051194	5.769808534405375	49.361473297356255
2013-10-07	6.0	6.125	5.75	5.965000152587891	3.3923447132110596	367920	5.979942015244082	5.996805299543178	5.953107236156508	5.832528753152028	5.852521837516905	5.898484310572205	5.949488397564924	5.845532128270707	5.770875155269761	51.855439479231656
2013-10-08	5.885000228881836	5.989999771118164	5.800000190734863	5.849999904632568	3.3269426822662354	176740	5.936627978373577	5.975833100270234	5.943287490297085	5.833213896347343	5.852455470862054	5.897524223325876	5.948498462311865	5.845561814492381	5.771307530949339	48.38350765864109
2013-10-09	5.869999885559082	5.960000038146973	5.840000152587891	5.885000228881836	3.3468480110168457	133430	5.919418728542997	5.962856975786177	5.937736322543252	5.835244732917323	5.8533119118625745	5.897276223435894	5.947866639093656	5.845823863757428	5.771928802522741	49.49190589042976
2013-10-10	5.829999923706055	5.929999828338623	5.800000190734863	5.824999809265137	3.312725067138672	172050	5.887945755450377	5.9431630948546	5.92699951175486	5.834842971205473	5.852566856531063	5.895845007313701	5.9466440835729735	5.845685497946848	5.772218808024065	47.60467998495873
2013-10-11	5.849999904632568	6.190000057220459	5.849999904632568	5.920000076293945	3.3667521476745605	263480	5.8986305290649	5.939854092203078	5.926332898853821	5.838182465522667	5.854341414945876	5.89632332551133	5.9463789690726845	5.846179282520582	5.773026355938108	50.8034262405943
2013-10-14	6.0	6.039999961853027	5.849999904632568	6.0	3.4122490882873535	280650	5.932420352709934	5.948446364745495	5.933348813248696	5.844528251188445	5.858174535605195	5.898376328966551	5.946912511668976	5.847201347088552	5.7742666490750585	53.38431222797644
2013-10-15	6.025000095367432	6.079999923706055	5.974999904632568	6.045000076293945	3.4378411769866943	550070	5.969946927237937	5.962239752109559	5.9439822668720526	5.85238989138866	5.863090997202267	5.9012797695076875	5.947888507336886	5.8485156243590195	5.775746066710134	54.820091468741296
2013-10-17	6.179999828338623	6.389999866485596	6.005000114440918	6.190000057220459	3.520303726196289	784840	6.043297970565445	5.994776938553973	5.9674125326195195	5.865629505735005	5.871693867202746	5.906997002927742	5.950297577484982	5.850784623912916	5.778009749718387	59.182636301667046
2013-10-18	6.150000095367432	6.25	6.059999942779541	6.135000228881836	3.4890248775482178	243670	6.073865390004242	6.0148088371722395	5.983373265596883	5.876193063505469	5.878622981983774	5.9115119182931695	5.952135414812314	5.85267309969344	5.7799605173640884	56.936861760844046
2013-10-21	6.099999904632568	6.349999904632568	6.079999923706055	6.184999942779541	3.5174598693847656	1297060	6.110910240929342	6.0391218522589964	6.002575806280946	5.888303137202492	5.8866855335836625	5.916927522738444	5.954452474792087	5.854881251474743	5.782173847557615	58.4793671161184
2013-10-22	6.224999904632568	6.480000019073486	6.199999809265137	6.385000228881836	3.631202220916748	733690	6.20227357024684	6.088533048919402	6.038997179861983	5.90778145452325	5.899799078196772	5.926196289196729	5.958736532046712	5.858403636706684	5.785467980788895	64.02963151684888
2013-10-23	6.5	6.644999980926514	6.449999809265137	6.579999923706055	3.7420997619628906	610740	6.3281823547332445	6.158742602460352	6.090521250704276	5.934142963118655	5.917699100447017	5.939142895820676	5.964918257336854	5.863198296420966	5.789809685394999	68.45695559320586
2013-10-24	6.78000020980835	6.78000020980835	6.389999866485596	6.425000190734863	3.6539499759674072	570840	6.360454966733784	6.1967794007852826	6.122376387850046	5.953392266162427	5.9310491291388026	5.94876383235363	5.969496187022406	5.866931199373218	5.793280671762977	61.93178696889755
2013-10-25	6.574999809265137	6.59499979019165	6.324999809265137	6.400000095367432	3.639732837677002	235930	6.373636676278333	6.2258109285827326	6.14881674094694	5.97090629868027	5.943389944039556	5.957699203898458	5.973779808000963	5.870473185393113	5.79659607844934	60.923111103464514
2013-10-28	6.409999847412109	6.78000020980835	6.315000057220459	6.514999866485596	3.7051339149475098	1902330	6.420757739680754	6.267123633997428	6.1836913243315745	5.992243301339302	5.958432310419715	5.968734860583352	5.979165082214741	5.874755754702697	5.800521782209102	63.840537937883404
2013-10-29	6.449999809265137	6.610000133514404	6.380000114440918	6.40500020980835	3.642575979232788	269690	6.415505229723286	6.286820287684702	6.204768361043648	6.008429846769461	5.970184097245732	5.977373778389787	5.983402247663434	5.878278973673499	5.803824943015655	59.28145118121058
2013-10-30	6.400000095367432	6.574999809265137	6.300000190734863	6.335000038146973	3.602766275405884	353180	6.388670165864515	6.2937031091793125	6.217171377910631	6.0212365209411285	5.979784516743133	5.984455486503791	5.986900733140882	5.8813136651317945	5.806727539163914	56.51551917936888
2013-10-31	6.485000133514404	6.980000019073486	6.309999942779541	6.784999847412109	3.85868501663208	858370	6.520780059713713	6.363888357498284	6.271250279767915	6.05118802393999	6.0009743938660005	6.000307850086133	5.994842017859998	5.887318224482494	5.8120732894822105	67.13224537012074
2013-11-01	6.800000190734863	6.934999942779541	6.53000020980835	6.585000038146973	3.744943857192993	371520	6.542186719191466	6.395475740448096	6.301131209137349	6.0721218284186955	6.016343489768131	6.011885913216051	6.000714236967331	5.891953984041727	5.816296932917537	60.10813226393425
2013-11-05	6.675000190734863	6.949999809265137	6.599999904632568	6.90500020980835	3.9269306659698486	227430	6.663124549397094	6.468264950356704	6.358642542534588	6.104783725728094	6.039729192927084	6.02957134483174	6.009712107343859	5.898685188199645	5.822246131151913	66.20156744770142
2013-11-06	6.885000228881836	6.900000095367432	6.755000114440918	6.864999771118164	3.9041810035705566	178900	6.730416289970784	6.524941353322627	6.406867040494928	6.134596119664959	6.061446839721587	6.046114481985926	6.018222432356538	5.905105883102758	5.827944238474133	64.86772143505213
2013-11-07	6.800000190734863	6.800000190734863	6.554999828338623	6.599999904632568	3.753473997116089	85270	6.686944161524712	6.535664003509762	6.425260646603275	6.152847248487218	6.075619288798191	6.057082510157147	6.024011262926448	5.909723119126212	5.832163121895764	56.71502725055283
2013-11-08	6.554999828338623	6.664999961853027	6.46999979019165	6.635000228881836	3.773379325866699	113780	6.66962951731042	6.5498548928486295	6.445235844915518	6.171755208502693	6.090339839853024	6.068526425379418	6.030090755125009	5.9145422361345545	5.836550209912081	57.475223365731765
2013-11-11	6.789999961853027	6.789999961853027	6.425000190734863	6.619999885559082	3.7648487091064453	366530	6.653086306726641	6.55987560609298	6.461880039262525	6.189333431132356	6.104278262108446	6.07944669191763	6.035960497716393	5.919229662376578	5.840831355680645	57.013079902147176
2013-11-12	6.789999961853027	6.800000190734863	6.460000038146973	6.574999809265137	3.7392566204071045	143450	6.627057474239472	6.5620362065461455	6.472653350691345	6.204457602823838	6.1166656712441485	6.089259624934412	6.041324072955684	5.92358693910009	5.844843205153784	55.56953711632025
2013-11-13	6.550000190734863	6.800000190734863	6.474999904632568	6.625	3.7676918506622314	281430	6.626371649492982	6.57103103418241	6.487162555387407	6.2209494615366285	6.130042890421934	6.09986834523274	6.047131793622791	5.928247490999757	5.849106357038189	56.87605902087671
2013-11-14	6.550000190734863	6.84499979019165	6.550000190734863	6.784999847412109	3.85868501663208	119220	6.679247715466024	6.601598007500939	6.515528011770712	6.243069084512138	6.147278599816413	6.113435305671936	6.054473764307262	5.933940197686883	5.854220529116735	60.84401297889334
2013-11-18	6.800000190734863	6.875	6.625	6.789999961853027	3.8615286350250244	157200	6.716165130928359	6.62851257240838	6.541668197492838	6.2645173542117805	6.164192319870008	6.126832625596314	6.061792432939558	5.9396283024321725	5.859334077929502	60.96489135943649
2013-11-19	6.795000076293945	6.900000095367432	6.795000076293945	6.849999904632568	3.895650863647461	637550	6.760776722163095	6.660153619868979	6.571033121982336	6.287477454228282	6.182239887890075	6.141152769735646	6.0696352933544135	5.94567728317769	5.86474755239236	62.46241060233487
2013-11-20	6.855000019073486	7.150000095367432	6.855000019073486	7.110000133514404	4.043515682220459	419950	6.877184525946865	6.724417407532611	6.622363313556819	6.319733245572835	6.2066546311959785	6.1603378660480965	6.079987182311229	5.953413647631755	5.871552211305595	68.16229837855978
2013-11-21	7.050000190734863	7.21999979019165	6.954999923706055	7.150000095367432	4.0662641525268555	350840	6.968123049087054	6.785214934366157	6.67261443563402	6.3522927298785055	6.231479511832069	6.179935137915806	6.090634076968505	5.9613643881482705	5.878538265316862	68.94360498710823
2013-11-22	7.400000095367432	7.440000057220459	7.150000095367432	7.295000076293945	4.148726463317871	1102350	7.077082058156018	6.858041383212984	6.731889258554013	6.389261645424209	6.259466895107382	6.202015631745076	6.102617818255325	5.970225754846913	5.886278493792147	71.65874322260684
2013-11-25	7.300000190734863	7.300000190734863	7.179999828338623	7.260000228881836	4.12882137298584	112310	7.138054781731291	6.915464075451392	6.782185541442376	6.423408256540194	6.285796719680394	6.222965821787388	6.114134061147131	5.978795684906946	5.893785169940178	70.06641106600173
2013-11-26	7.199999809265137	7.260000228881836	7.099999904632568	7.135000228881836	4.057733058929443	114860	7.137036597448139	6.946826383084312	6.815786940246134	6.4513138240830035	6.308144180448853	6.241025909056585	6.124291933462899	5.986478107126048	5.9005677658906786	64.54961792409932
2013-11-27	7.090000152587891	7.21999979019165	6.849999904632568	6.925000190734863	3.9383046627044678	72110	7.06635779521038	6.9437083556058194	6.826188202197442	6.469889760030135	6.324377233351116	6.254569954238333	6.132259179803914	5.9927141342596615	5.9061657572832695	56.50090763054434
2013-11-28	6.869999885559082	7.184999942779541	6.809999942779541	6.954999923706055	3.9553661346435547	359350	7.029238504708938	6.945321436762996	6.838455985198262	6.488913688017426	6.340972567307825	6.268439854623832	6.140445654867618	5.999108059770934	5.911897091526017	57.31964264765047
2013-11-29	6.954999923706055	7.050000190734863	6.800000190734863	6.860000133514404	3.901338577270508	116440	6.97282571431076	6.933132679156055	6.840507808847419	6.5034660976447585	6.354631187471156	6.280153919552358	6.147605400923805	6.004828272885508	5.917077982465844	53.862333051415426
2013-12-02	6.880000114440918	7.110000133514404	6.875	6.989999771118164	3.9752695560455322	127870	6.978550399913228	6.941256549436356	6.85474513858749	6.5225458495456765	6.371351413356604	6.29421027304871	6.155987434458077	6.011374262906987	5.922940943059572	57.62860550394981
2013-12-03	6.949999809265137	7.110000133514404	6.849999904632568	7.03000020980835	3.998018980026245	66010	6.995700336544935	6.953934215203784	6.871436097751381	6.54244602053637	6.388684276421124	6.308780370806327	6.164684078988926	6.01814254162394	5.928990447249456	58.74455533938324
2013-12-04	7.150000095367432	7.489999771118164	7.039999961853027	7.119999885559082	4.049202919006348	424400	7.037133519549651	6.977657882397398	6.895108839447353	6.5650951917137315	6.4079294240300175	6.324844123573708	6.174189708905047	6.025463852879323	5.935498695546229	61.21939661628256
2013-12-05	7.25	7.25	6.949999809265137	6.965000152587891	3.9610531330108643	132690	7.013089063895731	6.975849635281754	6.901765154984547	6.580777739198993	6.422589180044699	6.3375204805838905	6.182058469538707	6.031706618990343	5.941124386568315	55.090053149275576
2013-12-06	6.920000076293945	6.949999809265137	6.78000020980835	6.864999771118164	3.9041810035705566	157910	6.963725966303209	6.96001394040124	6.898263689854415	6.591923701235039	6.434231564020316	6.347965615049915	6.188853905375319	6.037243450565943	5.9461728859374405	51.50705161462762
2013-12-09	6.900000095367432	7.0	6.820000171661377	6.864999771118164	3.9041810035705566	129540	6.930817234574861	6.946440487646515	6.8950956975938205	6.6026325667206525	6.44556756947026	6.358203915170079	6.195581724934949	6.042743492562968	5.951193797878319	51.50705161462762
2013-12-10	6.869999885559082	6.940000057220459	6.71999979019165	6.864999771118164	3.9041810035705566	328550	6.908878080089296	6.934806099571037	6.892229418881853	6.612921476697026	6.45660525898731	6.368239476674002	6.2022426010163745	6.048206989430445	5.956187273141925	51.50705161462762
2013-12-11	6.800000190734863	6.894999980926514	6.75	6.829999923706055	3.8842766284942627	27710	6.882585361294882	6.9198337887331824	6.886302800293682	6.62143435697189	6.466431434374646	6.377383247902359	6.208488942535674	6.053401626867492	5.960962205658669	50.08313724500755
2013-12-12	6.800000190734863	6.840000152587891	6.659999847412109	6.739999771118164	3.83309268951416	92300	6.835056831235976	6.89414321478818	6.872369178467442	6.626083981056058	6.473630601131054	6.384563773114554	6.213777607496694	6.057963740782779	5.965219241535497	46.52162961044979
2013-12-13	6.699999809265137	6.800000190734863	6.659999847412109	6.75	3.838780641555786	54150	6.806704554157317	6.873551326961297	6.860714970994352	6.63094343277935	6.480903480048658	6.391800134042978	6.219113153690757	6.0625619883523285	5.969507660980658	46.97285340153658
2013-12-16	6.699999809265137	6.800000190734863	6.650000095367432	6.695000171661377	3.8075015544891357	89900	6.7694697599920035	6.848044019061309	6.844932609153116	6.6334554617551165	6.486537603512151	6.397804095183937	6.22384834789942	6.066764235417505	5.973472100929733	44.73713024791984
2013-12-17	6.675000190734863	6.789999961853027	6.619999885559082	6.650000095367432	3.781909465789795	55280	6.7296465384504796	6.819752029962183	6.8263676078401945	6.634104270916383	6.490839248034658	6.40279807538559	6.228088663794624	6.070639556746076	5.977168975216278	42.93646108379027
2013-12-18	6.690000057220459	6.949999809265137	6.559999942779541	6.869999885559082	3.9070255756378174	148820	6.77643098748668	6.826930295047455	6.830523062861041	6.643355079333744	6.5008171595484585	6.412049596379124	6.234475840130589	6.075950921057125	5.982047832649846	52.91452840935853
2013-12-19	6.900000095367432	7.179999828338623	6.659999847412109	6.989999771118164	3.9752695560455322	376270	6.847620582030508	6.850225934486128	6.845711320790291	6.656948988815485	6.513690386168714	6.423494154294749	6.241993491185192	6.082024335343245	5.9875557667398365	57.30038966137519
2013-12-20	7.09499979019165	7.21999979019165	6.900000095367432	6.965000152587891	3.9610531330108643	210930	6.886747105549635	6.866622251357808	6.857072161913872	6.669029426610481	6.525566958969219	6.434217045350059	6.249187587318552	6.087891284295037	5.992896992892011	56.127437202607055
2013-12-23	6.974999904632568	7.050000190734863	6.775000095367432	6.855000019073486	3.8984949588775635	269530	6.876164743390919	6.864961932460048	6.856874814976693	6.676322391020795	6.534236250024595	6.442549381463395	6.255215571714124	6.0929883523002095	5.997607938390271	51.16452809598956
2013-12-24	6.855000019073486	7.039999961853027	6.855000019073486	6.994999885559082	3.9781136512756348	93400	6.915776457446973	6.883538782902767	6.8700295836035865	6.688819547669356	6.54636160885445	6.453488995405883	6.26257660966283	6.098981784414886	6.0030581676097725	56.443324647306895
2013-12-26	7.199999809265137	7.199999809265137	6.900000095367432	7.135000228881836	4.057733058929443	242470	6.988851047925261	6.9194618466140625	6.895264883153896	6.706316829285531	6.56185209885517	6.466984267355902	6.27125744169486	6.105865627899717	6.009243643354429	60.98501145202086
2013-12-27	7.184999942779541	7.260000228881836	7.099999904632568	7.15500020980835	4.069107532501221	324630	7.04423410188629	6.953110184213246	6.920001580930511	6.7239122559727	6.577461259669728	6.480608345424267	6.280050902074098	6.112836621799442	6.015504608198439	61.60099287975945
2013-12-30	7.005000114440918	7.400000095367432	7.005000114440918	7.309999942779541	4.157257556915283	287560	7.132822715517373	7.004094435437002	6.95714428205899	6.746896086827871	6.596738593435775	6.4970319414115005	6.290299151235346	6.120791195360772	6.02257835319615	66.07177336561425
2013-12-31	7.349999904632568	7.650000095367432	7.300000190734863	7.5	4.2653117179870605	421180	7.255215143678249	7.07493808751743	7.0088448266248005	6.776429573618935	6.620508630450623	6.516892695046916	6.302335975601164	6.1299553734646866	6.0306516955284115	70.59178435861114
2014-01-01	7.510000228881836	8.119999885559082	7.510000228881836	7.900000095367432	4.492794990539551	869740	7.470143460907976	7.192804088638859	7.093716756981242	6.820491162707111	6.65417945847475	6.544280960399798	6.3182331310217235	6.141716467962379	6.040866714106767	77.41379801839054
2014-01-02	8.194999694824219	8.654999732971191	8.0	8.079999923706055	4.5951619148254395	3253480	7.673428948507335	7.319546350791315	7.18764848714551	6.869883663138443	6.691701049665047	6.574691236900912	6.335763148859378	6.154595427801207	6.052009518530807	79.69632180096814
2014-01-03	8.0	8.399999618530273	7.71999979019165	8.350000381469727	4.748713970184326	1157260	7.898952759494799	7.466754069459659	7.29834866755734	6.927927456014179	6.73534050576517	6.609845873427027	6.355805310377889	6.169182836131231	6.064566845650692	82.54570866196606
2014-01-06	8.300000190734863	8.6899995803833	8.210000038146973	8.515000343322754	4.842550754547119	1364520	8.104301954104118	7.616503537154387	7.414220255725475	6.9901656084576524	6.782173659385107	6.647571704514071	6.377289838068883	6.18476966342154	6.077957192632506	84.02147440623892
2014-01-07	8.595000267028809	8.670000076293945	7.980000019073486	8.145000457763672	4.6321282386779785	779310	8.117868121990636	7.692003097241428	7.483818370205303	7.035453249606908	6.818037522500332	6.677223759033866	6.394878998463856	6.197794452752717	6.089252511021201	69.77472549116234
2014-01-08	8.239999771118164	8.300000190734863	8.079999923706055	8.100000381469727	4.606536865234375	276530	8.111912208483666	7.7502884235597564	7.542502371278105	7.07720019595447	6.851773387210053	6.705397553537546	6.411845380384312	6.210433694803993	6.10024020430234	68.25879109121234
2014-01-09	8.140000343322754	8.295000076293945	8.0	8.109999656677246	4.612224102020264	239790	8.11127469121486	7.801675742576541	7.596549731792309	7.117702135590657	6.884884604827611	6.733211456570015	6.428742437859864	6.223055395547337	6.11122249639182	68.4229610274676
2014-01-10	8.104999542236328	8.800000190734863	8.100000381469727	8.529999732971191	4.851080894470215	1412210	8.250849705133637	7.905722026918634	7.685449731904583	7.173086355095776	6.92817710819981	6.768791422439346	6.4496504706470414	6.238383929350817	6.124439858340341	74.40993182876716
2014-01-13	8.65999984741211	9.0	8.609999656677246	8.930000305175781	5.078564167022705	1596000	8.477233238481018	8.052047495241084	7.803978357930411	7.241984941373424	6.980856666014967	6.811587637939077	6.474330568503049	6.256268423542346	6.139770789743813	78.5760469903701
2014-01-14	8.880000114440918	8.984999656677246	8.699999809265137	8.819999694824219	5.016005992889404	2122410	8.591488723928752	8.161754952324388	7.900742294777441	7.303867872881298	7.029255166773105	6.851358173718981	6.497670559809728	6.273303182819966	6.1544168493344165	74.96179069577803
2014-01-15	8.84000015258789	8.869999885559082	8.699999809265137	8.800000190734863	5.004632472991943	334320	8.660992546197456	8.252932843525885	7.986385903916243	7.362539728483399	7.075853720035256	6.889945144352959	6.520579312356246	6.290091867257939	6.168873588904911	74.29270192943609
2014-01-16	8.899999618530273	9.34000015258789	8.795000076293945	9.244999885559082	5.257707595825195	2219780	8.855661659317997	8.394656706673485	8.106253902167941	7.436361695427543	7.132936513864831	6.936579891703575	6.547687974776175	6.309725807578877	6.185683022219961	78.82219758574155
2014-01-17	9.390000343322754	9.390000343322754	8.949999809265137	9.130000114440918	5.192305564880371	2602470	8.947107811025637	8.499705764925976	8.203753541432034	7.502778888330028	7.185490819143149	6.980013955520156	6.573382622932043	6.328465171744074	6.201772186658327	75.1377405876493
2014-01-20	9.0	9.300000190734863	9.0	9.145000457763672	5.2008376121521	261740	9.013072026604982	8.591890721045646	8.29339610489219	7.567179734190171	7.237056862264741	7.022884975366562	6.598970860094547	6.347179691916962	6.217855401254531	75.2999261205051
2014-01-21	9.234999656677246	9.234999656677246	9.100000381469727	9.125	5.189462184906006	465500	9.050381351069989	8.668049189467697	8.37259647585484	7.628270725006243	7.286739576415669	7.064511015458313	6.624105478402064	6.365636969711534	6.23374143731325	74.60114616554677
2014-01-22	9.104999542236328	9.300000190734863	9.010000228881836	9.145000457763672	5.2008376121521	615200	9.081921053301217	8.73618508493855	8.446158759846156	7.687750322369279	7.335641178556406	7.105708826197033	6.649189010535015	6.384104501193607	6.249649956550684	74.85246554777304
2014-01-23	9.114999771118164	9.1899995803833	9.0600004196167	9.100000381469727	5.1752448081970215	422020	9.087947496024054	8.788158698728717	8.508429390476973	7.74313267762812	7.38207168389623	7.145199748083622	6.673575193330386	6.402150320996107	6.265225641932755	73.0998512292025
2014-01-24	9.100000381469727	9.274999618530273	9.015000343322754	9.194999694824219	5.22927188873291	699000	9.123631562290775	8.846278841028074	8.573817038510043	7.80006863908679	7.429780315762756	7.1857898460388805	6.698663994340275	6.420707459692639	6.281235336210851	74.45942511266574
2014-01-27	9.0	9.164999961853027	8.850000381469727	8.984999656677246	5.109842777252197	641950	9.077420927086266	8.866096100406526	8.6129772878593	7.846536522129553	7.470707140523664	7.221417763081225	6.721413602920742	6.437745946051341	6.2960100046287	66.46274051141563
2014-01-28	9.279999732971191	9.279999732971191	8.630000114440918	9.079999923706055	5.163869857788086	1600310	9.078280592626195	8.896653789449315	8.65745563413042	7.8949076359168675	7.513056950607411	7.25822137022231	6.744882123525571	6.455302450886256	6.311223064295789	68.13021631241395
2014-01-29	9.125	9.319999694824219	8.930000305175781	9.055000305175781	5.149653434753418	2051800	9.07052049680939	8.919274720267381	8.695317031372836	7.940401466083884	7.553634407306578	7.293801151112478	6.767868374089255	6.472576190781868	6.326216382551964	67.18356884319196
2014-01-30	9.029999732971191	9.029999732971191	8.645000457763672	8.75	4.976196765899658	789890	8.96368033120626	8.895092617372041	8.700524933146852	7.972150428198241	7.585117712377458	7.322636771882528	6.7875910768346355	6.487708574896274	6.339461101772992	56.81208663924504
2014-01-31	8.84000015258789	8.890000343322754	8.729999542236328	8.78499984741211	4.996101379394531	228810	8.904120169941544	8.879365078806337	8.708570163076876	8.004026876010549	7.616693558036264	7.35159445654648	6.807465790969735	6.502972968733589	6.352824701475938	57.62059254564028
2014-02-03	8.704999923706055	9.164999961853027	8.664999961853027	9.0	5.118373870849609	679870	8.936080113294363	8.89659863897686	8.736325385640983	8.043084645578762	7.653096359140573	7.384236150476252	6.829282051756105	6.5195645104695785	6.367290140265687	62.29069878755429
2014-02-04	8.970000267028809	9.180000305175781	8.954999923706055	9.130000114440918	5.192305564880371	1349140	9.000720113676548	8.929941706900296	8.773818216955263	8.085708781612572	7.69196224743795	7.418805733921097	6.852174768797745	6.536909597539156	6.3823869160808515	64.81542256320095
2014-02-05	9.130000114440918	9.199999809265137	9.010000228881836	9.079999923706055	5.163869857788086	293610	9.027146717019717	8.951378595015404	8.802978379502957	8.124700591106434	7.728489554708164	7.451700668372284	6.874342183274445	6.5538072076797995	6.397127970767328	63.06647592543142
2014-02-06	9.194999694824219	9.199999809265137	8.899999618530273	8.984999656677246	5.109842777252197	418800	9.01309769690556	8.95618160382424	8.82031373923384	8.158437809364113	7.761555610023139	7.482063024576343	6.895343750173975	6.569961310330945	6.411269346100169	59.76662167334395
2014-02-07	8.994999885559082	9.029999732971191	8.949999809265137	9.0	5.118373870849609	1680230	9.00873179793704	8.962441374706492	8.837426716449665	8.19144024821258	7.794146251864635	7.512121182505524	6.916285603406075	6.586107746807151	6.425415415247162	60.12143244903899
2014-02-10	9.0	9.069999694824219	8.90999984741211	9.0	5.118373870849609	1745920	9.005821198624693	8.967806892605564	8.852909886311602	8.22314847377287	7.825879245236619	7.541584129386603	6.937019079989099	6.602146897991157	6.4394841834698555	60.12143244903898
2014-02-11	9.020000457763672	9.475000381469727	8.904999732971191	9.149999618530273	5.203680992126465	4376890	9.053880671926553	8.993834424880523	8.881204146522904	8.259495577488847	7.860724518218031	7.573433941052814	6.959038786840255	6.619076151948228	6.454295743224284	63.82157362759756
2014-02-12	9.399999618530273	9.539999961853027	9.175000190734863	9.295000076293945	5.2861433029174805	1468510	9.134253806715684	9.036858089368154	8.920613282691574	8.300103597049832	7.898468611851608	7.60752435957244	6.982282182755217	6.636856377359163	6.469818717721933	67.0083171769136
2014-02-13	9.045000076293945	9.390000343322754	9.045000076293945	9.260000228881836	5.266237735748291	155680	9.176169280771068	9.06873553787011	8.95293584899541	8.337746602219715	7.9342983912471405	7.64024665401421	7.004946043910706	6.654285904611806	6.485065611225538	65.50837090466918
2014-02-14	9.204999923706055	9.539999961853027	9.204999923706055	9.484999656677246	5.3941969871521	1249920	9.279112739406461	9.128201840556843	9.003608592584156	8.382736918080795	7.975106319284775	7.6767764164431815	7.029623194286492	6.67309463386141	6.501458693441121	70.13633557129008
2014-02-17	9.550000190734863	9.720000267028809	9.489999771118164	9.550000190734863	5.431163311004639	1157560	9.369408556515928	9.18845874772513	9.055645887646127	8.428511948380955	8.016550894849251	7.713869956528165	7.054701572360605	6.692210285402098	6.518117390147644	71.33301689296853
2014-02-18	9.350000381469727	9.645000457763672	9.350000381469727	9.59000015258789	5.453911781311035	316770	9.442939088539916	9.245821805562668	9.106536770021533	8.474060505408678	8.057957454263425	7.751021049519447	7.079928423905155	6.711464703124262	6.534903634751143	72.07460386835176
2014-02-19	9.640000343322754	9.704999923706055	9.550000190734863	9.640000343322754	5.4823479652404785	460370	9.508626173467528	9.30213302524268	9.157342824621649	8.519783636307269	8.09959016187025	7.788426580089809	7.105401776337171	6.73092341169701	6.551871376328037	73.01434834185444
2014-02-20	9.800000190734863	9.899999618530273	9.614999771118164	9.704999923706055	5.519312858581543	499680	9.574084090213704	9.359685439308876	9.209500643582068	8.56626270640134	8.141837787181718	7.826378527488151	7.131268424569697	6.750684717424645	6.569101586969447	74.2285020633773
2014-02-21	9.744999885559082	10.0	9.729999542236328	9.9399995803833	5.652958869934082	1797670	9.696055920270236	9.442587459462365	9.27907197089647	8.620134740675141	8.189157834371233	7.868232409723698	7.159215998259385	6.771876178308091	6.58752179458373	78.07015167634471
2014-02-24	9.720000267028809	10.0649995803833	9.720000267028809	10.010000228881836	5.692770004272461	912470	9.800704023140769	9.523646426522289	9.348684185942696	8.674639269624423	8.237074739489934	7.910643653667424	7.187582010504385	6.7933919527305076	6.606223862530714	79.07095121973433
2014-02-25	9.970000267028809	10.039999961853027	9.725000381469727	9.845000267028809	5.598933219909668	737370	9.815469437770115	9.56955411802322	9.395952384141374	8.720535779326555	8.279388569162009	7.948947745021115	7.21402398320612	6.813668419935148	6.623922094249283	70.861937915387
2014-02-26	9.854999542236328	10.1899995803833	9.824999809265137	10.024999618530273	5.701299667358398	6141310	9.885312831356835	9.634617760952798	9.455861644559365	8.771691224001211	8.325325702040121	7.990057683110405	7.241993890025266	6.835006168763022	6.642507217332786	74.02950618416965
2014-02-28	10.100000381469727	10.390000343322754	9.859999656677246	10.28499984741211	5.84916353225708	7274780	10.018541836708593	9.727529487589843	9.534827187688197	8.831036660213403	8.376896074286753	8.035502082403507	7.272272556267921	6.857929714800558	6.662411548644695	77.7859769312782
2014-03-03	10.145000457763672	10.630000114440918	10.145000457763672	10.369999885559082	5.897503852844238	16544370	10.135694519658756	9.81931097301402	9.614367444628282	8.891388159246567	8.429346174583394	8.081729761673914	7.303095713773305	6.881265729224203	6.6826715942016035	78.86240602822375
2014-03-04	10.574999809265137	10.59000015258789	10.364999771118164	10.475000381469727	5.957218647003174	3591820	10.248796473595746	9.912980888507692	9.69633248623223	8.95349059933375	8.48317918002777	8.129121259095614	7.3346569542478965	6.905144364787296	6.703394702328752	80.14249402422512
2014-03-05	10.5	10.600000381469727	10.359999656677246	10.420000076293945	5.925938606262207	2440110	10.305864341161813	9.985412201048584	9.76525320909525	9.011000774900817	8.534148150982144	8.174485196069838	7.365356885810543	6.928498887787341	6.723704021312169	77.49510963843815
2014-03-06	10.484999656677246	10.484999656677246	10.15999984741211	10.255000114440918	5.832103252410889	759590	10.288909598921515	10.023924760104633	9.811895771509123	9.059785062725918	8.579433728967901	8.215683511285107	7.394109554752139	6.950601885971086	6.743000721274621	70.0221440553478
2014-03-07	10.204999923706055	10.21500015258789	9.774999618530273	9.859999656677246	5.6074628829956055	646540	10.145939618173426	10.000506888186434	9.816477093906087	9.091166027194598	8.613132832328674	8.248244227035446	7.418645774671791	6.969933432620296	6.760033502342394	56.080114083951074
2014-03-10	9.670000076293945	9.984999656677246	9.510000228881836	9.944999694824219	5.655803203582764	715570	10.07895964372369	9.992577289134688	9.828717341612576	9.124649700434976	8.648181960289083	8.28184334520948	7.443783624623557	6.989701314761186	6.7774376891865575	58.01728241251539
2014-03-11	9.979999542236328	10.149999618530273	9.899999618530273	10.0649995803833	5.724048137664795	502020	10.074306289276894	10.002923330741632	9.851220411971692	9.161526166315301	8.685466634502088	8.317153369668368	7.469865375427137	7.01013519028027	6.795402508264135	60.655647854192466
2014-03-12	10.0	10.03499984741211	9.850000381469727	9.899999618530273	5.630210876464844	419490	10.016204065694687	9.988219943282866	9.855866050691557	9.190485909539419	8.717428028818619	8.348496859744841	7.494045815657019	7.029336947278608	6.812367519795644	55.49171871899251
2014-03-13	9.859999656677246	9.944999694824219	9.75	9.75	5.544905185699463	327150	9.92746937712979	9.954188522813885	9.845783569673314	9.212427638577088	8.744600975428655	8.376249397175636	7.516493120973864	7.047414442645528	6.828420156299493	51.22238758724159
2014-03-14	9.704999923706055	9.850000381469727	9.635000228881836	9.755000114440918	5.547748565673828	198320	9.869979622900166	9.92573303590346	9.837137526317848	9.233704990571749	8.771190426455293	8.40355139157693	7.5387668224013975	7.065405045115929	6.8444123965079156	51.356734860443744
2014-03-18	9.479999542236328	9.970000267028809	9.479999542236328	9.75	5.544905185699463	154140	9.829986415266777	9.90062831648868	9.828838714287578	9.253951853686582	8.796948573127523	8.430213740258575	7.560769142576508	7.083242885347717	6.86028992439585	51.20485362190077
2014-03-19	9.765000343322754	9.895000457763672	9.635000228881836	9.75	5.544905185699463	1088910	9.803324276844519	9.879109985561726	9.82133026530781	9.273404722169461	8.822028873834693	8.456348121639593	7.582552534192661	7.100962201724144	6.87608068983631	51.20485362190077
2014-03-20	9.71500015258789	9.795000076293945	9.319999694824219	9.489999771118164	5.397040843963623	1399610	9.698882774935734	9.823522812069788	9.789774980146891	9.281898645657646	8.839607055342153	8.476816471134217	7.601532108689432	7.116836205507493	6.890364400662986	43.45475568551738
2014-03-21	9.28499984741211	9.800000190734863	9.045000076293945	9.694999694824219	5.5136260986328125	1245520	9.697588414898563	9.805162366748993	9.780748762497113	9.298098686801433	8.862117387960103	8.500938911207287	7.622362631934554	7.133966859921558	6.9056902765873645	49.894204240842896
2014-03-24	9.399999618530273	9.800000190734863	9.28499984741211	9.704999923706055	5.519312858581543	956070	9.700058917834394	9.790853446314287	9.773534587374156	9.314055598052594	8.884298507321839	8.524781703533995	7.643085391056659	7.151050136092883	6.920987050615335	50.192186899605915
2014-03-25	9.6850004196167	9.805000305175781	9.300000190734863	9.670000076293945	5.499408721923828	528940	9.690039303987577	9.773588679168524	9.76367415774747	9.32801420504245	8.904974864400053	8.547459295073796	7.663253696382403	7.1677873449978735	6.936008979717404	49.09178149730729
2014-03-26	9.649999618530273	9.744999885559082	9.425000190734863	9.625	5.473816394805908	457920	9.668359535991717	9.752361725001592	9.750467095104854	9.33966070680549	8.923922894284262	8.568796734775306	7.682773560099991	7.18411433938327	6.950702919718949	47.64544364291691
2014-03-27	9.420000076293945	9.78499984741211	9.404999732971191	9.520000457763672	5.414101600646973	195340	9.618906509915702	9.719167258253318	9.72851789154855	9.34673285390189	8.939609145954773	8.587632452062204	7.701054424753361	7.199635177379153	6.964742796976024	44.36128648308931
2014-03-28	9.600000381469727	10.095000267028809	9.305000305175781	9.954999923706055	5.661489963531494	318140	9.730937647845819	9.75285763903228	9.750087608896884	9.370586464482447	8.966329955895596	8.614709035659113	7.7234817431509	7.217943248783318	6.981082999854331	57.44749161760204
2014-03-31	9.6850004196167	10.199999809265137	9.6850004196167	10.069999694824219	5.7268900871276855	7905870	9.843958330171953	9.798163647002557	9.780555426604248	9.398014434299771	8.995373896393717	8.643526672474263	7.746830180480983	7.236893789953025	6.997962326056352	60.118072406277065
2014-04-01	10.055000305175781	10.59000015258789	10.050000190734863	10.380000114440918	5.903190612792969	4970340	10.022638924928275	9.881283142350894	9.837645396874407	9.436523676658247	9.031811428447591	8.677912285186473	7.773030876341281	7.25777821735826	7.016443406867197	66.26443924519148
2014-04-02	10.399999618530273	10.524999618530273	10.100000381469727	10.279999732971191	5.846320152282715	2601410	10.10842586094258	9.93824265529665	9.879774381264577	9.469601169062676	9.064658489092949	8.709636789103001	7.797975840088842	7.2778594234420675	7.034277047993448	62.8970253386001
2014-04-03	10.204999923706055	10.34000015258789	10.020000457763672	10.21500015258789	5.809354305267334	756180	10.14395062482435	9.97777944062397	9.91170064520013	9.49883250174994	9.09493063813229	8.739445964617554	7.822025833248037	7.297375308685561	7.0516580485650024	60.73650023452719
2014-04-04	10.300000190734863	10.375	10.154999732971191	10.194999694824219	5.797979831695557	1635970	10.160966981490974	10.00881090550972	9.93868150706909	9.526133175988146	9.12387982383471	8.76826881076026	7.845637513462725	7.316628626865884	7.0688347788724295	60.05293881638964
2014-04-07	10.154999732971191	10.399999618530273	10.024999618530273	10.149999618530273	5.772387981414795	392050	10.157311193837407	10.028980721655513	9.958807041493964	9.550598526676072	9.150882976326699	8.795629816854715	7.868566489632551	7.335455012192558	7.085671745209358	58.45876592575179
2014-04-09	10.100000381469727	10.454999923706055	10.055000305175781	10.295000076293945	5.854850769042969	1938200	10.203207487989586	10.06698348660386	9.99082542576063	9.579790744308147	9.18099132106268	8.825320317041632	7.892710107410276	7.3551197634490455	7.103209058493973	61.962668353261876
2014-04-10	10.795000076293945	10.795000076293945	10.1899995803833	10.300000190734863	5.85769510269165	2290830	10.235471722238012	10.100271587194003	10.020270641472461	9.608034252011155	9.210438922896158	8.854521898698923	7.916663242567735	7.374687075258254	7.120677862495289	62.08144188732331
2014-04-11	10.25	10.484999656677246	10.149999618530273	10.1850004196167	5.792293548583984	1273070	10.218647954697575	10.11237570611153	10.035959191771912	9.63066037623098	9.236085278073014	8.880868008024027	7.939233761742351	7.393360253626084	7.1374227945014175	57.62467575328998
2014-04-15	10.199999809265137	10.399999618530273	10.199999809265137	10.335000038146973	5.877598762512207	825380	10.25743198251404	10.144179182116593	10.064439272379062	9.65828153944337	9.265004087548645	8.909662701689829	7.963072232154337	7.4129060329252265	7.154895894193469	61.50639805861381
2014-04-16	10.319999694824219	10.444999694824219	10.0	10.175000190734863	5.786606311798096	3600820	10.229954718587647	10.148582183347775	10.074968883651042	9.678545015964605	9.288951353421966	8.93471888959171	7.985081465573049	7.431258818026952	7.171399196360362	55.65048671468452
2014-04-17	10.199999809265137	10.300000190734863	10.109999656677246	10.270000457763672	5.840633392333984	485220	10.24330329831299	10.165927651121475	10.093543319280817	9.701739347015549	9.31476843511517	8.961160108763433	8.007816977933155	7.450120888722877	7.188331443690434	58.195484086310486
2014-04-21	10.399999618530273	10.399999618530273	10.305000305175781	10.319999694824219	5.869068622589111	699580	10.268868763816732	10.18793794307901	10.115110593142093	9.725984850851182	9.341221889318039	8.988067823338895	8.03082377113605	7.469189850889663	7.20544438495346	59.512358013116064
2014-04-22	10.21500015258789	11.329999923706055	10.21500015258789	10.789999961853027	6.1363606452941895	6547600	10.442579163162163	10.27394680290387	10.179385771114562	9.767710933635568	9.37934762806896	9.023749647863927	8.058278260595921	7.491255034351213	7.225032120346354	69.30172112538376
2014-04-23	10.890000343322754	11.78499984741211	10.875	11.475000381469727	6.5259270668029785	20921840	10.786719569264685	10.445525885556135	10.302777638767434	9.834663461001613	9.4344963847374	9.07228926635117	8.092275495629492	7.517725103102832	7.248255990625717	77.74677365590357
2014-04-24	11.475000381469727	11.475000381469727	11.475000381469727	11.475000381469727	6.5259270668029785	0	11.016146506666365	10.592593670686648	10.414417899977176	9.898990399059185	9.48819385833562	9.11986770427431	8.125934449717455	7.544019290998957	7.27135295451011	77.74677365590357
2014-04-25	11.65999984741211	11.699999809265137	11.319999694824219	11.369999885559082	6.466211795806885	5594490	11.134097632963938	10.70365170138271	10.505425708127833	9.956677045588593	9.537715069578343	9.164424777171037	8.158213707785531	7.569441088969456	7.293749932275405	74.12180548826913
2014-04-28	11.3100004196167	12.295000076293945	11.210000038146973	12.135000228881836	6.901273727416992	15794490	11.467731831603237	10.908130062454015	10.660623281532976	10.042101484149113	9.606064679033699	9.223248053442537	8.197783722920818	7.599777030098442	7.320204851928993	81.05310695524751
2014-04-29	12.199999809265137	13.800000190734863	12.199999809265137	13.050000190734863	7.421642303466797	22645020	11.995154617980445	11.214111509351278	10.88818298717125	10.160058296172084	9.696694560920571	9.29902532348793	8.246064483794589	7.635991137478086	7.351515208971648	85.91313934228053
2014-04-30	13.295000076293945	13.489999771118164	12.399999618530273	12.914999961853027	7.344866752624512	8264470	12.301769732604638	11.457095573994385	11.081213175236181	10.268095224238003	9.781386808313531	9.370628781673378	8.292521553228006	7.67106760807194	7.381916764998322	82.54872376297968
2014-05-02	12.899999618530273	13.045000076293945	12.0	12.1899995803833	6.932553768157959	2895360	12.264513015197526	11.56179614633566	11.186811880488287	10.34346402251821	9.844771354946946	9.426457906400307	8.331302429120099	7.70109373413381	7.408190441585125	67.30515114415321
2014-05-05	12.300000190734863	12.649999618530273	11.800000190734863	11.920000076293945	6.779001235961914	2104970	12.149675368896332	11.6129681363297	11.256639327707873	10.405288965803534	9.899382637087657	9.475834979071468	8.367010863420337	7.729126334413944	7.43284513904255	62.66421672878835
2014-05-06	11.914999961853027	12.664999961853027	11.704999923706055	12.295000076293945	6.99226713180542	4519840	12.19811693802887	11.710401270610307	11.355530827573213	10.479395283861981	9.962425201277295	9.531660030501616	8.406095333200174	7.759464365921452	7.4594142917051265	66.15486698515866
2014-05-07	12.390000343322754	12.46500015258789	11.960000038146973	12.020000457763672	6.835873603820801	1439730	12.13874477794047	11.75462972591793	11.418813649496114	10.539811173034597	10.016571918553252	9.580934098368191	8.442054588170954	7.7877735758340245	7.484335527585228	61.60613312852521
2014-05-08	12.024999618530273	12.289999961853027	11.699999809265137	11.800000190734863	6.710757255554199	2857250	12.025829915538601	11.761111220891777	11.45511712961409	10.589230350199314	10.063504241505399	9.624876001187333	8.475466982226317	7.814432888889844	7.507918394596975	58.160772452325894
2014-05-09	11.680000305175781	12.180000305175781	11.680000305175781	11.895000457763672	6.76478385925293	3217600	11.982220096280292	11.78023825473062	11.49701077991405	10.64043702108419	10.111701510354301	9.669828960723498	8.509492190938131	7.841546294663092	7.531891520625208	59.22132015122084
2014-05-12	11.779999732971191	12.739999771118164	11.779999732971191	12.399999618530273	7.051980972290039	2836170	12.121479937030285	11.868775592416284	11.583009716925119	10.709439475885999	10.17191988162209	9.723891746026602	8.54820370763059	7.871835021067525	7.5584932042203175	64.38885069329623
2014-05-13	12.670000076293945	12.899999618530273	12.279999732971191	12.354999542236328	7.026389122009277	3748140	12.1993198054323	11.938236156676291	11.656532557430948	10.773971243193856	10.229369346375096	9.775992890506004	8.586082273149055	7.90162348964672	7.584703621367946	63.615247263082544
2014-05-14	12.350000381469727	13.199999809265137	12.350000381469727	12.885000228881836	7.327805519104004	2667800	12.427879946582145	12.07348816699137	11.773529478521509	10.856756693612992	10.299254369598957	9.83755739225602	8.628857576191171	7.934735627448947	7.613666990807912	68.42669357004996
2014-05-15	12.739999771118164	13.140000343322754	12.100000381469727	12.204999923706055	6.941082954406738	3879320	12.353586605623448	12.092275560807753	11.814621901872417	10.909628977146053	10.34940556839125	9.884437442383744	8.664441082136593	7.963109476593512	7.638756241807356	57.85561935862684
2014-05-16	12.350000381469727	13.09000015258789	12.055000305175781	12.425000190734863	7.066198348999023	2336390	12.37739113399392	12.13980765079734	11.872753167478365	10.969055299247575	10.404026479505555	9.93474561561842	8.70185958072961	7.9927565909731895	7.664910580326086	60.008218211016114
2014-05-19	12.5	13.375	12.425000190734863	13.274999618530273	7.549600601196289	6644610	12.676593962172705	12.301977931902046	12.006300448530927	11.059484488239054	10.479578404216731	10.000889259240436	8.747363461702752	8.027854551289183	7.695566804578568	67.01768087547072
2014-05-20	13.5	14.800000190734863	13.470000267028809	13.755000114440918	7.8225812911987305	14650810	13.036062679595442	12.5095525294076	12.172843273855689	11.165190983384225	10.565773712380526	10.075228088056287	8.797190692078257	8.065908674632384	7.728678462009509	70.1946694402978
2014-05-21	14.069999694824219	14.295000076293945	13.505000114440918	13.649999618530273	7.762867450714111	5204380	13.240708325907052	12.67247354213941	12.313524830491364	11.262634459272306	10.646937552016047	10.146015643115177	8.845477348062854	8.103012268943997	7.761035408220005	68.63716902111823
2014-05-22	13.699999809265137	14.0	13.3100004196167	13.425000190734863	7.634908676147461	1757300	13.302138947516323	12.779977349081618	12.41937962670503	11.347433115408093	10.720044463561278	10.210946030196755	8.891044739532227	8.138374314935962	7.791986035446862	65.2938994770384
2014-05-23	13.515000343322754	13.694999694824219	13.220000267028809	13.319999694824219	7.575192451477051	1452710	13.308092529952289	12.857123398473417	12.505152966525905	11.424788667542058	10.788464338068197	10.272511449298289	8.93511394306747	8.172803719453492	7.822193760361492	63.733715242211574
2014-05-26	13.489999771118164	14.114999771118164	12.524999618530273	12.925000190734863	7.350553512573242	2994150	13.18039508354648	12.866820083082196	12.545138416450568	11.483620491980991	10.84468896576995	10.325035978831686	8.974814303740779	8.204379775741076	7.850077948505609	58.108574606559536
2014-05-27	12.850000381469727	13.449999809265137	12.305000305175781	13.28499984741211	7.555287837982178	2639080	13.215263338168358	12.926560049415041	12.615601409875477	11.554262819644956	10.908907673181586	10.383649124744169	9.017701722085768	8.238138048642545	7.87977697527559	61.44820901863659
2014-05-28	13.199999809265137	13.869999885559082	13.050000190734863	13.135000228881836	7.469982147216797	2945210	13.188508968406184	12.956337217910297	12.665067964066559	11.61625252196797	10.967489056226329	10.438131324826102	9.058669866431998	8.270675338876693	7.908494042235187	59.32598371146172
2014-05-29	13.135000228881836	13.399999618530273	12.649999618530273	12.6850004196167	7.21406364440918	1532760	13.020672785476355	12.917574818154069	12.666966293166572	11.658164204228704	11.01268672368397	10.48262378214869	9.094752757508463	8.300006402536095	7.934595169980441	53.370828775271264
2014-05-30	12.6850004196167	12.880000114440918	12.3100004196167	12.53499984741211	7.128757476806641	751150	12.858781806121607	12.862921250905218	12.654398060237575	11.692549915726092	11.052747595361026	10.523264892351925	9.128984071835863	8.328145893864175	7.9597339933543845	51.51454959655444
2014-06-02	12.470000267028809	13.600000381469727	12.470000267028809	13.425000190734863	7.634908676147461	2176460	13.04752126765936	12.943218242309454	12.727788739332555	11.760489142197024	11.115175295239284	10.5807249972704	9.171730500879633	8.362012035371622	7.989598835963021	60.33064742836996
2014-06-03	13.449999809265137	13.779999732971191	13.260000228881836	13.319999694824219	7.575192451477051	1347640	13.138347410047645	12.997044164097277	12.784189782712714	11.821646418770639	11.173196989965204	10.634968060588298	9.21300681126714	8.394955474969313	8.01872670950871	58.96835654560103
2014-06-04	13.0649995803833	13.875	13.0649995803833	13.595000267028809	7.731588840484619	2237030	13.290565029041366	13.082466464516067	12.861409828838056	11.891189706937626	11.236928655151088	10.693582559725733	9.256608736200093	8.429507267607582	8.049198149713739	61.42512018829414
2014-06-05	13.5	14.0	13.399999618530273	13.6850004196167	7.782771587371826	1956260	13.422043492566477	13.168542743816158	12.939847027959832	11.961535225081903	11.301351596321236	10.752818556951297	9.300672335040058	8.464427487886711	8.079994883429055	62.222332389540924
2014-06-06	13.699999809265137	14.399999618530273	13.699999809265137	14.239999771118164	8.098405838012695	6377500	13.694695585417039	13.32160803343073	13.063671098736815	12.050886775906854	11.378684443026419	10.821871650301135	9.349819871717452	8.502803383456355	8.11365611232353	66.78147902464667
2014-06-09	14.300000190734863	15.699999809265137	14.0600004196167	15.404999732971191	8.76094913482666	8204040	14.264796967935089	13.619235419079367	13.286654778187708	12.182420617360357	11.48464010855128	10.912626661839157	9.410070417600574	8.548665153220574	8.153499520086633	73.90151046432905
2014-06-10	15.3100004196167	16.979999542236328	14.699999809265137	16.690000534057617	9.491741180419922	11321580	15.073198156642599	14.057916149790545	13.610782945413414	12.359188457230838	11.621623277643552	11.027030104853385	9.482507533187212	8.602760404920488	8.200147066611065	79.19781301162338
2014-06-11	16.739999771118164	17.270000457763672	15.899999618530273	17.030000686645508	9.685101509094238	7327220	15.725465666643569	14.48249965505554	13.93642273029266	12.542357564266707	11.763948998933078	11.145900809443328	9.557606967549981	8.658755356958528	8.248397632840762	80.33495019405622
2014-06-12	16.770000457763672	17.329999923706055	16.450000762939453	17.239999771118164	9.80452823638916	2966480	16.2303103681351	14.876428243064487	14.251049115133185	12.72657882728049	11.908055598201106	11.266576036407185	9.634048686988471	8.715773592268558	8.297532070754846	81.02488990396695
2014-06-13	17.299999237060547	18.479999542236328	16.610000610351562	16.8799991607666	9.599794387817383	6235260	16.446873299012267	15.162652659879074	14.501425309955415	12.889458056044651	12.038896218268619	11.377732929958857	9.706147696677807	8.770020938238645	8.34443079802267	76.09600723429824
2014-06-16	16.975000381469727	17.899999618530273	15.9399995803833	17.739999771118164	10.088882446289062	2394840	16.8779154563809	15.5308451043418	14.809860972923296	13.079675378204396	12.18892525913308	11.50371841196201	9.786086523289153	8.82962212649698	8.395772704979475	79.33071911315675
2014-06-17	17.725000381469727	18.780000686645508	17.549999237060547	18.030000686645508	10.25380802154541	4611040	17.261943866469103	15.887867330385188	15.116540945658745	13.273805782456988	12.342637770383408	11.632951724331981	9.868115519939465	8.890754209953117	8.448418759524097	80.29886689074578
2014-06-18	18.010000228881836	18.655000686645508	17.604999542236328	18.065000534057617	10.273714065551758	2959200	17.52962942233194	16.19888635948125	15.39734662074435	13.461695772715835	12.493226264164308	11.760319027494866	9.949676564856064	8.95171265728936	8.50096838670734	80.41807972930883
2014-06-19	17.799999237060547	18.399999618530273	17.625	17.875	12.190018653869629	1512430	17.644752948221292	16.43833116526964	15.633313609244889	13.63476652672698	12.634851888791562	11.881401819029621	10.028535504509238	9.011003603088101	8.55219260317342	77.6704329372242
2014-06-20	17.704999923706055	18.100000381469727	16.850000381469727	17.05500030517578	11.630812644958496	1215240	17.448168733872787	16.526426756684803	15.768712342190687	13.76889334156811	12.751171583959568	11.983849313804793	10.098450577152686	9.06445208615845	8.598656033239006	67.02660215391847
2014-06-23	17.28499984741211	18.079999923706055	17.014999389648438	17.924999237060547	12.224116325378418	1925510	17.607112234935375	16.726222825309907	15.97407299884496	13.931877886489382	12.887324943251699	12.10149584693857	10.17632668322142	9.123326153606305	8.649619657303605	71.49056488321509
2014-06-24	18.0	18.389999389648438	18.0	18.065000534057617	12.319592475891113	1458550	17.759741667976122	16.917476783702437	16.1732089545795	14.09396112757049	13.02357956406238	12.219585048663701	10.25482095039392	9.18273927241329	8.701069826029036	72.14410462598686
2014-06-25	18.18000030517578	18.290000915527344	17.5	18.010000228881836	12.282083511352539	1226990	17.843161188278028	17.07355156158521	16.34814145689401	14.247531288406229	13.154801160504999	12.334246735400693	10.33198691336395	9.241392169134011	8.751938298175773	71.45114124717615
2014-06-26	18.010000228881836	18.100000381469727	16.899999618530273	17.059999465942383	11.634222030639648	2315160	17.582107280832812	17.071615547921947	16.41593745775576	14.357824158113528	13.257569536963878	12.427825997391619	10.398932311897068	9.293343048182571	8.797337539529689	60.620112418354935
2014-06-27	17.104999542236328	17.579999923706055	16.510000228881836	16.68000030517578	11.375079154968262	1475390	17.2814049556138	17.015670513243922	16.44108630036719	14.448889889370871	13.347633504548401	12.512027468832889	10.461430500884916	9.342423827298806	8.840412199451253	56.90433845365889
2014-06-30	17.200000762939453	17.510000228881836	16.010000228881836	17.510000228881836	11.941106796264648	498090	17.35760338003648	17.086289044049337	16.542887626892394	14.568933432096792	13.45716947097823	12.61099722645762	10.53156552305404	9.396693437940554	8.887786997426282	62.33497686287165
2014-07-01	18.385000228881836	18.385000228881836	18.385000228881836	18.385000228881836	12.53781795501709	542610	17.700068996318265	17.271819213311122	16.71832692231996	14.718583110402088	13.586849227765166	12.72533391957493	10.609709151967749	9.456416406651128	8.939684337488881	67.04908459443084
2014-07-02	19.299999237060547	19.299999237060547	19.299999237060547	19.299999237060547	13.161811828613281	327570	18.233379076565694	17.5615592167039	16.96420047610478	14.898246487918106	13.73719528064136	12.855525312000388	10.696179700078126	9.521822272633914	8.996298080109492	71.11970120516456
2014-07-03	20.264999389648438	20.264999389648438	19.399999618530273	19.684999465942383	13.424365043640137	4087720	18.717252539691255	17.86490782373797	17.223324189422645	15.085962290977882	13.89371644341244	12.990762423959636	10.785620692773293	9.589351689200747	9.054706284403661	72.65066371340721
2014-07-04	19.600000381469727	20.665000915527344	19.065000534057617	20.665000915527344	14.092684745788574	1851360	19.366501998303285	18.264921122565024	17.55110292524214	15.304748119391586	14.071908140047043	13.14272754260454	10.883922983546965	9.662944042864046	9.118150517360622	76.12070601662559
2014-07-07	21.0	21.69499969482422	20.709999084472656	21.69499969482422	14.795103073120117	1171020	20.142667897143596	18.75493234717348	17.945759760440435	15.555346220388945	14.27251581254118	13.31207946641087	10.991495886146739	9.742891256498332	9.186876469150041	79.11936062758984
2014-07-08	22.200000762939453	22.774999618530273	21.100000381469727	22.174999237060547	15.12243938446045	5170960	20.820111677115914	19.24351333144306	18.348544472499494	15.814940456336851	14.48047590266011	13.487582828205912	11.102774526454338	9.825496625139941	9.25784981760857	80.35728811659456
2014-07-09	22.5	22.5	21.06999969482422	21.579999923706055	14.7166748046875	1462070	21.073407759312627	19.577297130337776	18.656302134519166	16.041021219763095	14.66730548216132	13.647828711285124	11.207025525431966	9.903599637090545	9.325183971193802	74.46399463603602
2014-07-10	21.114999771118164	22.655000686645508	20.5049991607666	21.165000915527344	14.43366527557373	1894060	21.1039388113842	19.804111956793427	18.895225827948515	16.241961599989143	14.8382974672499	13.796683606418632	11.306109857671721	9.978426223658232	9.389882424441526	70.57617429343618
2014-07-11	22.18000030517578	22.18000030517578	20.110000610351562	20.360000610351562	13.884687423706055	1687670	20.855959411039986	19.883524621587448	19.034728188177375	16.403453325885707	14.983605444699943	13.92665027976384	11.396198322872516	10.047406784367158	9.449828425457428	63.63562502891455
2014-07-14	20.299999237060547	20.899999618530273	19.600000381469727	20.719999313354492	14.130192756652832	464550	20.810639378478154	20.003021006125596	19.195230200099004	16.57272963911978	15.134563178085589	14.061172042805238	11.488972462081293	10.118321020440163	9.511414058724625	65.28001504406369
2014-07-15	20.399999618530273	21.5	20.125	20.93000030517578	14.273404121398926	532640	20.85042635404403	20.135446620275623	19.360446400582507	16.743602998572953	15.287074681430068	14.197188444040298	11.582913037634471	10.190159421003191	9.573810704880096	66.23908010190365
2014-07-16	21.0	21.385000228881836	20.299999237060547	20.454999923706055	13.949472427368164	480030	20.71861754393137	20.181097092194257	19.46468959326094	16.889147976029154	15.423072714121542	14.321105503043581	11.67119250913767	10.258364341286931	9.633270755256193	62.0630920739988
2014-07-17	20.549999237060547	21.0	20.0	20.71500015258789	14.126781463623047	361190	20.717411746816875	20.257368957964776	19.583766789387315	17.039181394717733	15.562333962502235	14.447717278282083	11.761180644893393	10.327843649003217	9.693826653602269	63.42242041452104
2014-07-18	20.21500015258789	21.0	20.21500015258789	20.530000686645508	14.00062084197998	2052070	20.65494139342642	20.296316347776308	19.673884303411906	17.17607626891098	15.693062034190216	14.56815853389324	11.848432585607345	10.395632067857983	9.753040719356603	61.72760161813156
2014-07-21	21.190000534057617	21.55500030517578	20.799999237060547	21.55500030517578	14.699628829956055	1062140	20.954961030676206	20.47612834169052	19.8530382083418	17.34779878013705	15.847323567637204	14.706511836294874	11.945015348986136	10.469780694019564	9.817532301792774	66.99083795651283
2014-07-22	21.93000030517578	22.5	21.799999237060547	22.145000457763672	15.1019868850708	1046690	21.35164083970536	20.714538643986682	20.07132032733436	17.53592433612241	16.013051906851057	14.853808640680395	12.0465077381282	10.547356905074341	9.884895515759828	69.58373999298293
2014-07-23	22.100000381469727	22.5	21.899999618530273	22.06999969482422	15.050837516784668	259970	21.591093791411648	20.908175936963474	20.261670743285773	17.713731212934245	16.172445269692457	14.996703513039678	12.146243976503285	10.623919315637464	9.951480784497885	68.84343212791877
2014-07-24	22.0	23.170000076293945	21.899999618530273	23.170000076293945	15.800994873046875	2315400	22.117395886372414	21.23129367115354	20.53865448928655	17.927702540909134	16.35659144881355	15.158550969737783	12.255933091924089	10.707281978498969	10.023713130354695	73.32580300657284
2014-07-25	23.299999237060547	23.729999542236328	22.5049991607666	23.454999923706055	15.99535083770752	977000	22.56326389881696	21.54896599294676	20.816401673516978	18.144459301018816	16.543391671837036	15.322837087638145	12.36736659273784	10.79198442331762	10.097108140154429	74.35522523368596
2014-07-28	23.389999389648438	23.700000762939453	22.700000762939453	23.229999542236328	15.841910362243652	403670	22.785509113290082	21.78911364284527	21.046268137204535	18.343892251654797	16.719355036847542	15.479414561986625	12.475452492732849	10.874629042047976	10.168872574045587	71.99302915344006
2014-07-30	23.200000762939453	24.200000762939453	22.604999542236328	23.975000381469727	16.3499698638916	939000	23.182006202683297	22.101383176934476	21.325195017610746	18.56472002145146	16.910293072232335	15.647643984154607	12.589875854809833	10.96167469878832	10.244315895397632	74.84288844352616
2014-07-31	24.395000457763672	24.395000457763672	23.360000610351562	23.854999542236328	16.268136978149414	343370	23.406337315867642	22.351899800549027	21.5661287818608	18.772181963443025	17.093048505653492	15.81016587639385	12.701966637769301	11.047344631302925	10.31869121587216	73.54474956679417
2014-08-01	22.905000686645508	23.700000762939453	22.665000915527344	23.385000228881836	15.947616577148438	387530	23.39922495353904	22.499485576025144	21.739354633958044	18.9530767973818	17.258626182580553	15.960162596245096	12.808265479471913	11.129322409359927	10.390091811571667	68.53107883704574
2014-08-04	23.299999237060547	23.69499969482422	22.954999923706055	23.020000457763672	15.698699951171875	154050	23.272816788280583	22.573844844844935	21.86132090289191	19.112563999749717	17.41024129508537	16.099961365780118	12.909874782738498	11.208330236924072	10.459107705813153	64.83457746351027
2014-08-05	22.299999237060547	23.299999237060547	22.299999237060547	22.950000762939453	15.650962829589844	175020	23.165211446500205	22.627581404572723	21.965004699086915	19.263051715953235	17.556024438976266	16.23560571027832	13.009776533785274	11.286347981282978	10.527363952026958	64.12026724181105
2014-08-06	22.770000457763672	23.290000915527344	22.239999771118164	22.56999969482422	15.391816139221191	321840	22.966807529274877	22.619355446037222	22.022623270109516	19.392735950418764	17.687971156235424	16.361039254526755	13.104903132402578	11.361322411273285	10.593170704719839	60.240194232081315
2014-08-07	22.030000686645508	22.899999618530273	22.030000686645508	22.229999542236328	15.159948348999023	225090	22.721204866928694	22.563733174065664	22.04237339126445	19.50400118931357	17.80749821902492	16.477256289926945	13.195700111604904	11.433539535067059	10.656759933340147	56.92126425821778
2014-08-08	21.424999237060547	22.69499969482422	21.204999923706055	21.829999923706055	14.887167930603027	553420	22.424136552521148	22.458914138300006	22.022147346735082	19.595216825956413	17.913353527042847	16.583251213368115	13.281613542571083	11.502619006087915	10.717815889571655	53.20721705833941
2014-08-11	22.770000457763672	22.770000457763672	21.704999923706055	21.815000534057617	14.876940727233887	244140	22.221091213033304	22.366926480551093	22.00241907886104	19.68226716745058	18.01602844828008	16.68685020981741	13.366522865869456	11.57113981358273	10.778456242820212	53.067387404755564
2014-08-12	21.875	22.469999313354492	21.260000228881836	22.05500030517578	15.040610313415527	522680	22.165727577080798	22.32236559835462	22.007426814700537	19.775315525792745	18.12231718135628	16.793150211705697	13.45297537770335	11.640800016184677	10.840076702177347	55.10063765501367
2014-08-13	21.96500015258789	22.110000610351562	20.959999084472656	21.684999465942383	14.78828239440918	389600	22.005484873367994	22.2313132937243	21.976719448152142	19.850205092073125	18.21607197831907	16.89001851376979	13.534886065148514	11.707538882960476	10.899338575203386	51.40334323961247
2014-08-14	21.989999771118164	22.030000686645508	21.389999389648438	21.864999771118164	14.911036491394043	559640	21.958656505951385	22.17898279049485	21.96607947891081	19.929216648114107	18.31209639391905	16.98853299411332	13.6177727686905	11.775030317433284	10.959260221082701	53.053722609515695
2014-08-18	21.799999237060547	22.3700008392334	21.625	21.84000015258789	14.8939847946167	203660	21.919104388163554	22.130556699365282	21.954071924022912	20.004149334564058	18.4049359665156	17.084601650716777	13.699585976490475	11.841907193414379	11.018717816336828	52.78559739420589
2014-08-19	21.799999237060547	22.93000030517578	21.524999618530273	22.78499984741211	15.53843879699707	2844880	22.207736207913072	22.224048577657687	22.033207916726646	20.11320229585222	18.52020080548656	17.197480822928565	13.789988104559347	11.914618772510709	11.083014439457457	60.84175547886706
2014-08-20	23.200000762939453	23.399999618530273	22.56999969482422	23.014999389648438	15.695286750793457	1101130	22.476823935158194	22.337041550799224	22.126711866528723	20.226998260314815	18.63848497875398	17.312679210388364	13.88177926162491	11.988375454352155	11.148216543010413	62.51806965122418
2014-08-21	22.905000686645508	23.149999618530273	22.350000381469727	22.575000762939453	15.395227432250977	6578990	22.509549544418615	22.371035723962112	22.16940604713927	20.319076789829506	18.74207749939044	17.416883597567594	13.968278978055901	12.058718479658383	11.210657986835162	57.451193481948316
2014-08-22	22.575000762939453	22.645000457763672	21.959999084472656	22.34000015258789	15.234968185424805	559130	22.45303308047504	22.36660207090865	22.18565310480104	20.398328686408266	18.836759674474585	17.51437105410265	14.0515796862602	12.127032643598113	11.271474064243646	54.89232081076244
2014-08-25	22.299999237060547	22.670000076293945	21.84000015258789	22.260000228881836	15.180411338806152	408210	22.38868879661064	22.35137323633339	22.192733783284925	20.47133541356409	18.926844952222144	17.608343909048774	14.133255512554943	12.194361331872424	11.331520655307243	54.01039462561615
2014-08-26	22.2549991607666	22.2549991607666	21.799999237060547	22.0049991607666	15.006510734558105	972970	22.260792251329296	22.301891225538135	22.174854295426037	20.531479089924975	19.007849010341737	17.69540638928081	14.211581319999835	12.259548294190658	11.389845674462759	51.18733362702695
2014-08-27	20.93000030517578	22.0	20.905000686645508	21.8799991607666	14.921263694763184	880580	22.133861221141732	22.24162093057077	22.1467728540299	20.58436222995798	19.083431909037127	17.778269612478546	14.287883985082091	12.323471555762591	11.447168917557315	49.81285792171865
2014-08-28	21.510000228881836	22.5	21.014999389648438	21.780000686645508	14.853066444396973	374790	22.015907709642992	22.175675181438592	22.111842171421863	20.631250012573176	19.15439424528998	17.857511811967	14.36243240997327	12.386305636366464	11.503632479137032	48.68656402731442
2014-09-01	21.604999542236328	22.239999771118164	21.604999542236328	21.905000686645508	14.938315391540527	127360	21.978938701977164	22.137007396468153	22.092142982395544	20.68120101939954	19.22677862532565	17.93766010651509	14.437482840586924	12.449552779557687	11.56047055677369	50.202290924573425
2014-09-02	21.905000686645508	22.5	21.71500015258789	21.78499984741211	14.856477737426758	271470	21.914292417122144	22.08672060374586	22.062891255254264	20.724487247949053	19.294100236433188	18.013845051879386	14.510592462545384	12.511582328181303	11.616342301531278	48.714615815234005
2014-09-03	22.0	22.18000030517578	21.399999618530273	22.09000015258789	15.064476013183594	822160	21.972861662277392	22.087189110723294	22.065473055000325	20.778036773621164	19.367676550016206	18.094560994467674	14.586009454486106	12.575226300436496	11.673575404542516	52.56237736576078
2014-09-04	21.440000534057617	22.200000762939453	21.440000534057617	22.09000015258789	15.064476013183594	1270460	22.011907825714225	22.087590688132522	22.067808969056284	20.829486317894368	19.439316644820725	18.173678601559164	14.660676028596573	12.63844738915511	11.730495758356971	52.56237736576077
2014-09-05	22.1200008392334	25.385000228881836	21.700000762939453	25.149999618530273	17.15127182006836	3184150	23.057938423319573	22.525077678189344	22.361350935672853	20.99891821203695	19.58959777570782	18.311823572192257	14.765047407600887	12.721580626559595	11.803826380543711	74.6726672623715
2014-09-08	25.3799991607666	26.575000762939453	25.350000381469727	26.2549991607666	17.904834747314453	2497270	24.123625335801915	23.05792360427181	22.732174576157973	21.20503903355576	19.76500307531463	18.4691141779066	14.87937528574184	12.811503673298512	11.88279453781269	78.559015207523
2014-09-09	25.809999465942383	27.200000762939453	25.25	26.209999084472656	17.874149322509766	2040220	24.819083252025496	23.50822010144336	23.06339595790223	21.401311976728973	19.93460823345037	18.622399027541572	14.992117811102347	12.900530220881064	11.96108527304034	78.03387985000472
2014-09-10	26.0	26.450000762939453	25.559999465942383	25.989999771118164	17.724119186401367	1445480	25.209388758389718	23.862760054254046	23.34212013058946	21.58126051768541	20.093960642336363	18.76829211157279	15.101549472396036	12.98750344048397	12.037746008002513	75.38092740802878
2014-09-11	25.989999771118164	26.969999313354492	25.989999771118164	26.565000534057617	18.11624526977539	1107500	25.661259350279018	24.2487944085117	23.649061121395953	21.776701302641182	20.264251165802712	18.92268237736457	15.21561366206431	13.07771936801602	12.117129912516475	77.53103914847365
2014-09-12	26.200000762939453	26.969999313354492	26.100000381469727	26.489999771118164	18.065095901489258	504250	25.9375061572254	24.568966603169766	23.919626707083783	21.961536536699104	20.428086655416276	19.07253024654781	15.327796608423055	13.166837510229323	12.19567018496785	76.59142096583157
2014-09-15	26.110000610351562	27.0	25.545000076293945	26.545000076293945	18.102603912353516	513860	26.140004130248247	24.851257099330365	24.16966226605618	22.14128020491851	20.589058061228847	19.220499946146745	15.439410573277492	13.255728955851016	12.274081823718266	76.81334179626205
2014-09-16	26.5	27.43000030517578	25.2549991607666	25.934999465942383	17.686609268188477	1144690	26.071669242146292	25.006077437417797	24.337789618426292	22.290053509272386	20.72974072977394	19.35346033267735	15.543844293602515	13.33997660043634	12.348731646899818	69.00024016912356
2014-09-17	25.959999084472656	26.700000762939453	25.700000762939453	26.334999084472656	17.959392547607422	674290	26.15944585625508	25.195923386997062	24.52800004376404	22.448678825946907	20.8772475285818	19.49170862479211	15.651218968138537	13.426322264782097	12.425159337815517	71.0777044452892
2014-09-18	26.200000762939453	26.979999542236328	26.100000381469727	26.575000762939453	18.123064041137695	427910	26.297964158483204	25.39293444070312	24.72295249320932	22.610495372495635	21.02718840317016	19.631971835448493	15.759913314355462	13.513688899321348	12.502480875657724	72.27813506278096
2014-09-19	26.549999237060547	28.5	26.204999923706055	27.9950008392334	19.09144401550293	1414570	26.863643052066603	25.76465821192173	25.034576145211613	22.821652449622604	21.21055188832972	19.797576370176905	15.881655478782108	13.609910241114784	12.587139454693657	78.07615599898476
2014-09-22	28.139999389648438	30.299999237060547	24.75	29.979999542236328	20.44513511657715	4184540	27.902428548789846	26.3668498305381	25.505568849690157	23.102371943450592	21.441326826590423	19.999208512197885	16.02193750926424	13.71868159859732	12.682182405991705	83.32606690705143
2014-09-23	30.239999771118164	30.8799991607666	28.399999618530273	29.520000457763672	20.13143539428711	3857630	28.441619185114455	26.817299920141753	25.887895669506683	23.35404364989424	21.653923501094983	20.187739045773444	16.156246593328913	13.823673750485469	12.774192340700841	78.62723757267779
2014-09-24	28.524999618530273	30.0	27.600000381469727	28.71500015258789	19.582456588745117	871340	28.532746174272265	27.088399953348343	26.15714371551442	23.564277238235167	21.83974130771322	20.35659570135393	16.28120931531159	13.922619440864887	12.86130058011006	71.07384023185529
2014-09-25	28.71500015258789	28.719999313354492	27.450000762939453	28.415000915527344	19.37786865234375	2258440	28.493497754690626	27.277914376516772	26.37217773456327	23.754501696168195	22.012774455287275	20.51616808183261	16.401943560089855	14.018914334384238	12.946293478117804	68.43533184267294
2014-09-26	28.290000915527344	28.600000381469727	27.614999771118164	28.264999389648438	19.275575637817383	725600	28.417331633009898	27.41892652124987	26.552446463619	23.931383958657616	22.17730669040204	20.669610285947776	16.519983916602875	14.113572706844465	13.030002253590649	67.09413214333583
2014-09-29	28.014999389648438	29.229999542236328	27.735000610351562	28.6200008392334	19.517671585083008	566880	28.4848880350844	27.59050856667609	26.749356404153705	24.115251287307647	22.346851273266026	20.82704376225046	16.640382094937507	14.209960933637747	13.115193502692522	68.65957453700373
2014-09-30	28.0049991607666	31.165000915527344	28.0049991607666	30.020000457763672	20.472410202026367	1173440	28.99659217597749	27.93757883683146	27.060846314021322	24.34681007830592	22.54877625180544	21.009082508696267	16.773512625910904	14.315011030143568	13.207569496982527	73.92739172907001
2014-10-01	30.700000762939453	32.099998474121094	30.55500030517578	30.725000381469727	20.95319175720215	1764290	29.572728244474902	28.335781914636925	27.40981336806403	24.596935188233914	22.763940044691342	21.201476922018514	16.912333399598054	14.424047504238759	13.303293163017976	76.10545461848693
2014-10-07	30.5	30.5	29.100000381469727	29.53499984741211	20.14166259765625	331740	29.560152112120637	28.507098762176238	27.612212080382893	24.79058478271149	22.942125828973467	21.366497177966902	17.037932070720583	14.524452503196722	13.39199101375237	66.07208688894198
2014-10-08	28.510000228881836	31.479999542236328	28.209999084472656	30.075000762939453	20.509918212890625	986900	29.73176832906024	28.731084762285267	27.846763383483516	24.997816781936116	23.129833064077836	21.538942793510913	17.167654147260073	14.627778405254814	13.483155001452847	68.12563334661694
2014-10-09	29.770000457763672	31.475000381469727	29.770000457763672	30.850000381469727	21.03843879699707	719630	30.10451234653007	29.03378699359733	28.132785954720298	25.22731417799626	23.33299536190394	21.723320171490293	17.303796895859175	14.735567255595113	13.578055795879168	70.85236490759887
2014-10-10	30.18000030517578	31.5	30.18000030517578	30.364999771118164	20.70768928527832	1033910	30.191341488059432	29.22396024752888	28.34537774675819	25.428792044393198	23.51804810951484	21.894442539799755	17.433759113523443	14.839417305532143	13.669787730170091	66.99014314632424
2014-10-13	30.364999771118164	30.80500030517578	29.30500030517578	29.719999313354492	20.267826080322266	511770	30.03422742982445	29.294822971218252	28.476294086434027	25.597074682391682	23.681257351721147	22.049404060068166	17.55601025979042	14.938291604587441	13.757493804395143	62.138943562585865
2014-10-14	29.30500030517578	30.600000381469727	29.30500030517578	30.05500030517578	20.496280670166016	324920	30.041151721608227	29.403419733212186	28.626647059647528	25.77189529504988	23.84898742944364	22.20793071838713	17.680378319943507	15.03873485176743	13.846551216967715	63.612807974846
2014-10-15	30.05500030517578	30.05500030517578	30.05500030517578	30.05500030517578	20.496280670166016	0	30.045767916130746	29.49650267206413	28.76268070207879	25.939860197407757	24.01230355775238	22.3633182349572	17.803508886960746	15.13851070195619	13.935121977012567	63.61280797484601
2014-10-16	29.700000762939453	30.594999313354492	27.71500015258789	28.454999923706055	19.40514373779297	259190	29.51551191865585	29.34771656515583	28.733377770805195	26.038493127850828	24.12921662001432	22.483945595130447	17.909493872400997	15.22699235791466	14.01446557234969	52.329108715648786
2014-10-17	28.454999923706055	29.395000457763672	27.549999237060547	28.389999389648438	19.360815048217773	370030	29.140341075653378	29.210899825797632	28.700675067837885	26.130709059686026	24.24134248237311	22.600897155417933	18.013777509388532	15.314454198657078	14.093020401952415	51.92613708412605
2014-10-20	29.4950008392334	30.56999969482422	28.510000228881836	28.78499984741211	19.63019371032715	311470	29.021893999572956	29.150056971742558	28.708705999225906	26.234798894498812	24.360912413032032	22.723354634467324	18.12095385106041	15.403959485359769	14.173304442637988	54.23263164242964
2014-10-21	28.799999237060547	29.4950008392334	28.299999237060547	28.969999313354492	19.75635528564453	324950	29.00459577083347	29.12433444911569	28.73359107676196	26.342061656022565	24.482204173566835	22.847050568702713	18.228904552177763	15.494099284881328	14.254160698762123	55.31399707432665
2014-10-22	28.405000686645508	29.34000015258789	27.9950008392334	28.25	19.265342712402344	314920	28.75306384722231	28.999429527813447	28.68753478373701	26.41688276755109	24.581356695315076	22.954039666352163	18.328616944693408	15.578856100264176	14.33064069494375	50.329874861947054
2014-10-27	28.989999771118164	28.989999771118164	27.80500030517578	27.905000686645508	19.030067443847656	354740	28.470376127030043	28.84308255050374	28.613007726871153	26.47524033300577	24.668821010876403	23.05207849843718	18.42390434511084	15.660757393196942	14.404817525499496	48.09366604418496
2014-10-28	27.104999542236328	28.364999771118164	27.104999542236328	27.924999237060547	19.04370880126953	326090	28.288583830373543	28.711927791440427	28.54748310879395	26.53209362336086	24.75450991156546	23.14857197840992	18.518442602742184	15.742247372225936	14.47869829987961	48.2372377692318
2014-10-29	27.920000076293945	29.719999313354492	27.920000076293945	29.524999618530273	20.134841918945312	720600	28.700722426425788	28.82808090959612	28.64057991924503	26.649462485916523	24.880049114380324	23.27483787227369	18.62796058299878	15.833827121370815	14.560918525664587	58.19909843638151
2014-10-30	29.200000762939453	30.200000762939453	29.200000762939453	30.0	20.45877456665039	369780	29.133814950950526	28.99549792251096	28.770048498364552	26.780856113919796	25.014784664001894	23.4080093995554	18.74111520406347	15.927954515913202	14.645285091098113	60.6219971592429
2014-10-31	30.0	30.770000457763672	29.614999771118164	29.885000228881836	20.38035011291504	386900	29.384210043594297	29.12256968056394	28.876234377461437	26.902587255683013	25.142948231498735	23.53626664370048	18.851999632171115	16.020692361182096	14.72856222299857	59.719484374889454
2014-11-03	29.8799991607666	31.0	29.8799991607666	30.655000686645508	20.905454635620117	633440	29.807806924611366	29.34148839571845	29.045640692621824	27.049740723563897	25.28800224347628	23.677231674253846	18.96944242873305	16.117930290254943	14.815591941379155	63.62440263567349
2014-11-05	30.979999542236328	35.599998474121094	30.979999542236328	33.70500183105469	22.985435485839844	8414340	31.106871893425808	29.96484745790934	29.489389372472573	27.310731355230203	25.50950223262308	23.87580138032911	19.11606491034819	16.234787908466238	14.918812760448422	74.26619245658016
2014-11-07	34.040000915527344	34.29999923706055	32.8849983215332	34.029998779296875	23.207069396972656	1169430	32.081247522049495	30.545583360964702	29.921828363598696	27.574232038526937	25.7337258259566	24.076874596150255	19.264462262278027	16.353028512259133	15.023245470933933	75.10204968594714
2014-11-10	33.400001525878906	35.20000076293945	33.400001525878906	35.0	23.86857032775879	1561810	33.05416501469966	31.181928595112602	30.40546375754168	27.86543862525137	25.977575146326163	24.293174109097773	19.421034777081232	16.47692865503482	15.132408063988938	77.45570270508408
2014-11-11	34.5	36.0	34.5	35.77000045776367	24.393678665161133	963780	33.959443495721	31.837367432634185	30.91637201470568	28.175421442212638	26.23527054925873	24.520437997190168	19.583711052510907	16.605121823159262	15.24518179291667	79.14135616764545
2014-11-12	35.76499938964844	36.88999938964844	35.20000076293945	36.34000015258789	24.78239631652832	869590	34.752962381343295	32.48060067834186	31.432908027837318	28.495600999482257	26.501184486188443	24.75448873294062	19.750440297287792	16.73625058282324	15.360454024390283	80.3147424799345
2014-11-13	36.40999984741211	39.900001525878906	36.40999984741211	39.099998474121094	26.664600372314453	2161310	36.20197441226923	33.42622893488175	32.16310711795958	28.9114597239779	26.832732222712988	25.038558232765975	19.942973214470214	16.88484691432688	15.490178311000834	84.77953870690335
2014-11-14	39.29999923706055	39.994998931884766	38.71500015258789	39.150001525878906	26.698698043823242	1226370	37.18465011680579	34.24391073359563	32.82852563299952	29.3129711671897	27.156870888585775	25.317992753421677	20.13408792403647	17.032788140981708	15.619466962448255	84.8465955544808
2014-11-17	38.7599983215332	40.095001220703125	36.994998931884766	37.52000045776367	27.710514068603516	456400	37.29643356379175	34.71192355133392	33.27533275916753	29.634815453094564	27.42958482461677	25.559616668359144	20.30708207860092	17.16891579757162	15.739142008870743	73.48158383087204
2014-11-18	37.20000076293945	39.22999954223633	37.189998626708984	37.58000183105469	27.75482940673828	521730	37.39095631954606	35.12164901986546	33.6853012422044	29.946391389485157	27.696701061628296	25.797644097323413	20.478951926884044	17.304537631681143	15.858490969647704	73.62165251119201
2014-11-19	37.970001220703125	38.27000045776367	36.0099983215332	36.724998474121094	27.12336540222168	371560	37.168970371071076	35.350698941901975	33.97479621667266	30.21221911829441	27.934287835641264	26.014027352309505	20.640604131334165	17.433577238607654	15.97251560081969	68.10161323812663
2014-11-20	37.65999984741211	37.65999984741211	35.165000915527344	36.904998779296875	27.256303787231445	729130	37.08097984047968	35.57274177581553	34.25386312739877	30.474681065784704	28.17035917626378	26.229690152843908	20.80243890395071	17.56295545482486	16.08690075480044	68.63479446410497
2014-11-21	36.400001525878906	38.29999923706055	36.11000061035156	37.35499954223633	27.588655471801758	529300	37.17231974106523	35.827350028161355	34.5492094526214	30.744497476625945	28.412060238526216	26.4499933090695	20.96714099985405	17.69446405341231	16.203119873857467	69.98550373410738
2014-11-24	36.625	39.974998474121094	36.625	39.470001220703125	29.15069580078125	1122890	37.93821356761119	36.34772876995304	35.0178562876768	31.086674094040735	28.70305868542561	26.707815247913732	21.151249061753045	17.83915200801225	16.330261301982308	75.35694101260748
2014-11-25	40.25	40.77000045776367	36.099998474121094	38.89500045776367	28.726022720336914	7093850	38.25714253099535	36.711624725354554	35.38710811339936	31.392882971049477	28.971267679434508	26.949145648108782	21.327803802011857	17.97905797777804	16.453565887533024	71.60508877896042
2014-11-26	38.5099983215332	39.69499969482422	38.29499816894531	38.81999969482422	28.670635223388672	437170	38.44476158560497	37.01282114956451	35.714050168773156	31.684142450413194	29.230444837734236	27.184212064875425	21.501855502437852	18.117535995831503	16.575786837299642	71.10778522787994
2014-11-27	38.900001525878906	38.900001525878906	37.709999084472656	37.97999954223633	28.05025291442871	683330	38.28984090448209	37.150989491374766	35.92985487100774	31.93103880695528	29.460696277326395	27.397990034724156	21.665817134674654	18.24951249780097	16.69274974825558	65.61165478965599
2014-11-28	38.5	38.85499954223633	37.0	37.27000045776367	27.52587890625	419430	37.94989408890928	37.16799105800175	36.05748778403211	32.14040985208502	29.666204282074744	27.59347538963583	21.821082640377032	18.37589447760139	16.805193741203713	61.29889163745468
2014-12-01	36.0	39.0	36.0	37.505001068115234	27.69943618774414	428560	37.801596415311266	37.21613534516082	36.19534619204003	32.35078597820385	29.872488408023177	27.789743224853243	21.977141530205273	18.502998175877227	16.918307442443666	62.184895881988936
2014-12-02	37.79999923706055	38.20000076293945	37.0	37.1349983215332	27.42617416381836	278610	37.579397050718576	37.20454434178545	36.284836871039374	32.538402148530494	30.06360708995765	27.974797781223142	22.127965975890127	18.626798841296868	17.02878116309443	59.86120427089383
2014-12-03	37.099998474121094	38.665000915527344	36.814998626708984	37.06999969482422	27.37816619873047	355650	37.409597932087124	37.185323677933845	36.35961428282841	32.71611185622829	30.247985842717295	28.15490078941326	22.276642928317333	18.74934502637014	17.138296018459073	59.440996983224345
2014-12-04	37.439998626708984	37.84000015258789	37.029998779296875	37.275001525878906	27.529573440551758	735290	37.364732463351054	37.19813479906885	36.44679402026179	32.89489184327341	30.432907308063655	28.3354968436007	22.425880327298046	18.8724390894898	17.24833266057612	60.38551529921163
2014-12-05	37.650001525878906	38.400001525878906	35.994998931884766	36.46500015258789	26.93134117126465	724210	37.06482169309667	37.093401278143	36.44852793762618	33.03489609069751	30.591646593445873	28.496477107145	22.565573061878045	18.98933318293231	17.353341772554327	54.941306259853086
2014-12-08	37.494998931884766	37.5	36.02000045776367	36.36000061035156	26.853796005249023	369160	36.829881332181635	36.98862975417279	36.440096763600025	33.165292346370215	30.743445383364442	28.652190443842162	22.702831047434994	19.10475290005802	17.457203296258136	54.25840894669874
2014-12-09	36.400001525878906	36.834999084472656	35.1150016784668	35.560001373291016	26.262956619262695	295500	36.40658801255143	36.7845399854754	36.35627815499917	33.25920250428868	30.87019685678356	28.78897877907877	22.83076309047834	19.214090099215714	17.556125690121704	49.236902786354406
2014-12-10	35.560001373291016	36.86000061035156	35.560001373291016	36.279998779296875	26.794706344604492	850880	36.36439160146658	36.71246267030704	36.34901345255133	33.37766510330861	31.012560065270755	28.93731580878606	22.9645863311631	19.327484841276053	17.658441936510638	53.41553457467887
2014-12-11	36.279998779296875	36.400001525878906	35.31999969482422	35.77000045776367	26.418046951293945	1246320	36.16626122023228	36.57782521137227	36.29386935780965	33.47148217603234	31.1377558650732	29.07261649490443	23.092003387149177	19.436737436734443	17.7574122016541	50.2596032353493
2014-12-12	36.064998626708984	36.400001525878906	33.5	33.82500076293945	24.981565475463867	1596130	35.38584106780134	36.18456457588187	36.058739015441056	33.4853456500287	31.208472836069678	29.16672311407344	23.198799380938134	19.53234051531388	17.845213232043637	40.445226715379576
2014-12-15	33.79999923706055	34.70000076293945	32.39500045776367	33.56999969482422	24.793231964111328	392320	34.780560610142295	35.81105530715935	35.82171622300136	33.488665416491266	31.270618279721113	29.25391670973187	23.301995403961875	19.625613998234215	17.93114102692222	39.360035459018896
2014-12-16	33.89500045776367	33.904998779296875	30.024999618530273	32.095001220703125	23.703868865966797	715170	33.88537414699591	35.2801904376656	35.46679098468724	33.43401191861722	31.29231256764169	29.310175808959027	23.38948799915333	19.708467069479855	18.008539170057634	33.723570447952845
2014-12-17	31.989999771118164	32.48500061035156	29.100000381469727	32.279998779296875	23.840497970581055	620560	33.350249024429566	34.85159162932721	35.163286965126254	33.388756501388976	31.31830431005367	29.368984184609282	23.477950792985606	19.791998841638108	18.08652528814091	34.98119051063344
2014-12-18	32.60499954223633	34.099998474121094	32.60499954223633	33.84000015258789	24.992639541625977	227820	33.51349940048234	34.70707856122159	35.03725964964641	33.406452330847756	31.384664726962466	29.457519154272223	23.58105576173787	19.88534104303977	18.172609850241713	44.53831193534195
2014-12-19	34.099998474121094	34.665000915527344	33.35499954223633	33.82500076293945	24.981565475463867	350840	33.61733318796804	34.58106744718129	34.921806422340985	33.42286599485135	31.448884096330282	29.544003938602266	23.68298556274485	19.977963366760033	18.258142041021483	44.47062659309173
2014-12-22	34.099998474121094	34.099998474121094	32.790000915527344	33.119998931884766	24.46088218688965	198240	33.45155510260695	34.3723433735675	34.7502057089642	33.41098885512717	31.492860802529083	29.614815720647464	23.776886193283556	20.065285862209368	18.33935437375844	41.29411543490326
2014-12-23	33.27000045776367	33.275001525878906	31.520000457763672	32.06999969482422	23.685401916503906	139410	32.99103663334604	34.043437133747034	34.49494799333182	33.35840104491921	31.508048668115798	29.663433225086607	23.859404735587443	20.145051402625413	18.414385222507434	37.0494600063541
2014-12-24	32.369998931884766	33.0	31.405000686645508	32.45000076293945	23.96605110168457	426400	32.810691343210515	33.81580336648881	34.300191114246836	33.32277750444942	31.532836881137474	29.718612780291615	23.944883303023783	20.226811863491285	18.49108257518739	39.47425450503314
2014-12-26	32.5	32.97999954223633	31.735000610351562	32.334999084472656	23.88111686706543	592930	32.65212725696456	33.604259897629355	34.11302996855406	33.28404109582288	31.55394641280419	29.770422410077376	24.028367042142676	20.30726493472704	18.56673239217802	38.984841733158305
2014-12-29	32.599998474121094	32.86000061035156	31.850000381469727	32.0099983215332	23.641088485717773	300590	32.438084278487445	33.376508243901334	33.91274124026636	33.23407863408603	31.565947778823375	29.814770447927987	24.10778625885303	20.385023960552996	18.64019286173734	37.56729881715
2014-12-30	32.33000183105469	32.564998626708984	31.920000076293945	32.040000915527344	23.663246154785156	169900	32.30538982416741	33.185578625562194	33.73438501886264	33.18725205688765	31.578422861368217	29.85883441758342	24.186713767874664	20.462465667895017	18.713415856566794	37.79217557003331
2014-12-31	32.36000061035156	33.974998474121094	32.36000061035156	32.959999084472656	24.342710494995117	771650	32.523592910935825	33.153352976835116	33.66063397749217	33.178340175616476	31.614780130397282	29.92024361890796	24.274010139184096	20.545505757041713	18.79126603814005	44.40491862288542
2015-01-01	33.290000915527344	33.994998931884766	32.900001525878906	33.04499816894531	24.405485153198242	240650	32.69739466360566	33.137873718565146	33.6020019957258	33.173111077315646	31.652417447201177	29.98211994663147	24.36128365191804	20.628558862768646	18.869155284756474	44.98677488010424
2015-01-02	33.375	34.47999954223633	33.0	33.435001373291016	24.693527221679688	518140	32.94326356683411	33.18032052638313	33.586097174541536	33.183381285000955	31.69932755051933	30.050493836268295	24.451569400389413	20.713651504034576	18.948750072125513	47.691897261047785
2015-01-05	33.77000045776367	33.79999923706055	31.829999923706055	32.564998626708984	24.05098533630371	699200	32.81717525345907	33.09241739785825	33.48884969379558	33.15913098467578	31.722108368313798	30.10028601033643	24.53230003945727	20.79239799654404	19.02315580193198	42.65330068073081
2015-01-06	32.88999938964844	32.88999938964844	30.854999542236328	31.235000610351562	23.068708419799805	310070	32.28978370575657	32.82707214250015	33.27419740013424	33.083674891565025	31.709289743104264	30.122755606376334	24.59899357747612	20.861784060423158	19.089887194327716	36.33369963345484
2015-01-07	31.545000076293945	32.435001373291016	30.600000381469727	31.989999771118164	23.62631607055664	387400	32.189855727543765	32.707490375159864	33.15189286403747	33.04078567115534	31.71667684910463	30.15973073835142	24.672535927661613	20.935725693052362	19.160379612780122	41.621444830851814
2015-01-08	32.400001525878906	33.29999923706055	32.400001525878906	32.92499923706055	24.316862106323242	825490	32.43490356404936	32.7385630697171	33.13028394718253	33.03624502668104	31.748474806682417	30.214488530405067	24.754649990441703	21.01538864018863	19.235596113459252	47.44302453132571
2015-01-09	33.095001220703125	33.5	32.810001373291016	33.11000061035156	24.4534969329834	224790	32.659935912816756	32.791625575522026	33.12835220081767	33.03913740251125	31.784304433094764	30.271825403275294	24.837787807555234	21.09575151042227	19.311412531475057	48.53656423297192
2015-01-12	33.439998626708984	33.599998474121094	32.86000061035156	33.0	24.372255325317383	163950	32.77329060854451	32.82139335044745	33.11612818169218	33.03760260241277	31.816296421697533	30.325848662616377	24.919003849271103	21.17484950703076	19.386213555893224	47.89840353374953
2015-01-13	33.33000183105469	33.400001525878906	32.79999923706055	32.98500061035156	24.361177444458008	122260	32.84386060914686	32.84476581614804	33.10363984156451	33.03553977919468	31.847051795083164	30.378505136828956	24.99926252351071	21.25332227183688	19.46052386766622	47.80610229355631
2015-01-14	32.505001068115234	34.29999923706055	32.505001068115234	33.86000061035156	25.007413864135742	3018210	33.18257394288176	32.989799358177116	33.17567420049661	33.06787157649495	31.90002413232707	30.447445641255147	25.08742907163848	21.337087576411726	19.539209532926797	53.44242671385563
2015-01-15	34.20000076293945	34.70000076293945	33.2400016784668	34.11000061035156	25.192049026489258	180530	33.49171616537169	33.14982810848775	33.26465766810184	33.10873938174423	31.958181408064554	30.51997148222735	25.177205902869453	21.421957430457837	19.618831342093053	54.93965293387443
2015-01-16	33.30500030517578	34.900001525878906	33.30500030517578	34.2400016784668	25.288061141967773	225980	33.74114466973673	33.30556718991333	33.35754757385089	33.153102609066686	32.018229309917245	30.59363544650932	25.267382975263455	21.50712715968049	19.6987284477563	55.73678745047332
2015-01-19	34.58000183105469	34.76499938964844	33.84000015258789	34.224998474121094	25.2769832611084	266480	33.90242927119818	33.436914516228725	33.44016194530519	33.195137741029605	32.076302182659454	30.665543625273912	25.35651347773965	21.591631288015645	19.778106972490534	55.61450982866695
2015-01-20	34.0	35.75	34.0	34.904998779296875	25.779199600219727	289360	34.23661910723108	33.646640839524174	33.57967021520916	33.262191115079304	32.15074156678149	30.74949323228427	25.451523281735245	21.680092201578976	19.86076758345669	59.90766126228033
2015-01-21	35.255001068115234	35.60499954223633	33.709999084472656	34.029998779296875	25.132963180541992	1289820	34.16774566458634	33.701406259491705	33.62255864988418	33.292301219558425	32.20019570395295	30.814453738165707	25.536881246885113	21.762151381497368	19.938195076330132	52.82698639912549
2015-01-22	34.029998779296875	34.8650016784668	33.720001220703125	34.060001373291016	25.15512466430664	166120	34.131830900821235	33.75263413289161	33.664219861637214	33.322407107940094	32.249137958409214	30.87872200816819	25.621688412321987	21.843864670479388	20.015363416750684	53.0319751455448
2015-01-23	34.10499954223633	35.08000183105469	33.80500030517578	34.20000076293945	25.258516311645508	153300	34.15455418819398	33.81654365146987	33.71524661414219	33.35682254539105	32.300476453265276	30.944489904302273	25.707044754119174	21.925965242522313	20.092875096238053	54.03568731336688
2015-01-27	34.005001068115234	34.79999923706055	34.005001068115234	34.36000061035156	25.376689910888672	265850	34.223036328913174	33.89418035988154	33.776651756638316	33.39616286166401	32.35467445739913	31.012123779669587	25.793143817365266	22.008583417723838	20.170837530741405	55.21364771995875
2015-01-28	34.35499954223633	35.470001220703125	33.869998931884766	35.125	25.941680908203125	1618510	34.523690885942116	34.07001173704132	33.905065875053715	33.46396039650072	32.42757776115178	31.093566873141476	25.88599810773974	22.095735687373512	20.252554265546095	60.43462085178079
2015-01-29	35.400001525878906	36.64500045776367	35.30500030517578	35.880001068115234	26.49928855895996	727430	34.975794279999825	34.32858164148045	34.093154941059574	33.558707089505205	32.51843100607187	31.188347748289473	25.985440923265866	22.187325490567808	20.33795014971314	64.79640297448653
2015-01-30	37.10499954223633	38.47999954223633	36.5	38.32500076293945	28.305055618286133	2629650	36.0921964409797	34.89949865883173	34.496187876476704	33.745620566894786	32.67123547335786	31.32966760996571	26.108222613212867	22.29455256878955	20.436240043774486	74.57254426849298
2015-02-02	38.02000045776367	40.0	38.02000045776367	38.97999954223633	28.788803100585938	1499220	37.054797474731906	35.48242735646096	34.92321755893	33.95089033063367	32.83725558043361	31.48115933139681	26.23629999559121	22.405419326088197	20.537572062891766	76.45861832831284
2015-02-03	39.36000061035156	39.36000061035156	37.0099983215332	37.220001220703125	27.488948822021484	397170	37.109865390055646	35.73065219420984	35.14195886005125	34.07909075769522	32.95259099201965	31.59479976484842	26.34559055504506	22.503855086185307	20.628732877961774	62.947513560529835
2015-02-04	37.19499969482422	38.29999923706055	36.11000061035156	36.86000061035156	27.223073959350586	590100	37.02657713015429	35.89198768223009	35.305581883889374	34.18814604603468	33.055417560923125	31.69906116772967	26.45021155062025	22.599244757442225	20.717428330051334	60.58902357565231
2015-02-05	36.60499954223633	38.30500030517578	36.60499954223633	37.904998779296875	27.994855880737305	1442940	37.31938434653515	36.17956069609677	35.55314539773771	34.333904976750844	33.18303811930138	31.82195102142407	26.56418953299514	22.700944119713686	20.811349480047213	64.72109252258694
2015-02-06	38.25	39.5	37.5	37.76499938964844	27.891454696655273	563250	37.46792269423958	36.406051938032725	35.76379815887206	34.46845769882526	33.30361604746841	31.93963514752752	26.67564037733995	22.801037510211593	20.903992375728095	63.75666137526359
2015-02-09	37.61000061035156	38.0	36.42499923706055	37.04999923706055	27.363393783569336	299900	37.3286148751799	36.49804440932241	35.88629349965192	34.56969462189331	33.40220507877346	32.04083047603313	26.778867828680454	22.895714996768728	20.992221921418437	58.927126284139895
2015-02-10	37.4900016784668	37.994998931884766	36.5	36.95500183105469	27.293235778808594	172290	37.20407719380483	36.56332404099845	35.9880752454998	34.663236081076114	33.49569973014928	32.13814079989494	26.880122893380694	22.989132185036407	21.079450226935574	58.29529149796585
2015-02-11	37.01499938964844	37.689998626708984	36.79499816894531	36.93000030517578	27.274770736694336	235930	37.11271823092848	36.61570636445236	36.07778239404037	34.75212879574669	33.58607606107103	32.2330291069302	26.980121673597562	23.081762537994145	21.16606525468552	58.11867007066722
2015-02-12	37.0	37.29999923706055	36.779998779296875	36.89500045776367	27.248918533325195	130200	37.04014563987354	36.65560552063969	36.15561268582354	34.83616297857089	33.673153018878736	32.32534537130314	27.078777183887773	23.173544849753412	21.252015720276113	57.85441051290867
2015-02-13	36.9900016784668	37.439998626708984	35.625	36.040000915527344	26.617460250854492	151840	36.70676406509148	36.56766200562364	36.14460204103343	34.88337230943193	33.735438489843176	32.39890290683233	27.167943589177717	23.259036252183805	21.332824382545244	51.673310933625295
2015-02-16	35.11000061035156	37.39500045776367	35.11000061035156	35.6349983215332	26.31834602355957	103740	36.34950881723872	36.43442433646786	36.09606835346198	34.91284783931825	33.7854269064666	32.46298400415314	27.252192889997175	23.341268558292438	21.410978338495998	49.00261100657106
2015-02-18	35.599998474121094	36.5	35.47999954223633	36.1150016784668	26.672849655151367	2307840	36.27133977098141	36.388792528181995	36.09787152727196	34.959991127128	33.84673150572976	32.53530118582272	27.34038004212125	23.42614386141652	21.491328192812777	52.15858880839581
2015-02-19	36.20000076293945	36.744998931884766	34.810001373291016	35.44499969482422	26.17801856994629	356820	35.995893078929015	36.25396498055945	36.035693257515035	34.979011070959224	33.88879119491645	32.59291897808017	27.421023023740187	23.506003368615243	21.56757776386202	47.71945748155256
2015-02-20	35.60499954223633	35.775001525878906	35.17499923706055	35.47999954223633	26.20386505126953	407490	35.82392856669812	36.14339848937043	35.98277004653611	34.99865767767597	33.93066509879329	32.650088890241676	27.50121184481975	23.58556480498482	21.643601926585376	47.968579771251086
2015-02-23	35.505001068115234	36.040000915527344	35.5	35.560001373291016	26.262956619262695	612820	35.73595283556242	36.06005604421623	35.94250636336991	35.02067115593538	33.97354236917481	32.70771091960899	27.58139880530205	23.665129167564928	21.719647825201253	48.571822498756575
2015-02-24	36.0	36.040000915527344	34.54999923706055	34.880001068115234	25.76073455810547	782990	35.450635579746695	35.89147676191609	35.84131538286946	35.01515468190322	33.99739654546271	32.75072656611407	27.654021713389746	23.739646588831043	21.791562323796413	43.91166899433828
2015-02-25	35.099998474121094	35.8650016784668	35.0	35.51499938964844	26.229719161987305	303250	35.47209018304728	35.83769428016357	35.810237669229366	35.03475643514813	34.03733346241497	32.80546464182762	27.7322403967356	23.817888135680327	21.86655378317265	48.84719484756597
2015-02-26	35.209999084472656	35.86000061035156	35.0	35.064998626708984	25.897369384765625	294270	35.33639299760118	35.72730918681291	35.73926252232266	35.035942403444636	34.06437728252797	32.850207889052996	27.80520316519305	23.892619766849954	21.93867643259088	45.77323707706343
2015-02-27	35.099998474121094	35.900001525878906	35.099998474121094	35.8849983215332	26.502979278564453	594820	35.519261438911855	35.74983620605867	35.753142122247475	35.069238713957915	34.11228836250179	32.91030274910211	27.885599136897927	23.972303345286388	22.014885841820075	51.733790515878
2015-03-02	35.099998474121094	35.4900016784668	34.5	34.970001220703125	25.82720375061035	1446300	35.336174699508945	35.638431208150735	35.67855727448135	35.06534704755577	34.134859753507094	32.95108885745064	27.956090699920864	24.045377749774207	22.085678822032552	45.69767280426075
2015-03-03	34.60499954223633	35.494998931884766	34.084999084472656	34.51499938964844	25.49116325378418	265850	35.06244959622211	35.47794094836469	35.56774223783059	35.04376478646137	34.14486342814239	32.9820573828407	28.021353472952978	24.11494334206573	22.153598606555043	43.01026468319781
2015-03-04	34.400001525878906	35.19499969482422	29.68000030517578	34.334999084472656	25.358226776123047	267950	34.81996609230563	35.31466353923726	35.45033812798698	35.01597005305005	34.14986699804582	33.00884830762549	28.084175817346207	24.182850689191355	22.22016363648902	41.95900619570924
2015-03-05	33.224998474121094	35.0	32.900001525878906	34.630001068115234	25.576095581054688	590340	34.756644417575494	35.21685461479125	35.37221078895158	35.00083401442515	34.16250210515291	33.040950342486674	28.149308406906098	24.252266970778887	22.287976955787524	44.35931038025265
2015-03-09	34.29999923706055	34.97999954223633	33.900001525878906	34.005001068115234	25.114501953125	140770	34.50609663442207	35.04373267955182	35.24200033934812	34.96178174202084	34.15835734102034	33.060040455865455	28.207574005525093	24.317069190694742	22.35200440995325	40.53461171791916
2015-03-10	33.79999923706055	34.5	33.65999984741211	34.095001220703125	25.180971145629883	1207060	34.36906482984909	34.90819961400201	35.13276232804859	34.92779034902799	34.1566900746962	33.0805347284365	28.266155370850246	24.382038838734665	22.416173791432758	41.31922595401548
2015-03-11	33.70000076293945	34.689998626708984	33.099998474121094	33.58000183105469	24.800615310668945	328000	34.106043830250954	34.718457073580964	34.984880375953935	34.87493589734276	34.14151406828458	33.090425166112105	28.319029464981632	24.443154871906227	22.477178316239435	38.2122182753664
2015-03-12	33.3849983215332	34.09000015258789	33.17499923706055	33.81999969482422	24.977869033813477	341170	34.01069578510871	34.590106019472856	34.87393935870349	34.83356585018517	34.13305316371983	33.104872186482645	28.37376548716912	24.505459488669803	22.539160946723506	40.45915323410687
2015-03-13	34.279998779296875	34.279998779296875	32.404998779296875	32.73500061035156	24.17654037475586	1329930	33.58546406018966	34.32509096102696	34.670230906479496	34.75126917411326	34.09626230705224	33.097547996856285	28.417160861529144	24.560140825026494	22.594875917563	34.373367498956306
2015-03-16	32.880001068115234	34.09000015258789	31.799999237060547	33.165000915527344	24.494121551513672	544920	33.44530967863555	34.15936381166987	34.52687566924596	34.689062575737346	34.071755428327904	33.098883698216106	28.464403051121167	24.61731597512949	22.65263616345352	38.332330819525154
2015-03-17	33.84000015258789	33.84000015258789	32.45000076293945	32.599998474121094	24.076831817626953	513660	33.16353927713073	33.936597334877185	34.343363555424546	34.607138493321024	34.03302498216457	33.08900478288749	28.505553254335098	24.670357054857007	22.706993334550063	35.317534475313614
2015-03-18	32.31999969482422	34.36000061035156	32.31999969482422	33.93000030517578	25.059110641479492	503120	33.41902628647908	33.9356549020627	34.303995626829426	34.58058405457023	34.03031380645434	33.10565815956647	28.5595278518559	24.73188292362989	22.76832124149337	46.07003533468213
2015-03-19	34.88999938964844	34.88999938964844	33.61000061035156	33.85499954223633	25.003719329833984	1107160	33.56435070506483	33.92413270780179	34.26123409496342	34.5521297599689	34.02570027318544	33.120496602787654	28.6122191124567	24.792501638703687	22.828904183027486	45.60959090557864
2015-03-20	33.619998931884766	34.20000076293945	32.599998474121094	33.415000915527344	24.678754806518555	1348820	33.51456744188567	33.85139959461973	34.18064045882665	34.50753647195158	34.009629237457595	33.126328371356756	28.660007986119094	24.849793992702516	22.886751706155902	42.90068906410487
2015-03-23	33.36000061035156	33.68000030517578	32.70000076293945	33.10499954223633	24.44980239868164	1292410	33.37804480866922	33.74477101570781	34.07819846677043	34.45253502372746	33.98582319284651	33.12590601830487	28.704236757821754	24.90464585681902	22.942589126025194	41.0507591930821
2015-03-24	33.38999938964844	33.70000076293945	32.5	32.67499923706055	24.132225036621094	171200	33.14369628479967	33.59194647590106	33.9445604448933	34.382827737975816	33.95132782558898	33.11697717115151	28.74374683224204	24.956276111837237	22.995771694937954	38.56653144622103
2015-03-25	32.220001220703125	33.29499816894531	32.220001220703125	32.96500015258789	24.346405029296875	3006430	33.08413090739574	33.50238271542775	33.85126898848326	34.3272266561959	33.925371834194216	33.11396772523936	28.785749352842494	25.009490225064816	23.050248353176478	41.15301499389505
2015-03-26	32.599998474121094	33.0	32.099998474121094	32.77000045776367	24.202390670776367	2198910	32.97942075751838	33.3977566786186	33.748291033176635	34.266158962139734	33.894967324288146	33.10715649222004	28.8253936424437	25.061055077109327	23.103361752655097	39.935476228493705
2015-03-27	32.77000045776367	33.20000076293945	32.310001373291016	32.900001525878906	24.298398971557617	1151960	32.95294768030522	33.326648799655786	33.667501556291136	34.21258416071774	33.86878401380369	33.103054413678635	28.86593700446793	25.113141100024738	23.15689530332845	41.18478136975321
2015-03-30	32.900001525878906	34.38999938964844	32.71500015258789	34.17499923706055	25.240053176879883	1847820	33.360298199223664	33.44784171928504	33.715834668745366	34.21111024214295	33.87684230915256	33.12428104384461	28.918763494344475	25.173352781998396	23.217103521545567	51.778298785362196
2015-03-31	34.0	35.9900016784668	34.0	35.57500076293945	26.274032592773438	1218320	34.09853238712893	33.75172158266424	33.89289810628766	34.26459614491928	33.92153068951537	33.172810147193026	28.98499471094741	25.242466722071093	23.28463301466794	60.245510794107325
2015-04-01	35.400001525878906	38.79999923706055	35.400001525878906	37.8849983215332	27.980085372924805	765820	35.36068769859702	34.34218968821695	34.27309812678723	34.40657270086493	34.025832469305314	33.266120804110656	29.073551960803986	25.326470254293433	23.364416431645346	69.69950488577447
2015-04-06	37.369998931884766	39.29499816894531	37.29999923706055	37.5	27.695743560791016	514290	36.07379179906468	34.793305447043096	34.580422114712256	34.527883575340816	34.11725793063938	33.34995999610847	29.15739721492534	25.407357495128693	23.441660057701927	66.84626495391998
2015-04-07	37.5	38.0	36.04999923706055	36.619998931884766	27.045820236206055	708620	36.25586084333804	35.05426165916334	34.77466752587154	34.60992731481313	34.18311953593531	33.414713242361465	29.23165195837767	25.481860096037373	23.513672838435166	60.72699723554321
2015-04-08	36.625	39.0	36.130001068115234	38.404998779296875	28.3641357421875	980450	36.97224015532432	35.53293839061099	35.1204133595311	34.75875364675367	34.29422162128693	33.513530777746325	29.322929041172888	25.567728127155377	23.595046204232226	67.2716434311148
2015-04-09	37.56999969482422	39.20000076293945	37.56999969482422	38.07500076293945	28.12041473388672	454270	37.33982702452936	35.89609015808648	35.40180263604618	34.88880255327076	34.39371580922516	33.60385691606698	29.410014331936733	25.65083292872205	23.67417163897926	65.11137961092834
2015-04-10	36.90999984741211	40.66999816894531	36.90999984741211	39.775001525878906	29.375953674316406	1313800	38.151551858312544	36.4502203534854	35.8182977684112	35.08041819925539	34.53532859124236	33.72605779942959	29.51314853287148	25.744681225048673	23.762154315956852	70.38706282956791
2015-04-13	40.23500061035156	43.689998626708984	40.20000076293945	42.83000183105469	31.63223648071289	3950130	39.711035182559925	37.36161770742387	36.48607910771058	35.38432343971811	34.753609465974264	33.90633391886771	29.645654535838478	25.858204950005522	23.866350204017497	77.09121418731169
2015-04-15	43.7400016784668	45.0	42.70000076293945	43.275001525878906	31.960891723632812	2554040	40.89902396366625	38.20638682434602	37.132643147536136	35.69376179603814	34.97785662544544	34.09185208930357	29.781269928774204	25.973931173101025	23.972408407962096	77.87688695899486
2015-04-16	43.29999923706055	43.52000045776367	41.369998931884766	42.220001220703125	31.181720733642578	487370	41.339349716011874	38.77976030953989	37.61715344021871	35.949692753868135	35.16843937795222	34.2528055374501	29.90503839934066	26.081878482387417	24.07212202988964	71.6068280324301
2015-04-17	42.779998779296875	42.779998779296875	40.900001525878906	41.06999969482422	30.332382202148438	363680	41.24956637561599	39.10693736458051	37.945995940657326	36.150489104493865	35.32374359681727	34.38779948116048	30.01613254158428	26.18146732765278	24.165006607293655	65.42343441829892
2015-04-20	40.400001525878906	41.849998474121094	39.400001525878906	40.70000076293945	30.05912208557129	787720	41.06637783805714	39.33451785006036	38.208282114208004	36.32890132639369	35.46522404855733	34.51279356594818	30.122439688065427	26.277935988352358	24.255361766614126	63.52284148309324
2015-04-21	39.5	42.470001220703125	39.5	42.255001068115234	31.207571029663086	728420	41.46258558140984	39.75172973835391	38.59368391934203	36.561297394696496	35.64390239117728	34.66610460559505	30.243161691847018	26.38409588921457	24.35372045132178	67.76164543781071
2015-04-22	41.459999084472656	43.380001068115234	41.459999084472656	42.470001220703125	31.366355895996094	2183700	41.798390794507604	40.140054235832366	38.96285699566213	36.79301127022617	35.823536570901645	34.820637211834814	30.364821786661505	26.49097898111815	24.45271652109982	68.30997031409711
2015-04-23	42.57500076293945	44.09000015258789	42.57500076293945	43.3849983215332	32.04213333129883	784080	42.3272599701828	40.60361767664677	39.38401331241175	37.051520566355855	36.02252240644458	34.990228520937755	30.494375782033362	26.603231601320243	24.556171612905466	70.60164880624724
2015-04-24	43.005001068115234	43.75	36.400001525878906	38.95500183105469	28.770341873168945	1972560	41.203173923806766	40.368101127276475	39.34315507609203	37.12616689046169	36.09969291761853	35.06873888351433	30.57856111585447	26.68530316430851	24.634853745245078	51.27020005708505
2015-04-27	40.5	41.29999923706055	35.79999923706055	38.005001068115234	28.068716049194336	1323840	40.13711630524292	40.03051540453915	39.2157118372371	37.16063097585987	36.1498326057895	35.12688268914999	30.652456040752586	26.76051710386869	24.707914659577703	48.22096627328055
2015-04-28	37.904998779296875	41.900001525878906	37.904998779296875	41.404998779296875	30.579788208007812	1292390	40.55974379659424	40.226870172361686	39.42421535552851	37.327076772073084	36.288126452460745	35.251201819647946	30.759446515762978	26.85782262995127	24.79915555640677	57.87673926791752
2015-04-29	41.78499984741211	46.165000915527344	41.400001525878906	44.84000015258789	33.116729736328125	11757190	41.98649591525879	40.88588874096543	39.94000438381988	37.62170121836778	36.51317576035883	35.44107901435963	30.899551527074667	26.977305537078422	24.90866836840776	64.9816926031134
2015-04-30	45.45000076293945	49.30500030517578	43.70000076293945	47.3849983215332	34.996341705322266	11083500	43.785996717350265	41.81433296676082	40.64905142550687	38.00457561457035	36.79927635407394	35.67759226796703	31.06358582353694	27.112904824682772	25.031489843561452	69.13547791912386
2015-05-04	48.29499816894531	50.5	47.959999084472656	49.654998779296875	36.67285919189453	5227580	45.74233073799913	42.9344280828374	41.50676069729639	38.461454954363546	37.13758483894823	35.95437259492405	31.248575007176342	27.262686179862932	25.16604453719935	72.29244630909328
2015-05-05	49.599998474121094	49.900001525878906	48.099998474121094	48.474998474121094	35.801368713378906	1650970	46.65321998337312	43.72593813873507	42.17040239032732	38.85414293553051	37.435937829347516	36.202305780650725	31.41998220585241	27.40363177650252	25.293415870187996	68.37716794693975
2015-05-06	48.599998474121094	48.79999923706055	46.0099983215332	46.92499923706055	34.656612396240234	2244750	46.7438130679356	44.18294686706728	42.62322113763525	39.17064710421796	37.68564997165576	36.414636344143986	31.574260982282343	27.53334185929693	25.411621243777464	63.511357705026306
2015-05-07	47.19499969482422	52.470001220703125	46.720001220703125	49.85499954223633	36.8205680847168	9419660	47.78087522603584	44.993240106377144	43.311961938073445	39.589641317473586	38.005896012986824	36.6807821500468	31.756158878401287	27.681658521642042	25.545191616993087	68.12844584329373
2015-05-08	50.5	52.0	48.8650016784668	49.8650016784668	36.82795715332031	2957140	48.475584043512825	45.6892060452471	43.93606096096805	39.99259662574783	38.31797774102577	36.94185580407492	31.936346368949202	27.829056150591043	25.67808675394103	68.14326493235419
2015-05-11	50.0	51.70000076293945	50.0	50.63999938964844	37.400333404541016	1932450	49.19705582555803	46.39646223730443	44.57453128750904	40.410141832175306	38.6422414686211	37.21310617210608	32.12245236915516	27.980623879754216	25.814490648125226	69.33308342905082
2015-05-12	50.20000076293945	50.81999969482422	49.439998626708984	50.69499969482422	37.440956115722656	1269440	49.69637044864676	47.01053901695012	45.157433040586675	40.81346959149487	38.959419316679075	37.480074360674756	32.307253835082214	28.13154996490418	25.950449713954182	69.42037272741639
2015-05-13	50.529998779296875	53.70000076293945	50.29999923706055	52.9900016784668	39.13593673706055	5784520	50.79424752525344	47.86474796859536	45.90339195848002	41.290980653729065	39.328645168305066	37.7872016342944	32.51305232108604	28.29672240153915	26.09820682851436	72.88816060065568
2015-05-14	53.0	55.380001068115234	52.1150016784668	55.060001373291016	40.66474151611328	3955950	52.2161654745993	48.89264131212331	46.77544999798583	41.83094225057463	39.742628226331014	38.12923727269037	32.737400072849276	28.474551497696968	26.256468000890187	75.57826285293345
2015-05-15	54.630001068115234	55.400001525878906	53.0	53.654998779296875	39.627071380615234	1232070	52.69577657616516	49.5729780931481	47.430645120015456	42.29463074189707	40.108743240882745	38.436678094603366	32.94553538336119	28.6418634397674	26.406186748313175	70.46745098146413
2015-05-18	53.599998474121094	55.29999923706055	52.79999923706055	54.04499816894531	39.915103912353516	2228140	53.14551710709188	50.21183810397628	48.060583505627825	42.755429464526415	40.475486791621236	38.74575373963984	33.15548028670033	28.810655032652303	26.55721850471007	71.05260997820693
2015-05-19	53.970001220703125	57.0	53.79999923706055	56.650001525878906	41.83903503417969	2988670	54.313678580020884	51.131575735676655	48.87862331708031	43.300314643402984	40.901131916206964	39.100293299763386	33.38925661743843	28.995634079118926	26.721659941984218	74.66375002657936
2015-05-20	56.900001525878906	56.900001525878906	54.0	54.790000915527344	40.465335845947266	1030490	54.47245269185637	51.65420790422675	49.44161165978955	43.750890575643155	41.266628468820656	39.41098057928347	33.60219934677264	29.16702522088908	26.87503885440795	68.128623281972
2015-05-21	54.209999084472656	55.560001373291016	53.65999984741211	54.290000915527344	40.0960578918457	2225910	54.41163543308003	52.03074976298398	49.90336301747887	44.164189020344494	41.609348796365566	39.7056146453477	33.80804811860105	29.3339552919498	27.024847390261062	66.44498790100413
2015-05-22	54.290000915527344	56.0	54.290000915527344	55.59000015258789	41.056175231933594	1145310	54.80442367291598	52.53921410435597	50.44494750653687	44.612260045138356	41.97726067416089	40.020156932619784	34.024783959735245	29.508414061787924	27.18094112120274	68.61657169093603
2015-05-25	54.5	56.29999923706055	53.5099983215332	55.790000915527344	41.203887939453125	800000	55.1329494204531	53.00361222023759	50.95400021215501	45.0506028243693	42.34075383840737	40.33243107089518	34.24135328267845	29.683042545865927	27.337274781281018	68.94950781425425
2015-05-26	55.98500061035156	57.5	55.040000915527344	56.90999984741211	42.03105926513672	1717590	55.72529956277277	53.561667595548236	51.52123827265569	45.515677217429804	42.724155049170655	40.660699759539085	34.46691195496436	29.86395256115859	27.498874371806323	70.81660525437513
2015-05-27	56.20000076293945	57.189998626708984	55.70000076293945	56.5	41.72825622558594	986220	55.98353304184851	53.981429367612776	51.99540605621229	45.94643497360903	43.086677284718796	40.974349269251185	34.68614666188014	30.04093626507116	27.65735046813525	69.17673560147763
2015-05-28	56.79999923706055	56.89500045776367	54.810001373291016	55.224998474121094	40.78660202026367	1240620	55.73068818593937	54.159082097113966	52.302986286489315	46.31030020892323	43.40610678970307	41.25654034261495	34.890513346579056	30.208272226593085	27.80799335341386	64.1981239130026
2015-05-29	55.70000076293945	57.244998931884766	54.540000915527344	56.560001373291016	41.77256774902344	3302490	56.007125915056584	54.502070565139256	52.70841629475614	46.71224927419256	43.7522619103238	41.559579174905565	35.10613014286475	30.38336677241832	27.965108151336686	66.88546641246684
2015-06-01	56.869998931884766	57.79999923706055	56.459999084472656	57.185001373291016	42.234161376953125	1108900	56.3997510678014	54.88534639487522	53.13475773080708	47.12294543494152	44.105755054086096	41.86899347586369	35.325820403864014	30.561450723254683	28.12477969899764	68.0929637797276
2015-06-02	57.56999969482422	57.56999969482422	55.099998474121094	55.66999816894531	41.115257263183594	711960	56.15650010151604	54.99743950545666	53.37620920110596	47.45812397352991	44.410077241319236	42.14228069750887	35.528250033367314	30.72828492555163	28.27530001850555	62.174635944206344
2015-06-03	55.68000030517578	56.665000915527344	51.400001525878906	54.05500030517578	39.92249298095703	1506860	55.45600016940262	54.862805333987964	53.44085597292213	47.71682500614347	44.66389100615756	42.378176135284455	35.712595807216154	30.883279712127205	28.416172697667683	56.53374597694315
2015-06-04	54.025001525878906	55.79499816894531	53.400001525878906	54.58000183105469	40.31023406982422	561490	55.16400072328664	54.822404833568925	53.54934605464904	47.98596919535568	44.92484129102328	42.61979644609179	35.90033119053793	31.040733015243003	28.559144441565973	57.87182069280817
2015-06-05	54.5	55.2599983215332	53.71500015258789	54.17499923706055	40.01112365722656	381690	54.834333561211274	54.729918319782016	53.60893207202157	48.22867625581469	45.16826650012952	42.84861234294266	36.08216868353816	31.19444906987302	28.699121790175234	56.42867581520722
2015-06-08	54.20000076293945	55.0	52.79999923706055	53.59000015258789	39.57906723022461	429320	54.41955575833681	54.56707286732571	53.607129032075505	48.43892425176658	45.38989106993105	43.06131309164851	36.25637596183716	31.343256718263152	28.835137518931585	54.321519467686976
2015-06-09	53.4900016784668	53.54999923706055	50.5	52.22999954223633	38.57463073730469	538300	53.68970368630332	54.2332052494558	53.475973842567015	48.587593871000685	45.569893924465404	43.2428712391849	36.415317490000334	31.48203906260849	28.96297829501522	49.67719486082567
2015-06-10	52.095001220703125	54.48500061035156	52.095001220703125	52.9900016784668	39.13593673706055	410050	53.45646968369115	54.05560473931451	53.42969077931937	48.760237314430725	45.76515991799176	43.43588372313108	36.58023972073134	31.6249491132122	29.094273504760856	52.139750265928996
2015-06-11	53.3849983215332	53.779998779296875	51.209999084472656	51.48500061035156	38.0244140625	340060	52.799313325911285	53.68837557803409	53.24448219179863	48.867090777015854	45.91568204147491	43.595272176343364	36.72854579923503	31.756909588276248	29.216627204791408	47.21270316768594
2015-06-12	51.4900016784668	52.97999954223633	47.0	51.625	38.127803802490234	789810	52.40787555060752	53.39360763831493	53.090245792579715	48.975244079877974	46.06592725090978	43.754276687702905	36.87676922411826	31.888923478055144	29.33907732935539	47.707730609210785
2015-06-15	50.599998474121094	53.400001525878906	50.599998474121094	51.935001373291016	38.35676193237305	464830	52.250250824835355	53.18523531474009	52.98022251455222	49.091312993345156	46.220376569919814	43.91627123593237	37.026602379831424	32.022120008920496	29.462552324130996	48.851542356665604
2015-06-16	52.15999984741211	54.10499954223633	52.08000183105469	53.79499816894531	39.73046875	936880	52.76516660620534	53.27234429391226	53.057820195922986	49.27577123552555	46.419708717262594	44.11188959104154	37.19345208917584	32.16679029569807	29.59551650907534	55.185419815269064
2015-06-17	54.20000076293945	55.46500015258789	54.0	54.70500183105469	40.40255355834961	649300	53.41177834782179	53.47700965636118	53.2146946373641	49.488682239271796	46.63774274657291	44.32165418985368	37.367696365214435	32.31654585407254	29.732726811381237	57.9302926720746
2015-06-18	54.845001220703125	56.45000076293945	54.55500030517578	55.84000015258789	47.793212890625	1802820	54.22118561607716	53.81457972725071	53.46472373405208	49.73775352999007	46.87990741515225	44.54974024852169	37.551500382999244	32.47284787598958	29.875389507234825	61.12825742546578
2015-06-19	55.599998474121094	58.97999954223633	55.599998474121094	57.38999938964844	49.11985397338867	1986590	55.27745687393425	54.3253539647361	53.83855951077554	50.03784160291785	47.15648878290215	44.804002805771724	37.7488983830654	32.638410344518874	30.025742566701567	65.0369737035041
2015-06-22	58.5	63.2599983215332	58.5	62.2599983215332	53.28805923461914	9092960	57.60497068980057	55.45887458713569	54.640601302276266	50.51714186639296	47.55394956023455	45.14966608331156	37.9927899247417	32.8352315270904	30.201886040771686	73.91281335568266
2015-06-23	62.64500045776367	62.779998779296875	59.59000015258789	61.099998474121094	52.295223236083984	2340140	58.76997995124074	56.264749428133605	55.255781985309106	50.93215585100975	47.910424531652616	45.4655142494662	38.222712397869856	33.023037287535786	30.37072818521622	69.39388571737302
2015-06-24	60.79999923706055	61.51499938964844	59.32500076293945	60.39500045776367	51.691810607910156	1730630	59.311653453415055	56.85478528950933	55.74523136363811	51.30324779637265	48.23896600339238	45.76114763972952	38.44333217956034	33.20491079697251	30.534795246814838	66.72388353856992
2015-06-25	60.36000061035156	62.189998626708984	60.0	60.744998931884766	51.99137496948242	1559790	59.78943527957163	57.41053009556296	56.22139970347113	51.67351254678489	48.568072133089544	46.05785756630685	38.665239311424266	33.38790141580914	30.69987832706112	67.3946059253558
2015-06-26	60.51499938964844	63.75	60.51499938964844	63.310001373291016	54.18675231933594	3464180	60.962957310811426	58.25331170666697	56.896504624406354	52.129845441941995	48.95601763941063	46.39948417634614	38.91046082447767	33.58671935572596	30.878075720756367	71.86959933112617
2015-06-29	62.38999938964844	63.900001525878906	60.5	62.540000915527344	53.527713775634766	1503260	61.488638512383396	58.86569587936131	57.43398046165597	52.53808683306299	49.313490883518966	46.71909836920121	39.14558062637866	33.77909996409674	31.051091705427247	68.81621406081871
2015-06-30	63.349998474121094	64.98999786376953	62.78499984741211	64.28500366210938	55.02125549316406	1767100	62.42076022895872	59.639882705468175	58.08645886169915	52.998750238123634	49.707478061902926	47.06693807797167	39.395724139172	33.981796998635026	31.23269778169327	71.74581815168372
2015-07-01	64.23999786376953	65.4000015258789	63.125	63.584999084472656	54.422122955322266	935360	62.80883984746337	60.20347075961167	58.61012935910615	53.41389725170595	50.072675983549495	47.394028394932086	39.63641344211032	34.17849601581667	31.409486313402446	68.94755588077659
2015-07-02	63.98500061035156	66.69999694824219	63.619998931884766	66.26499938964844	56.71592330932617	1941380	63.96089302819173	61.06940342104549	59.33916460011018	53.91786204142918	50.498789757394206	47.76771098888687	39.90137449631467	34.391695373782326	31.599953597972096	73.2493089470027
2015-07-03	66.69999694824219	66.9800033569336	64.00499725341797	64.7300033569336	55.40212631225586	1221860	64.21726313777235	61.592346269029505	59.85257781504574	54.34186758321367	50.87329537843472	48.10359796647195	40.148425529753666	34.59327881553084	31.78099212124511	67.48296013309178
2015-07-06	64.28500366210938	71.875	63.5	70.69999694824219	60.51182174682617	6293470	66.37817440792897	62.89343922320275	60.88566535154064	54.983362852430474	51.39505068290334	48.55105141165552	40.452421265261016	34.833190563920944	31.993664278769682	75.54599678535659
2015-07-07	71.0	71.875	68.9000015258789	69.99500274658203	59.90841293334961	2140150	67.58378385414666	63.90794829797122	61.753221293925534	55.57205461298544	51.88452310563173	48.97568411135703	40.74637729990103	35.06682386746022	32.20132186602549	73.23652983322468
2015-07-08	68.5999984741211	72.4800033569336	68.5999984741211	69.75499725341797	59.702999114990234	2221980	68.30752165390376	64.74324100589219	62.51529519482958	56.12824844202201	52.354798741099785	49.38715565872457	41.03502028451314	35.29731006936027	32.4065332069402	72.42480662986252
2015-07-09	70.4800033569336	71.5	69.0	69.88999938964844	59.818546295166016	1348530	68.83501423248532	65.47849220357165	63.217647975288514	56.66792494977207	52.8162513897458	49.793152564287425	41.322134504464735	35.52716182564126	32.61136089099872	72.60871300450695
2015-07-10	70.48999786376953	71.5	70.04499816894531	71.30000305175781	61.025360107421875	937800	69.65667717224282	66.31013661045539	63.9873960778094	57.24173193416367	53.30266590716717	50.21903079176209	41.62042175369153	35.764855122824756	32.82277423613948	74.52006557881928
2015-07-13	71.9000015258789	74.37000274658203	70.76499938964844	73.55000305175781	62.95112228393555	3418350	70.95445246541449	67.34440324492716	64.89812055151877	57.88127197799089	53.83549056886692	50.68103024245507	41.938129030289204	36.01591922866484	33.04532739906636	77.24834205338158
2015-07-14	74.125	75.4000015258789	73.1050033569336	73.44499969482422	62.86125183105469	2788930	71.78463487521773	68.21591702348388	65.71210904135738	58.49161424139612	54.351530282707905	51.13180191477922	42.25163023093134	36.26461743774231	33.266090635655196	76.83486278309726
2015-07-15	73.90499877929688	75.0	73.61499786376953	73.92500305175781	63.27208709716797	1401360	72.49809093406442	69.03150074180873	66.49428942330027	59.0968451751358	54.86662167136711	51.58315243234315	42.56678816944703	36.51485255810122	33.48827048492352	77.4296059883782
2015-07-16	74.4000015258789	78.5	74.0250015258789	75.625	64.72709655761719	4691860	73.54039395604295	69.97342920726463	67.36388090679549	59.7450081094442	55.4128947852785	52.0592286218017	42.89572560059681	36.77472064741616	33.71852583746492	79.44263742954925
2015-07-17	76.13999938964844	78.0999984741211	76.0999984741211	77.56999969482422	66.39181518554688	2546340	74.88359586897003	71.05865356263028	68.33589221994109	60.44402738730224	55.99597649342444	52.564392405425906	43.24074325327569	37.04578562447535	33.95815137766907	81.4780573971654
2015-07-20	78.30000305175781	79.9000015258789	76.11000061035156	77.36000061035156	66.21208190917969	8264270	75.70906411609721	71.95884599801904	69.1953311142659	61.107398886245356	56.55818765439621	53.0553945480977	43.580238351356044	37.31365416258748	34.19531995271105	80.55071823769227
2015-07-21	76.5	77.75499725341797	72.51000213623047	73.19999694824219	62.65155792236328	3701330	74.87270839347887	72.13615327662235	69.57672786035887	61.58161841808837	56.99613000423426	53.454297565922346	43.874962317494216	37.55210162295728	34.408460264162045	64.81360393183698
2015-07-22	72.80000305175781	78.73999786376953	72.72000122070312	78.03500366210938	66.7898178100586	7690030	75.92680681635571	72.97884618883478	70.38227793671606	62.22684921197155	57.54978457417834	53.94104422129239	44.214863226395856	37.821091005277225	34.64685667617269	71.727309405219
2015-07-23	78.19499969482422	82.4000015258789	77.74500274658203	78.8949966430664	67.52587890625	8857870	76.91620342525927	73.8240105394393	71.19301305160657	62.88050205240664	58.11150068125434	54.435181893010686	44.559939180790586	38.09400732180738	34.88864979074588	72.7528200122088
2015-07-24	78.0	81.5	78.0	80.43000030517578	68.83968353271484	3891400	78.08746905189811	74.76772336311593	72.07272612337506	63.56871767016229	58.69882961872596	54.9499307724595	44.916855211878996	38.37530960076664	35.13750962962255	74.5287371048275
2015-07-27	80.9000015258789	81.51000213623047	79.0	79.5199966430664	68.06079864501953	2951040	78.5649782489542	75.446619545966	72.78198998239328	64.19425802204088	59.24675506673492	55.436466730293304	45.261165076865936	38.64869622563242	35.38003688106213	71.55133641997251
2015-07-28	80.22000122070312	84.8949966430664	80.22000122070312	84.21499633789062	72.0792465209961	5995970	80.448317611933	76.69924480195523	73.87084773053589	64.9793850148193	59.90381404755481	56.00633860371107	45.64876538792091	38.95146233933513	35.64689458301201	76.7189808308311
2015-07-29	84.9000015258789	88.91500091552734	84.9000015258789	86.66999816894531	74.18046569824219	5817320	82.52221113093711	78.12363814009667	75.08981443895583	65.82999729537326	60.608187313907194	56.61353978322066	46.05693685837886	39.26852902258835	35.92570935670564	78.87939962659019
2015-07-30	87.29499816894531	90.0	87.12000274658203	89.80999755859375	76.86797332763672	3083460	84.95147327348933	79.79311805702483	76.4917366408261	66.77038946255838	61.37665600455684	57.270895382732995	46.492290696191944	39.604352733791046	36.220159019011035	81.27307306814808
2015-07-31	90.29000091552734	91.0	87.9000015258789	89.70999908447266	76.78240203857422	3623520	86.5376485438171	81.20981534666024	77.75061877831625	67.6699819967511	62.12227029613357	57.91325387187636	46.922317645329066	39.93728061651983	36.51245322701902	80.95839316008593
2015-08-03	90.19000244140625	95.0250015258789	89.97000122070312	94.4000015258789	80.79654693603516	4162720	89.15843287117103	83.09412765797718	79.33627427808412	68.7182180567169	62.97168427586371	58.635763726411064	47.394732410309665	40.29915916076806	36.82877862755924	84.07310473224229
2015-08-04	94.59500122070312	96.30000305175781	89.0999984741211	92.55000305175781	79.21315002441406	5244320	90.28895626469996	84.44496699994585	80.59472463748162	69.652797860444	63.75006108575566	59.30733282196248	47.84403858584646	40.64634084775138	37.13326619271879	78.61075862331009
2015-08-05	92.66000366210938	93.87999725341797	90.69999694824219	93.38999938964844	79.93209838867188	2397280	91.32263730634945	85.72282876990336	81.81332223292608	70.58366850864809	64.5300594621739	59.98223711043151	48.297232225685285	40.996797050687576	37.44068003532497	79.26936427794038
2015-08-06	93.77999877929688	93.80000305175781	87.16000366210938	87.76000213623047	75.1134033203125	4118280	90.13509224964312	86.01385353652152	82.37967269990746	71.25725021953367	65.14137374307012	60.53229186341763	48.68989660290464	41.30751602135563	37.71564900855396	64.85517602619699
2015-08-07	87.80999755859375	90.23999786376953	87.80999755859375	88.19999694824219	75.489990234375	1692230	89.49006048250948	86.3261597381959	82.93398929498696	71.92167165987519	65.74817961689044	61.08016721163198	49.083031929723916	41.61909396771368	37.991519762322746	65.38492983377935
2015-08-10	88.5999984741211	91.9000015258789	85.69999694824219	86.8499984741211	74.33453369140625	2035550	88.61003981304668	86.40099384332807	83.3069425501426	72.507096240826	66.30349063944914	61.5904608999981	49.458822641608464	41.91963153918483	38.25850598479159	62.282859345486905
2015-08-11	87.54000091552734	88.69999694824219	84.40499877929688	84.79499816894531	72.57566833496094	1518490	87.3383592650129	86.17156588984481	83.44866213288572	72.98897474781107	66.79010925864641	62.049956687502004	49.81042637819888	42.2045176961932	38.5128037562897	57.788395099700296
2015-08-12	84.79000091552734	85.94999694824219	80.70999908447266	81.125	69.43453979492188	2187120	85.2672395100086	85.45062790558127	83.2273609773728	73.3080345616224	67.16734322552414	62.427680317452456	50.122014175430735	42.463125552032444	38.745657287676096	50.74558054506353
2015-08-13	81.94000244140625	84.75	76.5999984741211	78.55500030517578	67.23487854003906	3740540	83.02982644173099	84.46553824838048	82.78237424668737	73.5137979241147	67.46701841183076	62.74703318849648	50.40492946030382	42.70293867331579	38.96319468121435	46.47418932964775
2015-08-14	79.3499984741211	82.5	71.4800033569336	80.68000030517578	69.05365753173828	3977560	82.24655106287925	83.92474711363695	82.5821481570196	73.79482546847004	67.81472846165563	63.10214144823271	50.706173946322444	42.95527795326171	39.19115536768408	50.20631243585505
2015-08-17	81.0	81.7699966430664	78.93499755859375	80.47000122070312	68.8739242553711	2514440	81.65436778215387	83.43121198607498	82.38099130594185	74.05659706659682	68.14776195531478	63.44605946352915	51.00233143163967	43.2045452174972	39.41672283136178	49.836498410415636
2015-08-18	80.5999984741211	84.80000305175781	80.0	83.8499984741211	71.766845703125	3184790	82.38624467947628	83.49103862722443	82.52089675053034	74.44065202375464	68.56097870580967	63.8500978597785	51.32917388977381	43.47461467435184	39.659527616294895	55.51602655324758
2015-08-19	84.6500015258789	87.9000015258789	84.0999984741211	87.6500015258789	75.01925659179688	3530430	84.14083029494383	84.08517618417507	83.00938291961116	74.9586657297203	69.06332141160097	64.3213830808894	51.69057515978481	43.76813883947827	39.921770643123224	60.878793599161895
2015-08-20	87.37999725341797	89.0	81.0999984741211	84.63500213623047	72.438720703125	2492000	84.30555424203938	84.16372274875441	83.16420379738442	75.33812990252461	69.47310248330174	64.72363296317339	52.01838040333153	44.03967945939024	40.16610524144622	55.19340074097643
2015-08-21	83.5	85.77999877929688	82.79499816894531	84.74500274658203	72.53287506103516	2670740	84.45203707688692	84.24676274844407	83.31475607826037	75.70702687680138	69.87499459549333	65.12009573116168	52.3440184365977	44.310146723756965	40.40970577426117	55.35720995276512
2015-08-24	81.98500061035156	81.98500061035156	68.0	72.83999633789062	62.343421936035156	6335070	80.58135683055482	82.61722468979357	82.31715991251087	75.59459430664802	69.95302095713537	65.2729650501068	52.54795851521753	44.49971383082762	40.58692047679467	38.8170932230585
2015-08-25	74.5	75.98999786376953	67.5	73.6050033569336	62.998191833496094	3975360	78.25590567268108	81.329764499385	81.48743071674161	75.51657113214941	70.04912575713006	65.43795590766773	52.75748134946346	44.69310445890806	40.7673471591998	40.056536565003924
2015-08-26	73.5	76.73999786376953	69.56500244140625	73.04000091552734	62.514617919921875	2512370	76.51727075362983	80.14551255883391	80.68291359281645	75.41945073149756	70.1278329981405	65.58849145237782	52.959297464548676	44.88145593038061	40.9437004584147	39.421355254239046
2015-08-27	74.69999694824219	76.5	73.0999984741211	75.81999969482422	64.89400482177734	2052660	76.2848470673613	79.52758214968968	80.21977893586481	75.43515853398097	70.27762685857955	65.79109557599062	53.18676713848177	45.087027649745686	41.13428132855902	44.11687791454643
2015-08-28	76.58000183105469	80.93499755859375	75.5999984741211	77.06500244140625	65.95960235595703	3284650	76.54489885870962	79.17578504850633	79.91932403163067	75.49907398133098	70.45624200549605	66.0143412564939	53.4243615196054	45.29950588756403	41.33062406688059	46.13067768661084
2015-08-31	76.94999694824219	77.69999694824219	74.41500091552734	77.18499755859375	66.06229400634766	1513140	76.75826509200432	78.89138683566168	79.65891198657953	75.56518863141972	70.63331452005126	66.23554237138697	53.660785758799314	45.51136961959745	41.52654960508667	46.33141758417662
2015-09-01	76.30000305175781	77.58000183105469	74.25	75.80000305175781	64.87689208984375	2215160	76.43884441192215	78.44976058081826	79.29139684992984	75.57439704006042	70.76928000772774	66.42493763238441	53.881076478132236	45.71262299788423	41.7138362359428	44.28038421234468
2015-09-02	76.56999969482422	79.30000305175781	75.23999786376953	76.32499694824219	65.32622528076172	3341010	76.40089525736217	78.14622291902168	79.00888257357863	75.60383233057735	70.9154830851097	66.62097841091625	54.104399069874624	45.9160274759597	41.90296826169307	45.269433576388494
2015-09-03	77.4000015258789	78.0	75.625	76.46499633789062	65.44605255126953	1812140	76.42226228420499	77.90604769314582	78.7666076939893	75.63760346811904	71.0615229075513	66.81590945897516	54.326892575029014	46.11901065776655	42.09183180309306	45.54701354969301
2015-09-04	76.0	76.23500061035156	70.80000305175781	71.13999938964844	60.88840866088867	1899270	74.66150798601947	76.93946936407477	78.04026404595683	75.46122683759079	71.06358807813281	66.9015350021568	54.49418717019935	46.285263074589686	42.250564959303745	37.71235991838948
2015-09-07	71.69999694824219	73.26499938964844	70.69999694824219	71.62000274658203	61.299251556396484	2453590	73.64767290620699	76.17954556157581	77.42881058887352	75.3105905987277	71.0782305694078	66.99497000699691	54.66459329533749	46.45360021526738	42.41105369038177	38.735368589262166
2015-09-08	72.30000305175781	74.19999694824219	66.59500122070312	72.9749984741211	62.45899200439453	4152620	73.42344809551169	75.72175312051085	77.00463800651615	75.21899875070392	71.12814551426867	67.1133864122865	54.84678638169355	46.6298221306086	42.57806978209619	41.64880489433407
2015-09-09	74.98500061035156	81.0	74.0	80.18499755859375	68.62998962402344	3860940	75.67729791653905	76.3593594688084	77.3075293924283	75.41374380199372	71.36648372596143	67.37223019736189	55.09890788594131	46.852780106874285	42.783572119672684	54.14469633782206
2015-09-10	78.80000305175781	82.80000305175781	75.0999984741211	82.33000183105469	70.46588134765625	4638210	77.89486588804427	77.21230837770074	77.7858601008689	75.68496960705494	71.65499736030598	67.66842369505878	55.369864044599154	47.08850915487548	42.99967282847805	57.088880477284974
2015-09-11	82.5999984741211	87.4000015258789	82.5999984741211	86.47000122070312	74.00928497314453	4627580	80.75324433226389	78.53483592670108	78.61292115990074	76.10791202327644	72.04486588294802	68.04073216091312	55.67931814585392	47.350180198502244	43.237215606577635	62.14128446385171
2015-09-14	86.98999786376953	87.0	83.6449966430664	86.05500030517578	73.65409088134766	2157760	82.52049632323452	79.60914512362604	79.32169060230788	76.49799391668425	72.41355363090138	68.39745034198764	55.981563739479014	47.60735508293197	43.47119257214374	61.36135269626553
2015-09-15	86.4800033569336	86.9000015258789	84.29499816894531	85.69999694824219	73.35025024414062	2084210	83.58032986490375	80.47926681285692	79.92914834953972	76.85885678066691	72.76319687609455	68.74007502726	56.27726954255129	47.86046233785097	43.7019510660022	60.659983384489756
2015-09-16	86.4000015258789	87.98999786376953	84.23500061035156	85.17500305175781	72.90091705322266	1899940	84.1118875938551	81.15008627555704	80.42875355927477	77.18498016384694	73.08982335440149	69.065519146557	56.56480917945881	48.10839948545168	43.92857976537792	59.57549238273276
2015-09-18	86.38999938964844	88.0	86.05000305175781	87.77999877929688	75.13052368164062	2517210	85.3345913223357	82.09721663323417	81.12887215165783	77.60047108994301	73.47640691821452	69.43610290166076	56.87540808094974	48.37199815185596	44.16820500589114	63.10065952957268
2015-09-21	86.80000305175781	86.80000305175781	83.30999755859375	84.13999938964844	72.01506042480469	1583320	84.93639401143994	82.38904274129335	81.4156461743236	77.85692318012754	73.75702777272593	69.72726916874963	57.146697546707934	48.609659289648604	44.38663011181331	55.78086040549761
2015-09-22	84.69999694824219	85.87000274658203	82.3550033569336	82.98500061035156	71.02649688720703	1545590	84.28592954441048	82.47417957973023	81.56510850156435	78.0580242558226	73.99986916318977	69.9897985042269	57.40379508962976	48.83806687317487	44.59755016918237	53.654031650863644
2015-09-23	82.30999755859375	83.5	81.5	81.98999786376953	70.17487335205078	1087900	83.52061898419683	82.40501076316441	81.6055741551077	78.2122192992715	74.21013570794187	70.22742621431685	57.64843392320329	49.05834548440805	44.801880484453335	51.82095687977264
2015-09-24	82.11499786376953	86.19999694824219	81.68499755859375	84.98500061035156	72.73829650878906	2325940	84.00874619291507	82.773580741334	81.92742429370236	78.47781856637268	74.49368478432108	70.51965541027793	57.92043956188139	49.297060800859505	45.02146037585169	56.62468171621733
2015-09-28	85.5	86.37000274658203	82.69999694824219	83.2300033569336	71.23619079589844	1243260	83.74916524758791	82.83878397213394	82.05147944258152	78.66417875423781	74.72358790465299	70.77134546862756	58.17227601755355	49.5225288577105	45.230250228207325	53.27279498272313
2015-09-29	82.5	85.0	81.5999984741211	84.68499755859375	72.48151397705078	911450	84.06110935125652	83.10252877019963	82.30229069172555	78.9002892955851	74.98573026396721	71.04686333179521	58.436084192091265	49.7561665234971	45.44584994039523	55.61840584055068
2015-09-30	85.0999984741211	85.49500274658203	82.91999816894531	84.51499938964844	72.33600616455078	1122110	84.21240603072049	83.30431028726375	82.51302485343248	79.12047400515621	75.23650050411672	71.31355909531706	58.6955758855993	49.987122223604416	45.659342560336505	55.26931543832006
2015-10-01	84.5	85.25	82.70999908447266	84.84500122070312	72.61846923828125	1319070	84.42327109404803	83.5244089920408	82.73511784079159	79.34496526851099	75.48935578613215	71.5815084443346	58.95576917251575	50.218736037538626	45.87347184263359	55.84863776863499
2015-10-05	85.0999984741211	89.69999694824219	84.28500366210938	89.29499816894531	76.42719268798828	3311980	86.04718011901379	84.34877887445573	83.3598683482348	79.73516263715547	75.85266216462723	71.93227061709918	59.257652048102116	50.478378975288834	46.11074794277737	62.83805826524422
2015-10-06	89.9000015258789	91.36000061035156	89.30999755859375	90.875	77.77952575683594	2653800	87.65645341267586	85.28109617810492	84.07559517221243	80.17201900432585	76.24798684450546	72.30737416923583	59.57225252523543	50.74679506183177	46.35536134199717	64.95912606599093
2015-10-07	91.37999725341797	91.69999694824219	85.80000305175781	86.20999908447266	73.7867660522461	2421610	87.17430196994145	85.4137965933003	84.27887173528484	80.40880253688063	76.5101450613467	72.58267367250784	59.83730472980495	50.98243096895895	46.57314624769376	54.98102669119466
2015-10-08	86.5	87.43499755859375	82.0	82.70500183105469	70.7868423461914	1659500	85.6845352569792	85.0268259129795	84.1289793634534	80.49884956802471	76.67316760791797	72.78311581426124	60.06484400444425	51.19321217070045	46.770588081482614	48.90298527769721
2015-10-09	83.09500122070312	84.3550033569336	76.19999694824219	76.4749984741211	65.4546127319336	4100780	82.61468966269317	83.80513627885688	83.4000288025646	80.34105148591084	76.66795263071279	72.8562224015852	60.22812912354551	51.36119746175308	46.93290726395605	40.361987074232715
2015-10-12	76.95999908447266	80.70999908447266	76.71499633789062	80.125	68.5786361694336	2826550	81.78479310846211	83.27940252473446	83.08812129755846	80.33257887862021	76.7589275614835	73.00015859165282	60.4261079382366	51.55231907330289	47.11428481989071	46.281507511613235
2015-10-13	80.4000015258789	80.9000015258789	76.0250015258789	77.80999755859375	66.59722900390625	2202120	80.459861258506	82.49805895814293	82.58544284622849	80.23365412097212	76.78658729824956	73.09540292763185	60.5990819643098	51.72678869778987	47.282020955074884	43.34300878959754
2015-10-14	78.38999938964844	79.87999725341797	77.0999984741211	79.55000305175781	68.08650207519531	1302010	80.15657518958993	82.07690811437364	82.29635334199318	80.20684427512057	76.85930876544714	73.22321679147593	60.78764834328938	51.91166055396241	47.45834872609501	46.112438763223786
2015-10-15	80.19999694824219	80.36000061035156	76.1050033569336	76.5	65.47601318359375	2542570	78.93771679305995	81.2802069551774	81.74431969037478	80.06147783295899	76.84985327161958	73.28810358768433	60.94399015081884	52.07503822470021	47.61704627403984	42.21698188732202
2015-10-16	77.5250015258789	77.56999969482422	71.5999984741211	73.2699966430664	62.71147155761719	4922060	77.0484767430621	80.1358911963044	80.93724130491684	79.79514523727693	76.7556465182366	73.28774503432557	61.06663698158747	52.21586851319434	47.757226330701194	38.50703437569557
2015-10-19	73.19999694824219	77.13500213623047	72.80000305175781	76.45999908447266	65.44178771972656	2700440	76.85231752353228	79.610763751757	80.51083728392216	79.66435519206891	76.74786632261123	73.35056194620967	61.21980476370573	52.37695908177426	47.914072083454045	43.763253869589136
2015-10-20	76.68499755859375	78.0	71.0999984741211	75.98500061035156	65.03523254394531	9830460	76.56321188580537	79.09279758869909	80.07980521977258	79.5200667770996	76.72779090913072	73.40272904846991	61.36672213531415	52.53382314508706	48.067465135513594	43.1715134832676
2015-10-21	76.8550033569336	78.0	74.51000213623047	75.34500122070312	64.48745727539062	2890720	76.15714166410463	78.5573981075568	79.62887150557549	79.35633871606444	76.69140170680367	73.44118988356364	61.50580948939762	52.68539243462604	48.216522709749604	42.340797308938946
2015-10-23	76.44999694824219	76.44999694824219	72.69999694824219	73.33999633789062	62.77136993408203	2208770	75.21809322203329	77.81205499760449	79.02993101341502	79.12040372084194	76.60320682867439	73.43918605097605	61.6235625923677	52.82263232767099	48.353809450886985	39.75961812021395
2015-10-26	73.62000274658203	76.30000305175781	72.63999938964844	75.51000213623047	64.62867736816406	2425360	75.31539619343235	77.48319030312248	78.6946996917784	78.97881934497482	76.57443828413639	73.48019231008999	61.76173612016733	52.97337897091723	48.50220394643531	43.755986979600856
2015-10-27	75.48500061035156	75.48500061035156	73.19999694824219	73.78500366210938	63.152259826660156	1446110	74.80526534965803	76.9548779258349	78.22710959371469	78.77514029858794	76.50103210987253	73.48622817844681	61.88137062307222	53.111662191456716	48.6403613219308	41.404523976338496
2015-10-28	74.22000122070312	76.68000030517578	73.69999694824219	76.31500244140625	65.31767272949219	1788870	75.30851104690744	76.86346714234509	78.0450041506377	78.67866430418866	76.4961365922813	73.5422435103866	62.02498885012032	53.26583720972881	48.791588869031756	45.98909202892244
2015-10-29	76.58999633789062	78.0	76.51000213623047	77.18499755859375	66.06229400634766	1467110	75.93400655080288	76.90940005895204	77.96309876091922	78.62008913769473	76.51426451244743	73.61437725391545	62.17583470791608	53.42476850772791	48.94674410777253	47.509963109467975
2015-10-30	76.79499816894531	77.20500183105469	71.0	71.86499786376953	67.1651382446289	3646120	74.57767032179176	76.18877117392597	77.38232724690496	78.3551835975408	76.3919153901138	73.57973607787295	62.27224429155641	53.547294948631844	49.07198046709492	40.07810256728158
2015-11-02	72.48500061035156	73.66999816894531	72.0250015258789	73.125	68.34273529052734	1606800	74.09344688119451	75.75108957765083	76.9768675091045	78.15007835842155	76.30594393247922	73.57073140306359	62.3802319105459	53.677379367577814	49.20341773230205	42.37717045835648
2015-11-03	73.7699966430664	73.81500244140625	71.61499786376953	72.04000091552734	67.32868957519531	1494340	73.40896489263879	75.22093405449033	76.50668973828762	77.91046747830805	76.19368227413838	73.54041990826089	62.47634901507308	53.79939014198279	49.32820780434153	40.921184427112195
2015-11-04	72.8499984741211	73.49500274658203	71.0	71.33499908447266	66.6697998046875	1607420	72.71764295658342	74.66580048734495	76.01414777125763	77.65260597266744	76.06582219019981	73.49674820877993	62.56449478690791	53.91590581601927	49.44846349439689	39.96045469563619
2015-11-05	71.59500122070312	71.84500122070312	69.0999984741211	70.2699966430664	65.6744384765625	1021550	71.90176085207774	74.03782850959088	75.46708575904894	77.36309188131054	75.91330046527524	73.43285213817174	62.64116644716819	54.02457087134849	49.56224236406175	38.49034454623859
2015-11-06	70.49500274658203	73.0	67.5	71.92500305175781	67.22120666503906	2236480	71.9095082519711	73.73599630132901	75.12974454883074	77.14983349583788	75.80834527018268	73.40299374042097	62.73354293079595	54.14351062005552	49.684443242136595	42.05771980847997
2015-11-09	70.79000091552734	73.97000122070312	68.21499633789062	73.00499725341797	68.23057556152344	1949360	72.27467125245339	73.63156786591314	74.92738766355333	76.98729089809592	75.73457295395204	73.39511262186646	62.835746456394176	54.268836112636	49.811877963509716	44.32684151397561
2015-11-10	71.80000305175781	74.79499816894531	71.80000305175781	73.77999877929688	68.95488739013672	1235100	72.77644709473455	73.65277228211082	74.81811253171938	76.86151473657439	75.68313679146111	73.40273412993439	62.944644489457886	54.39847838949089	49.942851301300905	45.962246477058756
2015-11-13	73.8949966430664	74.5	72.13500213623047	74.08000183105469	69.23526763916016	1461930	73.2109653401746	73.71380507481709	74.74781627451321	76.75243579910303	75.64094902934515	73.41614537154074	63.05544406499616	54.52925263162753	50.07474829873125	46.61597668059893
2015-11-16	74.0999984741211	75.19999694824219	72.5	74.66000366210938	69.77734375	512200	73.69397811415286	73.84897630157313	74.73945316857	76.67037963686798	75.61513467757578	73.44077622877973	63.170912319693805	54.663011774687206	50.20909395645463	47.9275649593384
2015-11-17	74.70999908447266	76.12000274658203	74.59500122070312	75.46499633789062	70.52970886230469	1392300	74.28431752206545	74.07983630676135	74.8085525180291	76.62310970357474	75.6111836686367	73.48085979529677	63.29324151390472	54.80123094122012	50.347104351981606	49.77206552206925
2015-11-18	75.5999984741211	77.19999694824219	74.83000183105469	76.28500366210938	71.29607391357422	935210	74.95121290208009	74.39486021466821	74.94916691270342	76.60985064312511	75.62891577372808	73.53638739661979	63.42251277906098	54.9439802616247	50.48884150668176	51.650821978886206
2015-11-19	76.5	77.8499984741211	75.29499816894531	77.15499877929688	72.10917663574219	812550	75.68580819448569	74.78916572390088	75.15924613809327	76.63122900140635	75.669075852822	73.60804306756388	63.55915443080462	55.09156178001455	50.63455821308949	53.632454150028344
2015-11-20	77.44000244140625	82.2300033569336	76.5250015258789	81.04499816894531	75.74476623535156	4100650	77.4722048526389	75.68285607319294	75.71979395055537	76.80431798836867	75.81054749271999	73.755309505215	63.73314292571149	55.264009862333026	50.80073548060783	61.275069431040684
2015-11-23	81.48500061035156	83.5	79.93000030517578	81.1050033569336	75.80085754394531	2578850	78.6831376874038	76.45744854229875	76.23267103687711	76.97297231654768	75.94987527862035	73.90084799732824	63.905997258360465	55.43571081578552	50.966332572828186	61.38081324325181
2015-11-24	81.30000305175781	83.87999725341797	80.80500030517578	83.21499633789062	77.7728500366211	1816160	80.19375723756607	77.42281251309758	76.8976543988784	77.21775757228662	76.14106267491694	74.08528657832947	64.09812660243539	55.620290786032065	51.14255477919465	64.99998685145738
2015-11-26	83.19499969482422	84.0	82.0999984741211	83.0999984741211	77.66537475585938	648910	81.16250431641775	78.23383907895808	77.48835383461581	77.44843368608404	76.32419256436968	74.26379572478079	64.28719995439246	55.802880205886474	51.31718561905763	64.64441225242929
2015-11-27	83.22000122070312	83.80000305175781	82.11000061035156	82.65499877929688	77.24948120117188	712760	81.6600024707108	78.86543332186362	77.98041525791876	77.6526127093473	76.4907927279204	74.42995816150388	64.46996412180445	55.98129959840083	51.488430499714674	63.203578894361435
2015-11-30	82.80000305175781	89.44999694824219	81.3499984741211	88.0	82.24493408203125	2457630	83.77333498047386	80.17037141874025	78.93466142383126	78.05839260309838	76.79366660350144	74.69867186127608	64.70409383203526	56.194048438278564	51.68794727294028	71.43816313417123
2015-12-01	88.0	89.66000366210938	84.88999938964844	86.58999633789062	80.92713165283203	2340640	84.71222209961279	81.08746069290459	79.66374093945596	78.39296529858044	77.05146475440641	74.93414363309023	64.92186400622288	56.39601486950522	51.87866885253017	67.16789681212512
2015-12-02	87.2300033569336	89.18000030517578	86.0999984741211	86.8550033569336	81.17481231689453	1576120	85.42648251871972	81.91139535919444	80.34862307445383	78.72480992831977	77.30945261236765	75.17020026128515	65.14010419876726	56.59840017506953	52.06979636348319	67.56038107304511
2015-12-03	85.69999694824219	88.5	85.25	88.05999755859375	82.30099487304688	1056570	86.3043208653444	82.78976710196578	81.08303969199096	79.09089571774228	77.59236168989992	75.42544377212295	65.36816283916355	56.80744733376404	52.26646412957669	69.35430990817885
2015-12-04	87.98999786376953	87.98999786376953	85.6050033569336	87.17500305175781	81.47388458251953	1187890	86.59454826081553	83.4162293805075	81.66322667863543	79.4079195347625	77.8445364625804	75.65810831231373	65.58514632386597	57.00922511262114	52.4572211728673	66.44793742627564
2015-12-07	86.8499984741211	87.44999694824219	85.0	85.68000030517578	80.07666015625	438390	86.28969894226894	83.73962522688869	82.04577654782975	79.6538834865434	78.0507328794908	75.85656161910308	65.7850951196999	57.199728602272664	52.63876641402746	61.741008544936506
2015-12-08	85.0	86.0	85.0	85.01499938964844	79.45513153076172	683380	85.86479909139544	83.92182153585436	82.328559675622	79.86412332588085	78.23400305081073	76.03791682248021	65.97643745074417	57.38454767727184	52.81568571990517	59.71471468110341
2015-12-09	85.0	86.0	79.5	80.09500122070312	74.85689544677734	1738530	83.941533134498	83.37513291940418	82.11583982277259	79.87317736097192	78.28297668686052	76.11825512739551	66.11692067233581	57.535447700816235	52.96475301772374	47.336630497929924
2015-12-10	80.77999877929688	81.5	79.0	80.21499633789062	74.96904754638672	799300	82.69935420229554	82.92368483633082	81.93480710992668	79.88658202673344	78.33381930925606	76.19937871572215	66.25720003219207	57.68614237614563	53.113661451167275	47.62180188031063
2015-12-11	80.63999938964844	81.73500061035156	79.0	79.41999816894531	74.22604370117188	746230	81.60623552451213	82.42315816956146	81.69530149649988	79.86828462054567	78.36240296345841	76.26315335836023	66.38817314798067	57.830553378091146	53.257411925034916	45.85035851663427
2015-12-14	78.01499938964844	80.5	77.62999725341797	79.44000244140625	74.24474334716797	968100	80.88415783014351	81.99699306553929	81.48051111030048	79.85148924097157	78.39076084445703	76.3260612609948	66.51804209617396	57.97413775724939	53.400486190151696	45.90488667107544
2015-12-15	79.94000244140625	80.23500061035156	79.0999984741211	79.80500030517578	74.58586120605469	627980	80.52443865515427	81.68385124263021	81.32093865266955	79.84966614545017	78.42797767237069	76.3949511430578	66.650250635567	58.11919332235189	53.544773152528876	46.95449210448831
2015-12-16	80.4000015258789	80.5	79.0	79.0250015258789	73.85688018798828	993490	80.02462627872914	81.3040155688086	81.10227797392758	79.81732635644738	78.44368882641038	76.44703134865821	66.77338248522184	58.258102346960044	53.68400937314828	44.947428351488576
2015-12-17	79.23500061035156	85.44000244140625	79.23500061035156	84.80000305175781	79.25420379638672	1691250	81.61641853640536	81.80344235208706	81.45444226705428	80.01272544253798	78.6109602533932	76.61243672891761	66.95275184409284	58.43446049117797	53.85404212549041	58.94116043894232
2015-12-18	84.19999694824219	85.19999694824219	83.0	84.30500030517578	78.79157257080078	749260	82.51261245932884	82.16080777395688	81.7259239849706	80.18104994695516	78.76080341265063	76.76476472052668	67.12541103276034	58.60635776568959	54.020440804067924	57.589889678020135
2015-12-21	83.61000061035156	86.5	83.4000015258789	85.93000030517578	80.310302734375	708600	83.65174174127782	82.6992638498453	82.12631220594253	80.40649898061086	78.94946648876972	76.94625453408409	67.3125213737794	58.787910207812416	54.19480998166961	60.76952764960127
2015-12-22	84.19999694824219	88.0	84.19999694824219	87.30500030517578	81.59536743164062	1570210	84.86949459591047	83.35722620060679	82.6195205963457	80.67702844431929	79.1693489576225	77.15137821271956	67.51145151240026	58.977392534040746	54.3757399834374	63.27832061494495
2015-12-23	87.5	89.78500366210938	85.30000305175781	89.1050033569336	83.27766418457031	3658240	86.28133084958485	84.17833722293919	83.23718562116359	81.00753726442181	79.43081354707806	77.38808366111984	67.72631272478367	59.17757599465797	54.56551737892099	66.31521887271946
2015-12-24	89.09500122070312	89.4000015258789	87.5	88.2699966430664	82.49727630615234	718080	86.94421944741204	84.76285999724308	83.7165009565829	81.29233959299611	79.66342362855144	77.60356708650491	67.93072749013972	59.3708811152454	54.74969486123872	63.68410195944012
2015-12-28	88.2699966430664	88.9000015258789	87.5	88.46499633789062	82.67951202392578	1060430	87.45114507757157	85.29173661733559	84.16873861194554	81.57362024965865	79.89504396300774	77.81864489346304	68.13504857320191	59.56419749546232	54.933931481329715	64.04289196883882
2015-12-29	88.5199966430664	89.4000015258789	88.0	88.68499755859375	82.8851089477539	962470	87.8624292379123	85.77648818037247	84.59885851162632	81.85249779118551	80.12635853131263	78.03382019376266	68.33952567753417	59.757691183589436	55.11836353639673	64.46939487977738
2015-12-30	88.1500015258789	93.75	88.1500015258789	91.65499877929688	85.660888671875	2620140	89.12661908504049	86.61627540879024	85.27087187045208	82.23690959464086	80.42974380099643	78.3035465023871	68.57152043476565	59.969633426750285	55.31801728089345	69.69531984795434
2015-12-31	92.30000305175781	92.5999984741211	91.0	91.28500366210938	85.31509399414062	1154580	89.84608061073011	87.28323658783583	85.8436463268004	82.59173681297297	80.71540853418361	78.56060506000537	68.79752524299792	60.17770897648689	55.51455819008042	68.3466615761898
2016-01-01	91.41000366210938	92.5	90.5	91.09500122070312	85.13752746582031	543920	90.26238748072112	87.82777439253115	86.34377536431494	82.92519816229571	80.98855571014465	78.80881092457365	69.0193906756119	60.383139489737495	55.708986840520986	67.62299159700696
2016-01-04	90.30999755859375	90.81999969482422	86.0	88.23500061035156	82.46455383300781	1184760	89.5865918572646	87.8859495665055	86.52389205441366	83.1334257092783	81.17925162857115	78.9954681460742	69.21059077446503	60.56820168987446	55.88672462068399	57.716597540046045
2016-01-05	88.20500183105469	89.68000030517578	87.1500015258789	87.88999938964844	82.14210510253906	2409860	89.02106103472588	87.88652811266878	86.65399751491222	83.31995801046928	81.35585025386266	79.17159747763013	69.39645553680516	60.74974187392612	56.06160590357451	56.63870924364609
2016-01-06	87.80000305175781	89.19000244140625	84.80000305175781	85.29499816894531	79.7168197631836	3309700	87.77904007946569	87.51630954927971	86.52456900577252	83.39741056570364	81.45951204110168	79.2928529368641	69.5546499908563	60.912833277879734	56.22135121650003	49.196396046804516
2016-01-07	84.0	87.0	83.62000274658203	85.34500122070312	79.76355743408203	1260820	86.9676937932115	87.20612264519734	86.41222921671829	83.47378666982127	81.56176175635434	79.41269745733615	69.71176791354135	61.07517326421079	56.3804968449383	49.33454581575261
2016-01-08	86.1050033569336	88.09500122070312	85.69999694824219	87.23999786376953	81.53462982177734	3919650	87.05846181673084	87.21096196213622	86.49106432596126	83.62148122644669	81.71118902233896	79.5676935049883	69.88617816180233	61.24902591935736	56.549127998046664	54.395789001833904
2016-01-11	86.5999984741211	88.5	85.50499725341797	87.38500213623047	81.67015075683594	2193740	87.16730858989739	87.23582484414969	86.57620126027261	83.76907028173233	81.86049989375715	79.72249169570597	70.06029581328919	61.42268689089804	56.71763004251761	54.76813509041324
2016-01-12	87.875	88.5	86.4000015258789	88.06500244140625	82.30567932128906	2260140	87.46653987373368	87.35427878661491	86.71799184895201	83.93753820956267	82.02377627659003	79.8876899282941	70.23944712302169	61.599712243393114	56.88892715945143	56.55936371106621
2016-01-13	88.0	88.19999694824219	81.50499725341797	85.84500122070312	80.23085021972656	2557670	86.92602698939017	87.13866770577037	86.63484988435688	84.01234068058778	82.1243348277509	80.00565648853981	70.39472626827225	61.76081050902308	57.047157072354445	49.64697563501446
2016-01-14	84.0	86.19999694824219	82.4000015258789	85.0199966430664	79.45982360839844	731380	86.29068354061557	86.83600041109838	86.48105433756731	84.05185660068499	82.20053645446973	80.10495035298588	70.54025134662841	61.91535659629247	57.200014119188936	47.331899086415255
2016-01-15	85.00499725341797	85.48999786376953	81.61499786376953	82.81500244140625	77.3990249633789	784360	85.13212317421247	86.2615721297138	86.13190653793293	84.00335251600738	82.21670661202069	80.15861475077638	70.66238817344212	62.05422467499754	57.339986732971546	41.73089335661834
2016-01-18	83.9000015258789	83.9000015258789	75.05000305175781	76.93499755859375	71.903564453125	2359640	82.39974796900623	84.92920433383951	85.25601044466254	83.72616212552057	82.07771426850945	80.09478074697078	70.72480219717498	62.15310024233041	57.44706329486019	31.146312915335017
2016-01-19	76.31999969482422	78.08000183105469	75.0	75.44499969482422	70.51100158691406	1439730	80.08149854427889	83.57431795683732	84.32162846848746	83.40141065765013	81.90316914814932	80.00270587465106	70.77176933645508	62.24141851111774	57.54541267409497	29.1300383805315
2016-01-20	74.37999725341797	78.5	71.50499725341797	77.34500122070312	72.28675079345703	2228020	79.16933276975364	82.684415565961	83.65718777822228	83.16390440522083	81.78321736058494	79.95007805972139	70.83717462883565	62.34177454241067	57.65360714702725	34.9159351290731
2016-01-21	78.0	83.44499969482422	77.8499984741211	82.53500366210938	77.1373291015625	1654890	80.29122306720555	82.66307100826792	83.55031310049723	83.13924163098118	81.80300121062506	80.00126470531323	70.95357093762445	62.475948822275775	57.78957106241021	47.5197653790493
2016-01-22	82.5	83.29000091552734	81.25	81.62000274658203	76.28216552734375	1697470	80.7341496269977	82.51406125659851	83.36647401917197	83.07966363551454	81.7981854615713	80.03331892395222	71.05970458746482	62.60315183838412	57.919792000575086	45.83453471450455
2016-01-25	82.29499816894531	85.83000183105469	82.22000122070312	83.11499786376953	77.67939758300781	1614150	81.52776570592165	82.59990934333723	83.34252390913365	83.08104929152454	81.83283841952388	80.09434226929514	71.17965775439323	62.73944317410097	58.05747072113899	49.01596353011444
2016-01-27	83.0	85.0999984741211	81.9000015258789	84.15499877929688	78.65137481689453	2132270	82.4035100637134	82.82206497704576	83.41990246819681	83.12316495771168	81.8939479026758	80.17475130909716	71.30876562528779	62.88173922463383	58.20008016407974	51.16483776089865
2016-01-28	83.19999694824219	87.4000015258789	82.01499938964844	83.44499969482422	77.9878158569336	1165360	82.75067327408367	82.91105565101411	83.42229268025656	83.13578592779453	81.93476505510077	80.23950870287393	71.42952417324338	63.018372184568655	58.338030544029166	49.62702392480769
2016-01-29	84.49500274658203	85.25	82.22000122070312	83.07499694824219	77.64200592041016	908170	82.85878116546984	82.93447583633241	83.38921689625519	83.13340204624346	81.96477115755187	80.29565698496043	71.54539952423839	63.15163879429406	58.47320522383361	48.803800633036175
2016-02-01	83.80000305175781	85.0	83.0999984741211	84.42500305175781	78.90373229980469	966910	83.38085512756582	83.1474082956789	83.48786319677924	83.18405306606755	82.02951410213623	80.37742621400592	71.67355478321868	63.292990051818734	58.61501832671844	51.936578277364596
2016-02-02	84.9000015258789	89.69999694824219	84.41000366210938	86.2750015258789	80.63274383544922	6662520	84.34557059367019	83.59420732856462	83.75330494240778	83.30526673115818	82.14123745539261	80.49420988354797	71.81884281050883	63.44569444699521	58.76616577589418	55.91745585450268
2016-02-03	85.58999633789062	89.0	84.59500122070312	88.53500366210938	82.74494171142578	2350790	85.74204828314991	84.30003537621387	84.2087048204746	83.51035445394058	82.30949446083252	80.6534335227274	71.98517276923123	63.612400820517564	58.92883702117405	60.24892456721111
2016-02-04	88.80000305175781	89.9749984741211	87.69999694824219	88.2699966430664	82.49727630615234	1565230	86.58469773645541	84.86717270004995	84.5954945178643	83.69700708880826	82.46634978141763	80.80425655481332	72.1472108177271	63.776238666514566	59.08917122675816	59.51051813225552
2016-02-05	88.56999969482422	91.44999694824219	85.51000213623047	90.34500122070312	84.43656158447266	2878540	87.83813223120465	85.64971963157183	85.14306658480133	83.95771274103943	82.6736827140304	80.99318219176163	72.32828335905025	63.9527752947816	59.25996811197098	63.30299673877449
2016-02-08	90.625	91.50499725341797	89.09500122070312	89.625	83.76366424560547	468620	88.4337548208031	86.21761682706156	85.56991738624882	84.17995930021435	82.85661211629277	81.16410927707328	72.50038999229352	64.12335486092924	59.425897247971136	61.16225981170209
2016-02-09	89.29000091552734	91.44499969482422	85.5999984741211	90.41999816894531	84.50666809082031	710470	89.0958359368505	86.81795701875924	86.03182984174373	84.42466670683125	83.05564859136257	81.3473942056252	72.67869455126518	64.2980833878928	59.59526391967045	62.66363303542908
2016-02-10	89.69999694824219	90.5	88.69999694824219	90.01499938964844	84.12815856933594	2879000	89.40222375444982	87.2746773574577	86.41117932249657	84.64389543949075	83.23878940184377	81.51902995184349	72.85119509692073	64.46895990617689	59.76149198234793	61.36224085104492
2016-02-11	90.0	90.3949966430664	83.50499725341797	85.88999938964844	80.2729263305664	1219730	88.23148229951603	87.07686621919923	86.3615431384158	84.69276226106555	83.30855808573337	81.60558380209706	72.98093444311704	64.61129239443916	59.90427071134957	49.977522961979034
2016-02-12	87.80000305175781	88.30000305175781	80.19999694824219	84.55500030517578	79.02523040771484	589040	87.00598830140261	86.71659966005302	86.18949144001199	84.68735983142281	83.34135919677132	81.66398808928673	73.09609927756539	64.74380872607196	60.03897415175299	46.94206021750447
2016-02-15	85.0	87.21499633789062	85.0	86.02999877929688	80.40376281738281	736000	86.6806584607007	86.618513819945	86.17430166280103	84.74001233918258	83.41211286999568	81.75044374651466	73.22479479499555	64.88524520483094	60.1810016087341	50.51801930693384
2016-02-16	86.0	87.5	84.5	86.84500122070312	81.16545867919922	381020	86.73543938070151	86.65086916291044	86.23817781117266	84.82256092277163	83.50245203711957	81.85132607273621	73.36031923704239	65.0311572049364	60.3267065246465	52.425957227926325
2016-02-17	87.30000305175781	89.1449966430664	84.20500183105469	86.94499969482422	81.25891876220703	1519340	86.80529281874242	86.6928878103267	86.30549418104424	84.9057938157933	83.59304539653284	81.95219089693597	73.49549018687107	65.17676413177952	60.47216167858189	52.66711390845887
2016-02-18	87.5	88.4000015258789	86.11000061035156	87.0	81.31031799316406	535870	86.87019521249495	86.73676098028002	86.37163759237336	84.98791954850729	83.68270209662408	82.05214751283823	73.6298634188425	65.32176902126936	60.61712254372625	52.808806326164174
2016-02-19	87.98999786376953	88.13999938964844	86.0	86.73500061035156	81.06266784667969	585250	86.82513034511382	86.73650949886168	86.40624359408557	85.05643253132472	83.76302574172217	82.14487727714543	73.76026279388239	65.46404962983469	60.75984318889907	52.00108694483647
2016-02-22	86.75	87.80000305175781	86.0999984741211	87.11499786376953	81.41780853271484	1298290	86.92175285133239	86.79057926527709	86.47374400072214	85.13716058357745	83.85123553440764	82.24329550658352	73.89314572990116	65.6079097509904	60.903860427559565	53.108646751061116
2016-02-23	86.5999984741211	88.0	86.48999786376953	87.17500305175781	81.47388458251953	835080	87.00616958480752	86.84549694906005	86.54053057701125	85.21707597448649	83.9387031006537	82.34095308173549	74.02530351419824	65.75121269651045	61.04741858397595	53.29192914159405
2016-02-24	88.38999938964844	88.38999938964844	86.5	87.26499938964844	81.55799102783203	293240	87.09244618642116	86.90542586914411	86.60952760678623	85.29738669664971	84.02623721352198	82.43845894921891	74.15704178161566	65.89416144530206	61.1906840528594	53.58495602156294
2016-02-25	88.0	88.0	82.76499938964844	83.88999938964844	78.40370178222656	474530	86.02496392083025	86.47465065778759	86.35052491943978	85.24219503755162	84.02265200763057	82.46720232427693	74.25388713094932	66.01373511935087	61.31472402737737	42.752823683572736
2016-02-26	85.0	85.48999786376953	77.75	83.37999725341797	77.92706298828125	1123630	85.14330836502616	86.03255731430622	86.06761752267579	85.16916767346795	84.00574004041445	82.48527747138863	74.34469419684453	66.1291255654244	61.43529929090765	41.391185124105526
2016-02-29	84.00499725341797	84.1500015258789	79.78500366210938	81.18499755859375	75.87561798095703	759530	83.82387142954869	85.34004877777586	85.60260609752513	85.01292570817877	83.93150997510338	82.45952935430358	74.41275691686194	66.22916458199032	61.54322113936495	36.06698865255554
2016-03-01	81.4000015258789	85.875	81.4000015258789	84.98500061035156	79.42711639404297	1848710	84.21091448981632	85.28932761100096	85.54378652731812	85.01183060630319	83.95923341287308	82.50953868610651	74.51795337152353	66.35378807719538	61.671318294944115	48.433519094760285
2016-03-02	86.26000213623047	86.79499816894531	85.51499938964844	86.01499938964844	80.3897476196289	611660	84.8122761230937	85.3929950079506	85.58866394277815	85.05117055859124	84.01333251752506	82.57895374954299	74.63235183936557	66.48442735501898	61.8043438746966	51.18948324265325
2016-03-03	87.08000183105469	87.08000183105469	84.01000213623047	84.50499725341797	78.97848510742188	1428320	84.70984983320179	85.26613818587451	85.48545759141052	85.02975199760405	84.02627106320645	82.61709322486725	74.73058711711734	66.6041653609884	61.92839116091912	47.20628917380633
2016-03-04	85.81500244140625	85.81500244140625	84.59500122070312	84.94999694824219	79.3943862915039	754400	84.78989887154859	85.22097515192704	85.43446133968021	85.02662434860947	84.05057963912844	82.66328933820141	74.83227278707878	66.72606457419275	62.05419228544001	48.47863427719162
2016-03-08	86.0	86.1050033569336	83.80500030517578	85.06999969482422	79.50653839111328	1106900	84.88326581264046	85.19940722948378	85.39975070683678	85.02832534257868	84.07740648269939	82.71094696902563	74.93414071650908	66.84795118628996	62.17996172483555	48.83672840325144
2016-03-09	85.8949966430664	88.9000015258789	85.11000061035156	87.93000030517578	82.17951202392578	1275210	85.8988439768189	85.58949195458264	85.64072685905954	85.1421165175825	84.1787905306593	82.81429455984048	75.0634527522172	66.98803124688057	62.32067231817074	56.582039597684805
2016-03-10	88.80000305175781	90.19999694824219	87.75499725341797	89.93000030517578	84.04869842529297	1830470	87.24256275293786	86.20956457609594	86.049229092023	85.32987666611557	84.33013815630447	82.95519962410454	75.2113785985153	67.14046957949382	62.47154296290847	61.02539305552618
2016-03-11	90.80000305175781	97.5	89.38500213623047	97.33999633789062	90.97410583496094	5323380	90.60837394792212	87.79962625635233	87.12454025829611	85.80086175128322	84.67250284529358	83.24004708378347	75.43156384965336	67.3411308868586	62.662080959493075	72.32570944107884
2016-03-14	98.0999984741211	100.80000305175781	97.77999877929688	99.37999725341797	92.88069152832031	3634790	93.5322483830874	89.45396497021885	88.2917266387839	86.33337686901399	85.05954217182317	83.5596500574396	75.66985671934256	67.55401371985899	62.862725310826	74.51633344902736
2016-03-15	99.66999816894531	99.66999816894531	95.5999984741211	96.1050033569336	89.81986999511719	3159710	94.38983337436947	90.4041133111781	89.03584823098863	86.71657790775593	85.35021220301029	83.80807289505334	75.8731915117564	67.74372129219836	63.044377103427685	65.54611320557689
2016-03-16	95.94999694824219	96.66500091552734	93.0	93.91000366210938	87.76842498779297	2651730	94.22989013694944	90.90495478988257	89.50005351014299	86.99867303537764	85.57546987298657	84.00811112806436	76.05266227942161	67.91758363352668	63.21304172943141	60.30622051645802
2016-03-17	94.40499877929688	97.9000015258789	93.19999694824219	93.77999877929688	87.64691925048828	1461560	94.07992635106525	91.3156753597989	89.90766734530051	87.26460737827642	85.79137852841579	84.20161385383133	76.22905368738057	68.08942692353179	63.380074281616466	60.000278868710176
2016-03-18	94.1050033569336	96.4000015258789	92.0	93.97000122070312	87.82449340820312	6055660	94.04328464094455	91.6948647684995	90.29455628581505	87.52756399954806	86.00660544137072	84.39504726703672	76.40558052850815	68.2613908723502	63.547232352321856	60.31713615435038
2016-03-21	94.0	98.0	92.0	97.6500015258789	91.32213592529297	734310	95.24552360258933	92.54559859098227	90.99507488010684	87.92452233391398	86.31301060148937	84.65752160879597	76.61696780211383	68.45666403283877	63.733586282232004	65.94408140661258
2016-03-22	97.5	98.80000305175781	95.05000305175781	97.5999984741211	91.27537536621094	362664	96.03034855976658	93.26765571714496	91.62411522239391	88.30395277078485	86.61003659813757	84.91380827939648	76.82575417695968	68.65030745105328	63.918648643936315	65.80753551142666
2016-03-23	98.0999984741211	111.4000015258789	97.0	108.19999694824219	101.18848419189453	2334421	100.08689802259178	95.40084732158742	93.20277062485565	89.0841897973518	87.17819344945612	85.37492092630431	77.13793569707194	68.91309608558609	64.16062322483417	76.78265669981934
2016-03-28	107.80000305175781	107.80000305175781	99.0	100.30000305175781	93.80042266845703	1645048	100.15793303231379	96.10072671161176	93.87869752265586	89.52402561125007	87.52350422846406	85.67046710700636	77.36840402895936	69.12164696243774	64.35810617470807	61.05379711314981
2016-03-29	100.9000015258789	100.9000015258789	94.0	95.0	88.84386444091797	1695484	98.43862202154253	95.94348003852436	93.98548823478387	89.73876970492654	87.72025411718869	85.8552103326102	77.54384279484036	69.2935961520561	64.52554821746922	53.182648544969325
2016-03-30	95.94999694824219	101.44999694824219	95.6500015258789	100.05000305175781	93.56661224365234	1009601	98.97574903161428	96.53012618327199	94.56306107449568	90.14313179695914	88.0447211944142	86.13629533694976	77.76778468794402	69.49795765969532	64.71967092148172	58.65249286370562
2016-03-31	100.05000305175781	101.0	98.0999984741211	98.94999694824219	92.53789520263672	440892	98.96716500382358	96.87582200683916	94.98086449104296	90.48849905779377	88.33170213530441	86.3900320025199	77.978552969141	69.69365227290825	64.90672188337659	57.08790355979622
2016-04-01	99.69999694824219	100.0	97.80000305175781	98.6500015258789	92.25733947753906	244762	98.86144384450868	97.12927622384484	95.3303061134083	90.80855797811084	88.60323632979322	86.63280367624978	78.18423902443193	69.88605326462235	65.09111138961977	56.644118253480045
2016-04-04	98.69999694824219	99.8499984741211	95.0	96.05000305175781	89.8258285522461	351774	97.92429691359173	96.97509434211813	95.3988486789654	91.01410484374405	88.79920387510808	86.81928287180439	78.36200782072373	70.05990010706178	65.26028566099757	52.81228229464785
2016-04-05	96.5	97.8499984741211	92.0999984741211	93.19999694824219	87.1604995727539	521642	96.34953025847521	96.43579471442156	95.18943422842032	91.09982610274398	88.91501421913792	86.94563364559524	78.50964950358461	70.2136549033487	65.41296167896066	48.906766334807386
2016-04-06	93.0	94.94999694824219	87.55000305175781	89.9000015258789	84.07434844970703	1832357	94.19968734760978	95.50210997320119	94.68567873294019	91.05277415855319	88.94093493773636	87.00413597985828	78.62298633962735	70.3444611931994	65.54677063987278	44.77765095748324
2016-04-07	91.0	91.0	88.0999984741211	89.5999984741211	83.79378509521484	532881	92.66645772311355	94.65895118761831	94.20132823210028	90.99580256308526	88.95827871500964	87.05553919756645	78.7322103409656	70.47240496250784	65.67820904333861	44.410561969316895
2016-04-08	89.0999984741211	95.0	88.19999694824219	92.25	86.2720718383789	1240028	92.5276384820757	94.31481530367284	94.01548744809072	91.0449867762976	89.04490295935149	87.15839980751562	78.86671571070723	70.61710659066394	65.82341008681763	48.43212105331236
2016-04-11	92.9000015258789	94.1500015258789	89.05000305175781	91.1500015258789	85.24335479736328	669415	92.06842616334343	93.86269904970229	93.74258402692769	91.04910500177138	89.10030029004957	87.23744142570104	78.98893746011191	70.75353778624677	65.96180676134802	46.91491777786621
2016-04-12	91.6500015258789	91.6500015258789	87.80000305175781	88.05000305175781	82.34423065185547	1071175	90.7289517928149	93.03231390713879	93.2004334578639	90.93149316059437	89.0726608890419	87.25353175492988	79.0790973167452	70.86846446575183	66.08250728752512	42.84175628352923
2016-04-13	89.0	93.4000015258789	88.30000305175781	90.80000305175781	84.91603088378906	1853887	90.75263554579587	92.71341235637007	92.97182103823475	90.92633668573804	89.11811726174494	87.3237589093225	79.19572324445677	71.00089993808409	66.21757557038978	47.21949752249747
2016-04-18	91.25	96.0	90.05000305175781	95.3499984741211	89.17118072509766	1177693	92.28508985523762	93.09006751604879	93.19831412736679	91.0998136186158	89.28211413575484	87.48269434624922	79.35646230146835	71.16268796822386	66.37676913816973	53.55746592029968
2016-04-20	97.69999694824219	100.5	97.5	98.8499984741211	92.44436645507812	3761825	94.47339272819877	93.9129147957734	93.73656977943863	91.40374243647875	89.53390056571185	87.7077894774942	79.5504278355246	71.3466568087946	66.55421847880335	57.75939261253177
2016-04-21	99.69999694824219	100.5	98.5	99.5999984741211	93.1457748413086	1540055	96.18226131017288	94.72535532125164	94.29499155988458	91.72516424187648	89.79879787909104	87.94327876455613	79.74992605083402	71.53438665374694	66.73479651156465	58.623298300997305
2016-04-22	99.4000015258789	100.3499984741211	97.5	99.3499984741211	92.91197204589844	1281592	97.23817369815562	95.38601862880442	94.77642078981187	92.02417734902333	90.05014526317078	88.16915440236929	79.94495164708563	71.7192079947461	66.91302165890103	58.196037526718435
2016-04-25	99.80000305175781	104.75	98.25	99.1500015258789	92.72493743896484	5650658	97.87544964073005	95.92373047124363	95.19295228848492	92.30362143439022	90.28961516482099	88.3865969196665	80.13604667075522	71.90147240359083	67.08918001882986	57.83290444022682
2016-04-26	99.0	101.4000015258789	95.1500015258789	100.0	93.51985168457031	1880090	98.58363309382004	96.5060546896374	95.65076635624825	92.60544020166904	90.54515160785202	88.61656529749489	80.33369794766313	72.08817358363342	67.26902056517505	59.003740527222206
2016-04-27	99.30000305175781	100.9000015258789	97.5	100.25	93.75365447998047	898280	99.13908872921336	97.0409040196892	96.08878860803414	92.90522686042712	90.8005423550138	88.84693034110884	80.53187010738787	72.27529535384184	67.44924449651289	59.36115351470459
2016-04-28	100.0	101.80000305175781	98.05000305175781	98.69999694824219	92.3041000366211	768902	98.99272480222297	97.27791729519676	96.33747511662538	93.13247274622378	91.00842273904613	89.04204057095306	80.71264748888892	72.45087476642922	67.62001363559338	56.0957753841106
2016-04-29	98.0999984741211	100.5	97.4000015258789	99.94999694824219	93.47309112548828	1254598	99.3118155175627	97.65964295991753	96.6815248148746	93.39982663649901	91.24372732349865	89.258039707137	80.9040639014198	72.63359318624194	67.79668021107234	58.097627118077334
2016-05-02	100.5	101.69999694824219	98.0	99.55000305175781	93.09901428222656	1118876	99.39121136229441	97.929694401609	96.9547132183873	93.64101002533269	91.46231352687388	89.46184096148593	81.08959563425898	72.81243976342145	67.97019563643128	57.1988725713429
2016-05-03	99.4000015258789	101.0	98.05000305175781	98.9000015258789	92.49114227294922	526563	99.2274747501559	98.06830970507613	97.13997877148174	93.84724498613842	91.65804215842665	89.64873523008778	81.26681360332982	72.98577904423512	68.1392109691605	55.69117315329631
2016-05-04	98.25	99.0	94.4000015258789	95.0999984741211	88.9373779296875	730136	97.85164932481096	97.64426524351113	96.94569493363787	93.89637257390245	91.74861995620809	89.75668103690032	81.40445723388495	73.13271737931741	68.28653767683788	47.76456518118744
2016-05-05	95.55000305175781	97.0	91.75	92.6500015258789	86.64614868164062	496333	96.11776672516694	96.9307989981351	96.53658127575606	93.84749527790153	91.772340523831	89.8139745119296	81.51635319698937	73.26240033045735	68.41967135907308	43.46876028202607
2016-05-06	92.0	93.0	90.75	92.1500015258789	86.17855072021484	436816	94.79517832540427	96.24782793066993	96.11881177576777	93.78092689546926	91.78227897125332	89.86023247260187	81.62216064304798	73.38789934172262	68.54934529441081	42.62619334093618
2016-05-09	93.0	95.4000015258789	93.0	93.55000305175781	87.48783111572266	387293	94.38011990085545	95.86242437653962	95.87416332586206	93.77187105846097	91.82879802600344	89.93329723654554	81.74084564213962	73.52186680823448	68.68596091057118	45.79440690844382
2016-05-10	94.4000015258789	94.4000015258789	92.80000305175781	93.5999984741211	87.53458404541016	1128329	94.12007942527732	95.53922067619412	95.65757619712483	93.76513095711431	91.8754085641118	90.00590518184407	81.85884716285585	73.65527632096462	68.82210319233921	45.90927779686449
2016-05-11	92.5	96.9000015258789	92.30000305175781	96.05000305175781	89.8258285522461	1122042	94.76338730077082	95.61218958698893	95.69495018328035	93.85473378435523	91.9852663137867	90.125590288179	82.00005269408871	73.80407849193334	68.97088953036882	51.350152222220636
2016-05-12	95.75	99.69999694824219	95.75	98.3499984741211	91.97677612304688	522750	95.95892435855424	96.00330514229353	95.94781192526519	94.03101867414998	92.15275926537444	90.28844985621745	82.16273872175073	73.96717430576847	69.13143110929643	55.84082708746201
2016-05-13	97.69999694824219	99.55000305175781	96.5	96.80000305175781	90.52721405029297	340563	96.23928392295544	96.11711912935985	96.02897298493114	94.13960629680126	92.27505515448979	90.4173915036539	82.30838314294483	74.11888745358235	69.28262549149566	52.33484875846872
2016-05-16	96.5	97.6500015258789	94.69999694824219	95.0999984741211	88.9373779296875	567002	95.85952210667732	95.97181617861146	95.94049922199686	94.17726873512753	92.3493957681643	90.5101163941582	82.4356628974839	74.2582968291341	69.42370403238432	48.721712898993516
2016-05-17	96.0999984741211	99.0	95.0	98.05000305175781	91.69622039794922	378152	96.58968242170415	96.26870001763237	96.14140434864076	94.32914066911303	92.49941174931149	90.6594210804473	82.59102946618313	74.41638125586249	69.58013189587817	54.58151853116425
2016-05-18	97.69999694824219	104.5	97.0	100.4000015258789	93.89392852783203	2640515	97.8597887897624	96.85888594738188	96.54698503218725	94.56721364388817	92.70732200658958	90.85230386154495	82.76823316826966	74.58902989553037	69.74854648402025	58.63656531410892
2016-05-19	100.80000305175781	103.19999694824219	99.5999984741211	100.05000305175781	93.56661224365234	1392980	98.58986021042755	97.31475981943558	96.88060579595587	94.78222499321639	92.90055045514664	91.03443651877689	82.9401910775581	74.75820579690065	69.91412821389859	57.80873753020155
2016-05-20	100.05000305175781	100.6500015258789	99.0	99.8499984741211	93.37957000732422	1435427	99.00990629832539	97.67693677010494	97.16340509863828	94.98096120815383	93.08343066617229	91.20900210205103	83.10844786757364	74.92492867183235	70.07771220439162	57.31080960112994
2016-05-23	100.4000015258789	102.30000305175781	99.0	99.94999694824219	93.47309112548828	1451450	99.32326984829766	98.00165965269598	97.42879479860055	95.17582535482396	93.26412977885835	91.3820911089063	83.27602547036636	75.09120819526365	70.24094873304654	57.50787915364411
2016-05-24	100.4000015258789	101.0	99.0	100.30000305175781	93.80042266845703	565454	99.64884758278437	98.32999442399053	97.70224320366314	95.37677349980176	93.44928433867149	91.55868342460633	83.44541828212151	75.25870849331345	70.40520586047118	58.23462889294978
2016-05-25	100.80000305175781	103.0	100.30000305175781	101.3499984741211	94.7823715209961	395333	100.21589787989662	98.76142357400919	98.04964846751628	95.61101761644173	93.65719786855175	91.7525708513294	83.62357330890758	75.43207254634207	70.57430308786817	60.4215433855227
2016-05-26	101.0	102.0	100.0	100.55000305175781	94.03421783447266	261770	100.32726627051701	99.01693492797328	98.28777747553929	95.80470331978746	93.83858747863611	91.9267774295557	83.7919954954036	75.59896909455081	70.73810472701511	57.932554724540296
2016-05-27	100.0999984741211	101.9000015258789	100.0	100.05000305175781	93.56661224365234	248602	100.23484519759728	99.16451608851393	98.4556084827982	95.97118566221768	94.00204578319195	92.08763338247059	83.95376671486981	75.76143443645917	70.8982790348006	56.36961104867019
2016-05-30	100.5	101.5	100.0	100.1500015258789	93.66014099121094	165876	100.20656397369116	99.30529972242321	98.61697924880589	96.13506079412596	94.16383409221002	92.24728423679551	84.11492328015349	75.92348471612308	71.05812451289393	56.62166965516885
2016-05-31	100.5999984741211	104.94999694824219	98.5999984741211	104.25	97.49444580078125	1499227	101.55437598246077	100.01168547636276	99.15345741558629	96.45329370416025	94.42925951083608	92.48496177666094	84.31527230224151	76.11170076452093	71.23950088167592	65.4379751373325
2016-06-01	105.19999694824219	107.9000015258789	105.0999984741211	105.8499984741211	98.99076843261719	1413040	102.98625014634754	100.84573019032824	99.79122323068484	96.82179193043322	94.7298052730278	92.74961596868985	84.52954818454877	76.30929742704319	71.42862928382043	68.15777969771042
2016-06-02	106.0	107.5	103.5	107.0	100.06624603271484	503195	104.32416676423169	101.72491159170993	100.47777339919104	97.22093734492604	95.0527051342639	93.03180179109204	84.75313476977715	76.51322236108277	71.62300835877222	69.98598968974234
2016-06-03	107.4000015258789	109.0	105.5	108.0	101.0014419555664	826373	105.5494445094878	102.62135279289423	101.19417593260141	97.64364568434071	95.39342342020433	93.32820175562486	84.98444686162016	76.72243683044434	71.8217897338609	71.51739018355508
2016-06-06	108.4000015258789	108.80000305175781	106.0	107.25	100.300048828125	332197	106.11629633965853	103.28258810819506	101.77092108187746	98.02036546142538	95.70543859335685	93.60388092878081	85.20599465404185	76.92527778173707	72.01538651127149	68.68675624568125
2016-06-07	106.69999694824219	109.4000015258789	106.69999694824219	108.0	101.0014419555664	527004	106.74419755977236	103.95650409273863	102.36416669312723	98.41172367862438	96.02897968300535	93.88895259355743	85.43280067738472	77.13175434132685	72.21202374345033	69.96689478506948
2016-06-08	108.5	108.5	104.75	105.6500015258789	98.8037338256836	492347	106.37946554847454	104.19843229747295	102.67710334386548	98.69557771185005	96.28216446834412	94.1218446516232	85.63396685498168	77.32124435584215	72.39474493351824	61.48506503763605
2016-06-09	106.5999984741211	109.9000015258789	106.4000015258789	107.44999694824219	100.4870834350586	924328	106.73630934839709	104.66294153329713	103.13166463952041	99.03888827013994	96.57605479676249	94.38576845947705	85.85104178128277	77.52143540296774	72.58630368769705	64.98631615666613
2016-06-10	108.69999694824219	113.75	108.44999694824219	112.4000015258789	105.11632537841797	1657739	108.62420674089103	105.76823581795166	104.01436339060217	99.5628534958552	96.9924744475287	94.74248594594046	86.11521053496035	77.75318667288741	72.80386487806963	72.41330334128143
2016-06-13	113.0	115.5	111.44999694824219	113.6500015258789	106.28530883789062	875032	110.29947166922032	106.89420234765555	104.93204321300948	100.11529067350318	97.43083042327477	95.11689219504815	86.38918855477048	77.99170371509997	73.02706781057132	73.91785554228973
2016-06-14	114.0	119.9000015258789	114.0	117.5	109.88583374023438	1110848	112.69964777948022	108.40931629799047	106.12899147843714	100.79704398042463	97.95896646476754	95.56012205257196	86.69874886765834	78.25421731167738	73.27008929794525	77.91336640077694
2016-06-15	118.30000305175781	118.55000305175781	112.5	113.19999694824219	105.8644790649414	1756394	112.8664308357342	109.09369924802643	106.80242057079953	101.28343429288806	98.36004621433267	95.90942650595156	86.96244287841041	78.48641518301667	73.48828551461354	65.7909766615175
2016-06-16	112.94999694824219	112.94999694824219	106.55000305175781	108.3499984741211	101.32876586914062	1653925	111.36095338186317	108.98745628032566	106.94980894254444	101.56055445685799	98.62293969485341	96.15577446571729	87.1752543768752	78.68484430787451	73.67878667832669	55.33360060519804
2016-06-17	110.1500015258789	112.5	109.30000305175781	109.80000305175781	102.68479919433594	2138272	110.84063660516138	109.10353439053026	107.22125600056476	101.88367008803053	98.91707294108774	96.42595720999532	87.40037625423722	78.89158954869765	73.87617037435636	57.50817481565562
2016-06-20	109.19999694824219	109.19999694824219	106.0	106.5999984741211	99.6921615600586	549631	109.42709056148128	108.74588640247181	107.16208861709394	102.06862414238702	99.11925519195704	96.62742337364138	87.5914172713505	79.07569857810246	74.05498910714196	51.54416060698475
2016-06-21	107.5	110.0	105.0	108.94999694824219	101.8898696899414	1901996	109.26805935706825	108.77504505186758	107.33236560101282	102.33848189947938	99.37795892238559	96.87143473155426	87.80394045221509	79.27419889949874	74.24567221009879	55.21717191612995
2016-06-22	111.30000305175781	111.9000015258789	105.69999694824219	106.19999694824219	99.36368560791016	1775926	108.24537188745957	108.40718103706395	107.22452096741561	102.48991386217595	99.5574862388555	97.05615873584512	87.98698579048401	79.45310785663325	74.42028600648209	50.402385435427746
2016-06-23	105.69999694824219	107.69999694824219	105.0999984741211	105.80000305175781	99.03606414794922	271094	107.43024894222565	108.03472703916307	107.08885259449582	102.61972128137525	99.72176299708977	97.22930416784338	88.16422974333251	79.62817028317893	74.59175987011747	49.72323250125162
2016-06-24	102.0	107.3499984741211	99.0	104.1500015258789	97.4915542602539	792616	106.33683313677673	107.47976625155106	106.8089620165323	102.67973227135579	99.83829558995264	97.36634767988369	88.32329214912899	79.79110603894438	74.75328031632382	46.91493402172528
2016-06-27	104.0	106.0	104.0	104.44999694824219	97.77236938476562	638968	105.70788774059855	107.04694206536408	106.58429867669516	102.74915441554741	99.95965615201288	97.50661796242544	88.48375687349828	79.95495249016895	74.91555745638895	47.49555794194153
2016-06-28	105.0	105.25	102.0999984741211	102.55000305175781	95.99384307861328	323138	104.65525951098498	106.40452220627746	106.20008004574875	102.7413445581439	100.02782317569039	97.60648697409539	88.62371952203817	80.1050857164918	75.0665653558172	44.198317903336594
2016-06-29	103.69999694824219	106.5	103.6500015258789	105.0	98.28721618652344	1745401	104.77017300732332	106.20387617680926	106.0857867080584	102.82991928135394	100.15866993422485	97.75289317262815	88.7866675864955	80.27050042933904	75.23013603693296	49.104822657521865
2016-06-30	105.5	109.75	104.6500015258789	108.9000015258789	101.93788146972656	2145493	106.14678251350851	106.58903694096206	106.35380716689845	103.0679617223157	100.38870497611047	97.9736279915044	88.98680026250926	80.46072967250541	75.41412437293813	55.77152167090521
2016-07-01	109.3499984741211	110.75	105.69999694824219	107.19999694824219	100.3465576171875	772423	106.49785399175308	106.67631694200207	106.43439666988357	103.23000231941086	100.5679495016929	98.15632836688535	89.16802610017825	80.6383992225103	75.58781766569936	52.54079054089193
2016-07-04	106.75	108.4000015258789	106.0	107.5999984741211	100.72099304199219	545907	106.86523548587574	106.80827144659051	106.54540636552524	103.4013747176348	100.75300342201996	98.34333173534546	89.35142881036674	80.81754606139144	75.76274761547216	53.227347482958166
2016-07-05	107.0	108.1500015258789	104.55000305175781	105.55000305175781	98.80205535888672	1277881	106.4268246745031	106.62851881875727	106.45060604992834	103.48563465230629	100.87924025438149	98.48603809804669	89.51260865356467	80.9818813237859	75.92551950310214	49.29178732176896
2016-07-07	105.19999694824219	109.69999694824219	105.19999694824219	109.25	102.26551055908203	1072415	107.36788311633539	107.00301613036338	106.71721499755421	103.7116881953531	101.09952340558198	98.69918585848141	89.70900060726055	81.16970935485709	76.10762048942398	55.663629714078475
2016-07-08	109.44999694824219	111.5	108.19999694824219	109.3499984741211	102.3591079711914	926173	108.0285882355973	107.33829932232877	106.96795628103676	103.93279840236362	101.31664117054353	98.91009303898913	89.90443342185618	81.35695380083227	76.28927282813817	55.825191293434784
2016-07-11	110.0	110.8499984741211	108.44999694824219	109.25	102.26551055908203	498731	108.4357254903982	107.61139941913895	107.18529377808088	104.14131611207485	101.52541377131871	99.11484367188044	90.09692662163872	81.54228965597625	76.46938609137239	55.60697263095208
2016-07-12	109.0	111.5	109.0	110.75	103.66960906982422	444671	109.20715032693214	108.05977093069053	107.52478960873984	104.40048018611112	101.76816604049453	99.34524280709073	90.30242983933385	81.73636082105281	76.65671185043593	58.24370582993368
2016-07-13	111.5999984741211	112.0	107.5	109.3499984741211	102.3591079711914	365309	109.25476637599512	108.24408915118062	107.69861902449043	104.59457894250367	101.9676879466426	99.54335678069529	90.49195788545114	81.91984014100676	76.83536368990961	54.96245463934396
2016-07-14	109.25	111.55000305175781	105.0	106.30000305175781	99.50410461425781	1680705	108.26984526791601	107.96636256554879	107.5654175032778	104.66145831933717	102.08169623888247	99.67715175635989	90.64925186720544	82.08183457895196	76.99637264817108	48.54594566579194
2016-07-15	106.19999694824219	113.69999694824219	105.69999694824219	112.0	104.8396987915039	1608795	109.51323017861067	108.5425964847561	107.98775869344182	104.94924426759846	102.34270423259609	99.92116855326366	90.86169712225812	82.28062637576956	77.18764930036686	58.335428048157965
2016-07-18	112.5999984741211	112.69999694824219	103.94999694824219	105.4000015258789	98.6616439819336	1080555	108.14215396103342	108.09365434777365	107.7413056298644	104.96692102282515	102.42315942452458	100.02966029529564	91.00635686756777	82.43424348640151	77.34181515952267	47.149518864039905
2016-07-19	106.3499984741211	108.3499984741211	105.55000305175781	107.5	100.62738800048828	859953	107.92810264068895	108.00884658380599	107.71832414130589	105.0662574533026	102.55676049230026	100.17758781420068	91.17047271963177	82.60079336356829	77.50661398378757	50.40796578244859
2016-07-20	107.05000305175781	109.80000305175781	107.05000305175781	108.1500015258789	101.23582458496094	859461	108.00206893575226	108.02901157553069	107.75943627316998	105.18718859340363	102.70395104581549	100.33545739264976	91.33942325501732	82.77055554404876	77.67406418893562	51.40662845690166
2016-07-21	108.1500015258789	109.3499984741211	106.0	106.8499984741211	100.0189437866211	368078	107.61804544854188	107.86058113247218	107.67282314945103	105.25239682402001	102.8130575570867	100.46445820614424	91.49375733679945	82.93055184258745	77.83349552382734	49.26964572081043
2016-07-22	107.0	108.25	106.0	106.8499984741211	100.0189437866211	472392	107.36202979040162	107.71621218127916	107.5944588946577	105.31504786912201	102.91929284437707	100.59090454808438	91.64655575607628	83.08948504279698	77.99205564923878	49.26964572081043
2016-07-25	107.5	109.80000305175781	107.0999984741211	108.05000305175781	101.14222717285156	943093	107.59135421085368	107.76389659134755	107.63784405247677	105.4223010135391	103.05431153404498	100.7386094689492	91.80977413712785	83.25533566079672	78.15630672794107	51.431109549975396
2016-07-26	108.8499984741211	109.69999694824219	98.05000305175781	100.0999984741211	93.70046997070312	5354109	105.09423563194282	106.66905400317233	106.91995399739527	105.21358326689526	102.97656645352068	100.72596370667539	91.89226393152579	83.3672603306527	78.27621761179998	39.44155040094756
2016-07-27	101.80000305175781	104.4000015258789	101.05000305175781	102.94999694824219	96.36827087402344	2081663	104.37948940404262	106.13776013818232	106.54186284985688	105.12481517596768	102.97586725601334	100.77000396888464	92.00229112572197	83.49737818193236	78.41104700708108	44.44175496183335
2016-07-28	103.0	106.6500015258789	103.0	105.25	98.52122497558594	954672	104.66965960269508	106.01093726129913	106.41882829272765	105.12972438475326	103.03571285453931	100.85871676157998	92.134109124471	83.64191387507567	78.55770795239758	48.161665790896805
2016-07-29	104.5	105.19999694824219	102.0	102.3499984741211	95.80662536621094	864467	103.89643922650374	105.48794600598798	106.0313206909556	105.02071552551278	103.01766773926515	100.8882470925214	92.23575976476602	83.76622008503611	78.68772046890973	44.14792938827059
2016-08-01	102.94999694824219	106.5	102.5999984741211	106.30000305175781	99.50410461425781	656149	104.6976271682551	105.60395415538368	106.05690948722247	105.0708836637969	103.10404498433074	100.99541057686271	92.37570248403956	83.91594621770535	78.83860725897993	50.2318420417619
2016-08-02	105.69999694824219	106.5	104.0999984741211	104.9000015258789	98.193603515625	681376	104.76508528746304	105.50338949402585	105.94672777661832	105.0641824034864	103.15130699858202	101.0727292095165	92.50032237500314	84.05537515663009	78.98101924950943	48.226692517794746
2016-08-03	104.9000015258789	105.0	101.69999694824219	102.25	95.71302032470703	408354	103.92672352497536	105.03861956630787	105.59465846455943	104.95382230923202	103.12758839335618	101.09604150239736	92.5973340926648	84.17626967386178	79.10817214978533	44.59772823169884
2016-08-04	102.0999984741211	104.30000305175781	101.75	103.25	96.64908599853516	2262686	103.70114901665023	104.78310248540674	105.37135765841091	104.88700574808567	103.13080975142576	101.13869414591424	92.70333076835968	84.30300542353712	79.24009470634388	46.241644709403026
2016-08-05	103.69999694824219	104.44999694824219	102.55000305175781	103.0999984741211	96.50868225097656	464877	103.50076550247385	104.54265905522308	105.1550377360976	104.81692703145961	103.1299989283388	101.17753185538369	92.80678019826775	84.42790238732837	79.37047669414595	46.02105305009572
2016-08-08	103.30000305175781	103.8499984741211	101.3499984741211	101.9000015258789	95.38540649414062	545925	102.96717751027553	104.16513655103105	104.84503428750534	104.70253779594664	103.09763057564248	101.1918381854925	92.89726001247283	84.5439960693121	79.4935888516964	44.204325785233216
2016-08-09	102.69999694824219	102.94999694824219	101.19999694824219	102.4000015258789	95.85343933105469	1272107	102.77811884881	103.91297440458075	104.6121740244933	104.61224225594398	103.07927191643817	101.2157622120348	92.99181465439726	84.66264062384079	79.61876050565368	45.17546762275294
2016-08-10	102.1500015258789	103.1500015258789	101.5	102.69999694824219	96.1342544555664	484676	102.7520782152874	103.7396919108181	104.4300619219932	104.53725224387725	103.06929099622249	101.24515299889039	93.08841348319174	84.78249016752451	79.7448874807498	45.785186178245226
2016-08-11	103.0	105.4000015258789	102.4000015258789	104.9000015258789	98.193603515625	693873	103.46805265215123	103.90545042725536	104.47481807474422	104.55147770591653	103.11746758910819	101.31752623704858	93.20594172242247	84.91616133934082	79.88234712034067	50.16246924965546
2016-08-12	105.0	108.0	104.80000305175781	106.9000015258789	100.06573486328125	586703	104.61203561006046	104.33324344134444	104.70578792723323	104.64357667924838	103.21700795586531	101.42807030217394	93.3422010239494	85.06223336715834	80.02998457610863	53.813323293613394
2016-08-16	105.8499984741211	108.0999984741211	103.94999694824219	105.0	98.28721618652344	336483	104.74135707337363	104.42849437829523	104.7338081246396	104.6575540643759	103.26392879913202	101.49880158331901	93.4581990237111	85.19471022186161	80.16643274782389	50.06143510821619
2016-08-17	105.6500015258789	106.4000015258789	103.0	103.75	97.11711883544922	521962	104.41090471558242	104.33156660996734	104.64011211276916	104.62196370891019	103.27672014652327	101.54337976978793	93.56060500357468	85.3180011838426	80.29530470002157	47.704952244706426
2016-08-18	103.75	104.55000305175781	101.30000305175781	102.0	95.47900390625	1481126	103.60726981038827	103.99848566568629	104.388672863934	104.51914160267842	103.24312224793056	101.55242175454461	93.6445790831411	85.42884502979713	80.41390959237118	44.543694239713396
2016-08-19	102.05000305175781	103.5	102.05000305175781	103.19999694824219	96.60227966308594	939836	103.47151218967291	103.88441584890856	104.27546563386812	104.46741043975935	103.24198737162297	101.58504700590495	93.73965786786847	85.54692577344129	80.53842373092786	47.130867064649365
2016-08-22	82.5999984741211	82.5999984741211	82.5999984741211	82.5999984741211	77.31927490234375	553187	96.51434095115563	100.8437847953675	102.21113542817793	103.60986487247942	102.69877713747819	101.20910545082012	93.62881548584113	85.52734486115345	80.54968916668301	25.30551075112276
2016-08-23	66.0999984741211	66.0999984741211	66.0999984741211	66.0999984741211	61.874141693115234	523925	86.37622679214412	95.88038674947515	98.77197952779156	102.13888971960262	101.73565138317932	100.51387560969737	93.35489690861009	85.39825950310008	80.4707291082537	18.082528939457905
2016-08-24	59.5	59.5	59.5	59.5	55.69608688354492	625739	77.41748452809608	90.68318864240727	95.03179100133522	100.46677639726526	100.62418687309565	99.7017196570301	93.01803226275327	85.22617804460772	80.35613496012117	16.102630896131963
2016-08-25	53.54999923706055	62.20000076293945	53.54999923706055	54.04999923706055	50.59450912475586	103924396	69.62832276441758	85.44987587021488	91.12876321426144	98.64651062627685	99.39855035635789	98.79772519326832	92.63029064060707	85.01902735485658	80.21238558458532	14.673851470571545
2016-08-26	54.900001525878906	57.70000076293945	49.099998474121094	49.400001525878906	46.241790771484375	62617764	62.88554901823802	80.29989382102403	87.15459543441548	96.71527497528085	98.08279907134528	97.81955244737942	92.20013851011227	84.78235608688995	80.04401190120441	13.567698021458602
2016-08-29	50.5	51.400001525878906	47.45000076293945	48.45000076293945	45.35253143310547	22372481	58.07369959980516	75.74990909844051	83.46844356094158	94.82251912381648	96.77667280007144	96.84193756253903	91.76481375640905	84.54094508805971	79.8713670315964	13.346342969457078
2016-08-30	48.599998474121094	49.0	46.04999923706055	46.650001525878906	43.6676025390625	27290269	54.265800241829744	71.59277944521743	79.96192527188799	92.93340078664245	95.45754987180321	95.84803783904081	91.31591015212517	84.28917802120137	79.68982951517172	12.916355011489028
2016-08-31	46.79999923706055	48.95000076293945	46.79999923706055	48.70000076293945	45.5865478515625	33398508	52.410533748866314	68.32238249060629	76.9845991281786	91.19875764845801	94.2270880531489	94.91441334248435	90.89187125273028	84.05270508260827	79.52048618865679	16.226644574428818
2016-09-01	49.95000076293945	51.099998474121094	49.25	51.099998474121094	47.833106994628906	26594505	51.973688657284576	65.86204191682269	74.51939906588741	89.6262572886801	93.09216464317448	94.0468011668732	90.4959322201073	83.8337502214223	79.36518297710195	20.05794750700661
2016-09-02	53.650001525878906	53.650001525878906	53.650001525878906	53.650001525878906	50.220088958740234	947056	52.532459613482686	64.11746471811644	72.5318373954104	88.21542372935455	92.05421298219302	93.24686454031885	90.12930604404534	83.63319375168447	79.22466285988216	24.03332396241203
2016-09-06	56.29999923706055	56.29999923706055	56.29999923706055	56.29999923706055	52.70066833496094	1021171	53.788306154675304	63.000683935108455	70.98594804699613	86.96383845514694	91.11331262047901	92.51524344520483	89.79269602606539	83.4515778412883	79.0993914739651	28.038247073254375
2016-09-07	59.099998474121094	59.099998474121094	55.29999923706055	58.849998474121094	55.08763885498047	31782443	55.4755369278239	62.40772886925312	69.83014332576994	85.86133492647926	90.26427803768011	91.84860493092594	89.48480848823509	83.28811219765264	78.98873905320093	31.766032595528316
2016-09-08	59.79999923706055	61.5	57.099998474121094	59.25	55.46207046508789	21044389	56.73369128521593	61.9566247450741	68.82251062807757	84.81775316465654	89.44811282616222	91.20308800160068	89.1839646226805	83.12839052192072	78.88087709116158	32.35796501856389
2016-09-09	59.5	59.599998474121094	56.5	56.79999923706055	53.168697357177734	10756529	56.7557939358308	61.219963958215025	67.6775095432188	83.71901771651552	88.58895194223848	90.52183871913454	88.86173611138081	82.95345104494491	78.76021655643972	30.606603138797666
2016-09-12	54.0	58.900001525878906	54.0	56.5	52.88787841796875	17214927	56.670529290553866	60.545683392755734	66.61298482481702	82.65160525704432	87.74450583849536	89.848138942518	88.53972878688946	82.77768060610806	78.6385760288089	30.389703034096367
2016-09-14	57.099998474121094	58.400001525878906	56.25	57.849998474121094	54.151573181152344	5812984	57.06368568507627	60.1605855472365	65.77841469617931	81.67899322634145	86.95780827627499	89.21451239858935	88.23435833601614	82.61204816669287	78.52497724435705	32.70097582770924
2016-09-15	58.0	58.650001525878906	55.650001525878906	56.599998474121094	52.98148727416992	5993667	56.90912328142455	59.651930251077154	64.90427981788805	80.6955032360583	86.15891854463936	88.56868043968899	87.91958858614655	82.43921062720734	78.40516861719729	31.652993572752365
2016-09-16	56.599998474121094	59.400001525878906	56.5	58.900001525878906	55.13444519042969	10710629	57.572749362909335	59.54451186176312	64.33244379007766	79.84077767879636	85.44157862309304	87.98118184733632	87.63083647609413	82.28280392221512	78.29858300467643	35.73409092059819
2016-09-19	59.04999923706055	59.20000076293945	57.0	57.04999923706055	53.40271759033203	11562815	57.398499320959736	59.18815291537704	63.638877642171266	78.94702166147339	84.69443179714482	87.3686831817863	87.3265495383923	82.11514409042007	78.18247052507198	33.97670457492687
2016-09-20	56.95000076293945	56.95000076293945	55.54999923706055	55.75	52.18583297729492	3820958	56.84899954730649	58.69698821318032	62.88755596196448	78.03733453749403	83.93273622353574	86.7425706435331	87.01235501562223	81.93996040875615	78.05988871892404	32.75756985283771
2016-09-21	56.45000076293945	56.599998474121094	54.599998474121094	55.29999923706055	51.76459884643555	3842371	56.332666110557845	58.21170407373464	62.16493151197363	77.14567432963389	83.1792431449443	86.11994546716731	86.69680918697983	81.76295069997411	77.93551773814883	32.325189096726106
2016-09-22	56.25	56.29999923706055	54.650001525878906	55.0	51.48377990722656	2317430	55.88844407370523	57.75288920605826	61.482557082261856	76.2772165127855	82.43768411481418	85.503708923263	86.38141805079098	81.58512378502412	77.81018704012617	32.021736302275336
2016-09-23	55.5	56.900001525878906	54.599998474121094	55.5	51.951812744140625	3068457	55.758962715803484	57.43104789090708	60.91278974109406	75.46242370836254	81.72879769074012	84.9095760732974	86.07414025924082	81.41180070339605	77.68827344974297	33.148150284509995
2016-09-26	56.0	56.75	55.54999923706055	56.0	52.41984939575195	4332712	55.83930847720232	57.226612477920355	60.444905003847005	74.69919140607381	81.05172406729959	84.33710922036082	85.77489508253196	81.24295152928711	77.5697582942799	34.320195854128734
2016-09-27	56.20000076293945	56.599998474121094	55.5	55.70000076293945	52.1390266418457	1702388	55.79287257244803	57.00852509006594	59.99300936185581	73.95412510634304	80.38457345402695	83.77003776575842	85.47564240273502	81.07323092618846	77.45025142252393	33.935760355914134
2016-09-28	55.5	56.20000076293945	55.04999923706055	55.20000076293945	51.670989990234375	1336846	55.595248635945175	56.75016447190501	59.53653235243521	73.21866924973898	79.7218215411036	83.2042944587719	85.17439223716491	80.90131577560209	77.32866535334588	33.26692243460503
2016-09-29	55.70000076293945	55.75	52.45000076293945	52.45000076293945	49.0968017578125	2943910	54.5468326782766	56.13585537062421	58.86162458200704	72.40421166202135	79.00414204694138	82.59529854400294	84.84877640160047	80.71227049312593	77.19271636651307	29.789382127678355
2016-09-30	52.04999923706055	53.45000076293945	51.70000076293945	52.5	49.14360809326172	2044095	53.864555118851065	55.61644746053504	58.25575557419685	71.62365434194209	78.30666462465345	81.9993520381811	84.52689802944525	80.52481354632775	77.05778349019333	29.932795518540445
2016-10-03	53.099998474121094	55.099998474121094	52.79999923706055	54.849998474121094	51.34336471557617	3439203	54.193036237274406	55.50695474819019	57.931397755142015	70.96586391575303	77.68938393648155	81.46174107651655	84.23160549655645	80.35421676843933	76.93642947371207	36.49820471512912
2016-10-04	56.650001525878906	57.54999923706055	55.150001525878906	55.900001525878906	52.32624435424805	5585083	54.76202466680924	55.56310428786001	57.73793144759315	70.3750457828168	77.11597913620253	80.95556801610788	83.94969898938554	80.19173028842232	76.82147631552719	39.2378105802773
2016-10-05	56.349998474121094	56.900001525878906	55.04999923706055	56.04999923706055	52.466651916503906	3111039	55.19134952355967	55.63266070917437	57.57717599897099	69.81327925161067	76.56161124411985	80.46238843632476	83.67209003662609	80.03132011532357	76.7079709763006	39.63843858438788
2016-10-06	56.25	58.5	55.5	57.45000076293945	53.77714538574219	8016310	55.9442332700196	55.89228071685509	57.56506407172989	69.32844480107454	76.05867412619405	80.00669759130723	83.41117372544512	79.88127812627118	76.60273616639152	43.39014213149746
2016-10-07	57.900001525878906	58.20000076293945	55.54999923706055	56.599998474121094	52.98148727416992	6228520	56.162821671386766	55.99338325360738	57.473153062433816	68.8292900431548	75.54660371429739	79.5431985988877	83.14439586224788	79.72658523821703	76.49343158883813	41.695666834657054
2016-10-10	56.900001525878906	57.900001525878906	56.150001525878906	56.45000076293945	52.84108352661133	3323620	56.25854803523766	56.0586143263691	57.3757099862915	68.34382771844047	75.04406153136692	79.0859075526313	82.87877999061297	79.57192354735139	76.38390464443432	41.38850087468175
2016-10-13	55.79999923706055	56.29999923706055	54.0	55.0	51.48377990722656	3447209	55.839032023491775	55.907383708316374	57.149451892358975	67.820540356933	74.5165862279099	78.60895888822276	82.60137919468647	79.40865495235238	76.2670527064866	38.44042520450502
2016-10-14	54.79999923706055	55.70000076293945	54.650001525878906	54.95000076293945	51.43697738647461	1539121	55.542688269974335	55.770614716119674	56.939980356223785	67.31581331403129	74.00167608409488	78.14046466792011	82.32624110083825	79.24613897767189	76.15056608384427	38.33901545345677
2016-10-17	55.04999923706055	55.599998474121094	54.25	55.0	51.48377990722656	2514505	55.36179217998289	55.66052689953115	56.75522032229771	66.8328402428928	73.5016319766187	77.68223764479298	82.05433820431249	79.08503506419899	76.03498921999812	38.51370003605178
2016-10-18	55.099998474121094	57.099998474121094	55.099998474121094	56.599998474121094	52.98148727416992	4453773	55.774527611362295	55.79473712447257	56.74043728913803	66.43155233039195	73.0568521476056	77.26476756220542	81.80106119207177	78.93563282772007	75.92878708477475	43.98269136949396
2016-10-19	57.0	57.400001525878906	56.29999923706055	56.5	52.88787841796875	2569488	56.0163517409082	55.89548896383363	56.71753849969631	66.04207968998442	72.62114551214229	76.85358404612215	81.54930933941434	78.78655885544286	75.82261884933882	43.72094725412297
2016-10-20	56.5	59.0	56.25	57.54999923706055	53.87074661254883	7025311	56.52756757295898	56.13184757429462	56.79682047468338	65.70905692712466	72.22453639964014	76.47133484198231	81.31051023391828	78.64545214701508	75.72276846894385	47.26939315658618
2016-10-21	57.5	58.900001525878906	57.20000076293945	58.29999923706055	54.57280349731445	3431392	57.118378127659504	56.44158352611832	56.93998035681454	65.41850564516136	71.85810121115121	76.11150641416208	81.08154992549183	78.51026641339412	75.62756207969859	49.708565013578514
2016-10-24	59.5	59.70000076293945	57.54999923706055	57.849998474121094	54.151573181152344	3691650	57.362251576480034	56.642785661547286	57.026648748938975	65.12170144237547	71.48946692859778	75.7498923955474	80.85039020955779	78.37298888555841	75.53041692338397	48.26592835069229
2016-10-25	57.95000076293945	57.95000076293945	56.45000076293945	57.150001525878906	53.4963264465332	2649741	57.29150155961299	56.71524507073752	57.038396632457065	64.8090857593756	71.11211257589466	75.3815777248609	80.6145654465361	78.23197235825157	75.4299774949823	46.02815112697755
2016-10-26	56.75	56.95000076293945	56.099998474121094	56.5	52.88787841796875	1593741	57.02766770640866	56.68449577491787	56.98712076269925	64.48323925900793	70.72758329758165	75.00768509664583	80.37461952169495	78.08757387082133	75.32653499500971	43.98866892849956
2016-10-27	56.5	57.29999923706055	56.0	56.599998474121094	52.98148727416992	1457446	56.885111295646134	56.672424731946904	56.950251973310856	64.1740925615614	70.35580474959585	74.64317645065525	80.13805612818676	77.94479928346784	75.22420419434911	44.39685616102359
2016-10-28	56.650001525878906	58.20000076293945	56.25	56.79999923706055	53.168697357177734	2421403	56.85674060945094	56.690649661248855	56.93594218890606	63.88491243118881	69.99907302558177	74.28984620880189	79.90583665663327	77.80430227319272	75.12352547873552	45.256150242813355
2016-11-01	58.900001525878906	64.9000015258789	57.599998474121094	63.20000076293945	59.15953826904297	14823755	58.971160660613776	57.62055696149037	57.53251919595686	63.85805315008099	69.82015007130171	74.07024530888383	79.73960943381044	77.70726372495183	75.0583696059716	64.27967486748442
2016-11-02	62.29999923706055	67.4000015258789	61.5	65.55000305175781	61.35930252075195	12188344	61.16410812432846	58.75333497438572	58.29608908698552	63.92440412661734	69.70777778131371	73.90152764042588	79.59841932055619	77.62648458426615	75.00641131879011	68.59512069832789
2016-11-03	66.19999694824219	67.1500015258789	63.45000076293945	64.1500015258789	60.04880142211914	5086630	62.159405924845274	59.52428733888475	58.85360455735632	63.933251083451125	69.56152051143384	73.70842811340515	79.44470372060916	77.53693984633667	74.947086675113	63.66080112826804
2016-11-04	64.1500015258789	65.3499984741211	62.150001525878906	63.599998474121094	59.533966064453125	6317198	62.639603441270545	60.106531786775655	59.30564207323868	63.920182353673475	69.40463835255719	73.50826118985496	79.28704496193764	77.44433558472726	74.88508072865949	61.78058682912454
2016-11-07	64.5	65.75	62.29999923706055	63.400001525878906	59.34675979614258	4014018	62.89306946947333	60.57702746379041	59.695581068728224	63.89978310552467	69.24662159396038	73.30809763215247	79.128964927748	77.35101775044919	74.82232073301589	61.074210614745475
2016-11-08	63.95000076293945	66.8499984741211	63.650001525878906	66.44999694824219	62.20175552368164	5717435	64.07871196239628	61.41602310442638	60.33885877153908	63.99979149151359	69.17302620854674	73.17229365821365	79.00280604237979	77.27858571854084	74.7765703298204	67.2280579502937
2016-11-09	58.0	65.4000015258789	54.900001525878906	64.0	59.90839385986328	5615333	64.05247464159753	61.7851626609369	60.68753888853536	63.99979966831698	69.03689393990078	72.99066408082328	78.8535243902168	77.19035591310202	74.71768196736237	59.14004268153251
2016-11-10	65.0	68.0999984741211	65.0	66.80000305175781	62.52939224243164	3327278	64.9683174449843	62.501568431054174	61.26967833265178	64.10961156570681	68.9780283902128	72.86807673371307	78.73358885451074	77.12131702365788	74.67441596235906	64.4098935822204
2016-11-11	66.0999984741211	66.3499984741211	62.79999923706055	64.9000015258789	60.750858306884766	2921544	64.94554547194916	62.84420173031485	61.61542339867341	64.14060725041945	68.87071189378295	72.7102930662312	78.59594121939998	77.04011226951981	74.62100386161327	58.86214662473995
2016-11-15	64.0999984741211	64.75	59.0	62.0	58.036258697509766	5787459	63.96369698129944	62.72360148312701	61.65204974165689	64.05666186805006	68.68990368605182	72.49820805501871	78.43080747592336	76.94017796872566	74.5520366273968	51.56212966614119
2016-11-16	62.5	63.900001525878906	59.45000076293945	60.95000076293945	57.053382873535156	5687176	62.95913157517945	62.47022995167165	61.58518793415999	63.934832020790815	68.48622203018044	72.26953068289832	78.25686910066979	76.8339309441025	74.4777085625637	49.18373083697738
2016-11-17	60.0	61.0	57.099998474121094	58.599998474121094	54.8536262512207	3577038	61.50608720816	61.917339740593	61.30088417606105	63.725622862097886	68.22605825238941	71.99884687678392	78.06127834816682	76.71277524662754	74.39094511945746	44.26270370697934
2016-11-18	59.54999923706055	61.79999923706055	58.20000076293945	61.349998474121094	57.42781066894531	1866080	61.45405763014703	61.836290988239874	61.30556172825724	63.632461121392915	68.04510931085603	71.78797859158267	77.89499695638527	76.61069699564743	74.31968311593103	50.503727983886904
2016-11-21	62.0	62.75	59.29999923706055	60.95000076293945	57.053382873535156	2812655	61.28603867441117	61.70967809891124	61.27169877917935	63.52726659753199	67.85839592801612	71.5733651692333	77.7263900290873	76.5066392133703	74.24662474241741	49.633182251806055
2016-11-22	60.54999923706055	64.0	60.150001525878906	63.650001525878906	59.58077621459961	1958181	62.07402629156708	61.98686715990662	61.498203802674546	63.53207973197697	67.74764870690724	71.41646687926588	77.58632646189119	76.42121304933382	74.1887196975183	55.241524439768284
2016-11-23	64.0	65.75	62.54999923706055	63.0	58.972328186035156	2298089	62.38268419437805	62.131600422777105	61.641232011943636	63.51121386013474	67.62271058304127	71.24980416878537	77.44118888515595	76.3320355539894	74.12757915272311	53.691527211884704
2016-11-24	62.75	63.849998474121094	61.650001525878906	62.29999923706055	58.317081451416016	998752	62.35512254193888	62.15565739624617	61.70397174766906	63.46371524746516	67.48263923183124	71.07258030875121	77.29053028169231	76.23879943228224	74.06294756848452	51.99940222593658
2016-11-25	62.5	63.45000076293945	61.349998474121094	61.5	57.56822967529297	1847939	62.07008169462592	62.06199205392529	61.68454586693867	63.3867068063881	67.32520135730937	70.88302426303336	77.13341057739687	76.14086721014083	73.99429758177149	50.05774008442432
2016-11-28	63.099998474121094	65.3499984741211	62.099998474121094	64.80000305175781	60.65725326538086	2562140	62.98005548033655	62.45313648218708	61.98125607501668	63.44213018855946	67.25874877032116	70.76256839746355	77.01069010450495	76.06551263101535	73.94405553515939	57.16333458860322
2016-11-29	65.0	65.5	64.0999984741211	64.9000015258789	60.750858306884766	1665693	63.62003749551734	62.80268863128591	62.25923183224165	63.49930161355238	67.19667647441479	70.64647796436287	76.89018574053851	75.9913231884563	73.89463447499939	57.361304801730526
2016-11-30	65.44999694824219	70.5999984741211	64.9000015258789	69.6500015258789	65.19718933105469	9152798	65.63002550563786	63.78087618765634	62.963114660207104	63.740505531682835	67.26123765997963	70.62674575766022	76.8181441065618	75.94918816079799	73.87143975943043	65.51416295029196
2016-12-01	70.5999984741211	71.6500015258789	69.30000305175781	70.5999984741211	66.08644104003906	3634485	67.28668316179893	64.75503651429416	63.69043692819891	64.00950525491571	67.34909978666757	70.62621610848123	76.75627201071663	75.91364537218219	73.8535630310954	66.8782211992715
2016-12-02	70.75	72.94999694824219	69.1500015258789	69.9000015258789	65.43119812011719	3391334	68.15778928315892	65.49003151594913	64.28182403273986	64.24050510867897	67.41622877980471	70.61183562169703	76.68805041385257	75.87368760576157	73.8319588698647	64.84298979409485
2016-12-05	69.0	70.3499984741211	68.30000305175781	69.25	64.82275390625	1587591	68.52185952210594	66.02716987081354	64.7549836486694	64.43695588873078	67.46448591717827	70.58486857968322	76.61403996197343	75.82967639243425	73.80692084325342	62.92795951689247
2016-12-06	68.5999984741211	70.5	67.69999694824219	68.0	63.65266799926758	1691320	68.34790634807062	66.30900274641161	65.0640328249866	64.57668310878056	67.478578393042	70.53368306325385	76.52832812155579	75.77765196457754	73.7751890353668	59.300903649181
2016-12-07	68.9000015258789	69.8499984741211	68.0999984741211	68.9000015258789	64.49512481689453	2178793	68.53193807400672	66.67914542919264	65.42936317745253	64.7462250074903	67.51598426495876	70.50133293380088	76.45242437433512	75.73195329056625	73.74854866646248	61.0420090546863
2016-12-08	70.0	70.5	68.0	68.75	64.35472106933594	1814243	68.60462538267114	66.97498179645083	65.74561430340943	64.90323579151028	67.54845836324932	70.46665307372561	76.37578333578452	75.68556157434986	73.72123419287526	60.57686847428562
2016-12-09	68.9000015258789	70.55000305175781	68.0999984741211	68.44999694824219	64.07389831542969	1617077	68.55308257119482	67.18569824670674	66.00317455529826	65.0423244643233	67.57218306285439	70.42671928906258	76.29691978963982	75.63748473298037	73.69242961776797	59.59871503376054
2016-12-12	68.5999984741211	68.9000015258789	66.9000015258789	67.4000015258789	63.091033935546875	1092363	68.16872222275619	67.2163130008742	66.13620569535355	65.13478238830588	67.5676519697761	70.36678428385102	76.20839323975164	75.582750625292	73.65804476480683	56.17951454630585
2016-12-13	67.5	68.30000305175781	67.05000305175781	67.69999694824219	63.37185287475586	1019448	68.01248046458485	67.28541070764105	66.28513819562866	65.23537903771515	67.57113473236731	70.31397661383896	76.12373258013463	75.53037352444781	73.62548712646495	56.93962616646766
2016-12-14	67.9000015258789	70.0999984741211	67.80000305175781	69.5999984741211	65.15037536621094	3383648	68.54165313443026	67.61606610285249	66.60083917453271	65.40654058424087	67.62452588346609	70.29983843285444	76.05881980296037	75.49096903906359	73.60348992071444	61.495162244157974
2016-12-15	69.8499984741211	70.0	68.5	69.30000305175781	64.86956024169922	2556622	68.79443644020611	67.85662852412467	66.8579024009351	65.5592253868886	67.66861738789483	70.28003971243669	75.99156789498821	75.44983305243697	73.57997359902615	60.408474117624976
2016-12-16	70.0	70.80000305175781	67.05000305175781	68.44999694824219	64.07389831542969	2883161	68.67962327621814	67.94139544185575	67.00953045305958	65.67258897752991	67.68918000790397	70.24380124185858	75.91652738805541	75.40332251353867	73.55194093973225	57.317851538066236
2016-12-19	68.05000305175781	69.0	67.69999694824219	67.8499984741211	63.51226043701172	520181	68.40308167551912	67.92833873217937	67.08957502649402	65.75797758523937	67.69341207280442	70.19639920685387	75.83626341876254	75.35313431394121	73.52078278418246	55.17209536498932
2016-12-20	67.8499984741211	68.5	65.5	65.94999694824219	61.73372268676758	1188944	67.58538676642681	67.6457184773312	66.98104378094622	65.76550775633753	67.64753272742121	70.11231203341602	75.7378926081106	75.2906549958967	73.47941236977842	48.925871760348095
2016-12-21	66.44999694824219	68.0999984741211	66.3499984741211	66.8499984741211	62.57619857788086	779395	67.34025733565824	67.53204419115833	66.96856327553431	65.80803680409375	67.6265449839133	70.04771176491512	75.64945585055847	75.23457089940649	73.44318606433767	51.71448871057943
2016-12-22	67.4000015258789	67.5999984741211	65.5999984741211	65.8499984741211	61.64011764526367	1276015	66.84350438181252	67.2917519458673	66.86203329444733	65.80968235978109	67.57979375997141	69.96458872945385	75.55194881198695	75.17221493644779	73.40169323597583	48.54304948651103
2016-12-23	65.4000015258789	65.8499984741211	63.04999923706055	63.70000076293945	59.62757873535156	1428402	65.79566984218816	66.77864463402047	66.56088733906563	65.72694974814024	67.47769394426004	69.84053748259218	75.43401898065314	75.09598759974673	73.34867852300842	42.507310309191666
2016-12-26	63.5	64.0	60.400001525878906	61.650001525878906	57.708641052246094	986382	64.41378040341841	66.04598133285738	66.09318392828594	65.56706942569862	67.32433361746054	69.67834865176617	75.29686457811808	75.00664549958815	73.2847513263028	37.694666702561136
2016-12-27	62.25	68.6500015258789	61.400001525878906	65.94999694824219	61.73372268676758	1411917	64.92585258502633	66.03226927791235	66.07954707304367	65.58208619128857	67.28816686300742	69.60451990516174	75.20386092010936	74.9464684328018	73.24467070128607	50.38404648335917
2016-12-28	66.55000305175781	68.6500015258789	65.69999694824219	66.3499984741211	62.10816192626953	822045	65.40056788139125	66.07765916308503	66.10530434933676	65.61220039845847	67.26347822119462	69.54007393623024	75.11576278631844	74.88934903108299	73.20699489676605	51.37611835408033
2016-12-29	66.9000015258789	67.30000305175781	64.5999984741211	66.44999694824219	62.20175552368164	933903	65.75037757034157	66.13085027525034	66.13813221589919	65.64505516511666	67.24207081927482	69.47888429290374	75.02953626056645	74.83327360196112	73.17007141070854	51.636467535429354
2016-12-30	66.75	67.3499984741211	66.19999694824219	66.8499984741211	62.57619857788086	513260	66.11691787160142	66.23358573223187	66.20592900239652	65.69230784390115	67.2317531259813	69.42682714797735	74.94814782488042	74.78022858450039	73.13553549302227	52.7268383001272
2017-01-02	67.8499984741211	67.8499984741211	66.0	66.69999694824219	62.43578338623047	425487	66.31127756381501	66.30021590594764	66.25298309247705	65.73182506367922	67.21775954235659	69.37283051035882	74.86607667187904	74.72653933774785	73.1003686157284	52.25109759231048
2017-01-03	67.3499984741211	69.94999694824219	66.4000015258789	69.44999694824219	65.00997161865234	1394803	67.35751735862407	66.75018462627543	66.55746060254992	65.87763572581895	67.27650263198515	69.37435855863374	74.81218533134535	74.69147925542555	73.08042122956728	59.470927267022525
2017-01-04	69.44999694824219	71.5	69.3499984741211	71.1500015258789	66.60128784179688	2248368	68.62167874770901	67.37872989764735	66.99484545239078	66.08439516895855	67.37843681340341	69.40951980550989	74.77574569148996	74.66794784194019	73.06987248801707	63.17754950070368
2017-01-05	71.0	71.80000305175781	70.4000015258789	71.19999694824219	66.6480941772461	1045753	69.48111814788673	67.92462519058947	67.39533607104329	66.28500700344026	67.47900418537286	69.44497479843528	74.7401661020049	74.64490497885915	73.05965458889261	63.28389841384505
2017-01-06	71.6500015258789	71.6500015258789	69.19999694824219	70.1500015258789	65.66521453857422	793908	69.70407927388412	68.24253609563081	67.65768516198001	66.4365754160849	67.54929358907039	69.4589357237312	74.69449282264047	74.61503851073303	73.04375484537887	59.403517345792025
2017-01-09	69.55000305175781	70.1500015258789	68.0999984741211	68.5999984741211	64.21430969238281	636123	69.33605234062978	68.29360214970085	67.74742928694583	66.5214155360079	67.57694371762436	69.44192706532309	74.63385108782933	74.57507146730039	73.019472023678	54.127248304813826
2017-01-10	68.80000305175781	69.4000015258789	66.94999694824219	68.25	63.886688232421875	843242	68.97403489375318	68.28737327117216	67.79529316437956	66.5892031620468	67.5946557250553	69.41832454917807	74.57033018148277	74.53304441436151	72.99340933502403	52.98287279445641
2017-01-11	69.3499984741211	71.6500015258789	68.55000305175781	70.4000015258789	65.89923858642578	1318609	69.44935710446175	68.58917730755884	68.0433606273795	66.73864623513826	67.66848061455066	69.43776369723155	74.52883437396433	74.50558233536827	72.97923770765165	58.752031318451884
2017-01-12	71.4000015258789	72.1500015258789	70.19999694824219	71.55000305175781	66.97571563720703	1644335	70.1495724202271	69.01215241387298	68.37732657255839	66.92732689461354	67.77062594184558	69.47959021910336	74.49919426130556	74.48594393481272	72.97142768220961	61.4750041914513
2017-01-13	71.5	71.6500015258789	70.0	70.80000305175781	66.2736587524414	865398	70.36638263073733	69.26755964785653	68.60805766581548	67.07919654783488	67.85034639210643	69.50573700786879	74.46238638857375	74.46145263326419	72.95956197384649	58.75102535183279
2017-01-16	70.5	71.05000305175781	70.0	70.25	65.75882720947266	396011	70.32758842049155	69.40790826959132	68.764433126214	67.20354178125312	67.91349517126153	69.52047488890109	74.42047209615014	74.43346955928901	72.94475562426263	56.764604355774885
2017-01-17	70.25	71.19999694824219	69.75	69.9000015258789	65.43119812011719	407906	70.18505945562067	69.47820730620383	68.87258249761067	67.30928530065022	67.96577165427777	69.52799026785115	74.37549228948077	74.40334684810355	72.92811762372502	55.47910741690588
2017-01-18	69.9000015258789	77.0	69.9000015258789	76.4000015258789	71.5156478881836	4537388	72.25670681237342	70.46703505187169	69.58947954792193	67.66578397614938	68.18772507195149	69.66406969870319	74.39563665999219	74.41661365659375	72.94708966690618	69.35772757944252
2017-01-19	75.94999694824219	80.5	75.19999694824219	78.30000305175781	73.29417419433594	5683163	74.27113889216822	71.58603048042686	70.41905321495392	68.08281217519286	68.45383765036745	69.83507827995179	74.43448607682568	74.44241690838886	72.97634055971957	72.09598572960097
2017-01-20	77.9000015258789	78.75	75.0	75.9000015258789	71.04761505126953	1213359	74.81409310340511	72.20231205834858	70.94104829218487	68.3893686203178	68.64978933130196	69.95517576997014	74.44906832009984	74.45210185601339	72.99231684915213	64.28180046569516
2017-01-23	75.25	78.69999694824219	75.05000305175781	77.44999694824219	72.4985122680664	727867	75.69272771835081	72.95198132833339	71.56094816419034	68.74468737827561	68.88137374227406	70.10358807052998	74.47892830644952	74.47202142473252	73.01667575679744	66.78561639322128
2017-01-24	79.0	79.5999984741211	77.75	78.5	73.48139190673828	1490806	76.62848514556721	73.74455542428576	72.22181024379125	69.12724865755892	69.13449548589843	70.26985365329176	74.51893897006694	74.49878540197682	73.0466392772521	68.40154976780305
2017-01-25	79.5	79.69999694824219	77.5999984741211	77.94999694824219	72.96654510498047	891726	77.0689890797922	74.34533278485097	72.76735183469134	69.47323878660532	69.36648236648642	70.42193569873632	74.5530788504468	74.52171704015798	73.07343358146515	66.57444263114186
2017-01-27	78.5	78.9000015258789	76.05000305175781	76.55000305175781	71.65605926513672	997375	76.89599373711407	74.66028568012338	73.1276043315548	69.75075895386621	69.55552238451988	70.54328356711298	74.57294874299716	74.53519402362376	73.09243122884381	62.03229108225834
2017-01-30	76.69999694824219	78.0	75.5	75.69999694824219	70.86038970947266	637428	76.49732814082344	74.80881586128321	73.37259410457266	69.98406240462606	69.7172190835652	70.64539670337297	74.5841631529996	74.54293357794016	73.10668022184599	59.38319198471946
2017-01-31	76.80000305175781	77.80000305175781	74.5	76.19999694824219	71.32842254638672	1519086	76.39821774329636	75.00755601656306	73.64187056587451	70.2278245435914	69.8878185010567	70.75538878742978	74.60024110121097	74.5539439657827	73.12358359193558	60.453049704311944
2017-02-01	76.19999694824219	76.19999694824219	73.30000305175781	74.75	69.97113037109375	1430829	75.84881182886424	74.97076229991119	73.7474067024579	70.4051647575682	70.01577064576573	70.83448999955988	74.60173123950737	74.55524666368447	73.13247111329113	55.85802766711944
2017-02-02	74.94999694824219	78.19999694824219	74.5	77.30000305175781	72.35811614990234	1216531	76.33254223649543	75.30351097874642	74.08574921191503	70.67555057302661	70.2074609722392	70.96251996098954	74.62857971525116	74.57348424765839	73.155244511862	61.41285234243232
2017-02-03	77.80000305175781	78.9000015258789	75.94999694824219	78.25	73.24737548828125	1452357	76.97169482433029	75.72443798178264	74.48234452506598	70.97258780545694	70.41910673612765	71.1068264964155	74.66461374793523	74.59791292375368	73.18308470578624	63.26739384794527
2017-02-06	78.80000305175781	83.0	78.25	79.9000015258789	74.79188537597656	3337146	77.94779705817983	76.32094705951069	74.99831185847674	71.32268246115976	70.6686039674369	71.28094877422664	74.71670715866104	74.63314274835253	73.21978916928401	66.29714776664788
2017-02-07	80.19999694824219	82.5	78.75	81.5999984741211	76.38320922851562	2849873	79.16519753016026	77.07509726159789	75.62704391710953	71.72571446166805	70.95627224392858	71.48528639204633	74.7851976195114	74.67943414852374	73.26558266275306	69.12293885188944
2017-02-08	81.5999984741211	88.3499984741211	81.5999984741211	87.75	82.14002990722656	5529116	82.02679835344017	78.60008336708391	76.7816111630991	72.35411781611243	71.39821244803572	71.8073599288375	74.91420062827247	74.7662817621548	73.34473248426808	76.7255738622255
2017-02-09	88.4000015258789	94.94999694824219	88.4000015258789	94.44999694824219	88.41168212890625	9242634	86.16786455170751	80.8643567358208	78.46431457120796	73.22062288011752	72.00483835593589	72.25572897872671	75.10858666130699	74.89707056737798	73.46006179827887	81.94208233062625
2017-02-10	95.30000305175781	97.9000015258789	87.69999694824219	94.5999984741211	88.5521011352539	9492023	88.9785758591787	82.8265912698637	80.0010463714854	74.05902976615687	72.59944783273023	72.69818976081372	75.30253105745439	75.02798703187462	73.57558057792828	82.03914088016607
2017-02-13	95.44999694824219	96.5	89.0	92.0	86.11832427978516	5118260	89.98571723945247	84.13707823131175	81.14380385991537	74.76259722630758	73.10998867923733	73.08040382495602	75.46867502703195	75.14075788216117	73.67626046548058	74.5587100197077
2017-02-14	91.0	91.0	86.9000015258789	89.5	83.77814483642578	2500920	89.82381149296832	84.90320991255292	81.93963206373294	75.34053458998179	73.54130476662583	73.40554434327372	75.60829020089233	75.23616812879132	73.76272898752714	68.1263244774662
2017-02-15	89.0	90.5	85.5999984741211	89.80000305175781	84.05896759033203	1658506	89.81587534589815	85.6027517895822	82.68823882449722	75.90757256887497	73.9691652478135	73.73018708997637	75.74950127403527	75.33293779605356	73.8503643649273	68.47777235911676
2017-02-16	87.6500015258789	91.6500015258789	87.5	91.4000015258789	85.55667877197266	1125660	90.34391740589173	86.43093032333887	83.51793051034309	76.51511880248296	74.42787146565733	74.0800844055388	75.90522764470037	75.4396956945906	73.94626402154452	70.35517023772826
2017-02-17	92.0	92.0	89.0	89.5999984741211	83.87174987792969	1531868	90.09594442863485	86.88365434487919	84.09717507832195	77.02825133862564	74.82713796588007	74.38740943659984	76.04149402111253	75.53378408515226	74.03180355407227	65.62021958256466
2017-02-20	89.0	92.0	88.69999694824219	91.5999984741211	85.74388885498047	1508130	90.59729577713027	87.55741779191375	84.81172968744568	77.59969240276271	75.26852903188642	74.7282527838775	76.1963050106947	75.64053634022846	74.12780461920914	68.18250148585427
2017-02-21	92.80000305175781	92.80000305175781	89.0	90.5	84.71421813964844	1827626	90.56486385142018	87.97778667878322	85.35346971721276	78.10558681834064	75.66935721525783	75.04056460993932	76.33863033397137	75.73927031803426	74.21727016773805	65.29990959097832
2017-02-22	90.05000305175781	90.9000015258789	89.25	89.8499984741211	84.10577392578125	668216	90.32657539232049	88.24524550668863	85.78171055120403	78.56615198131242	76.04253198522792	75.33382072606173	76.4730718080027	75.8330293091046	74.30269491258167	63.5891068690358
2017-02-23	90.0	91.80000305175781	88.0	90.6500015258789	84.85462951660156	1871552	90.43438410350663	88.58878208085868	86.24535731069687	79.04002843404051	76.42693907840295	75.637111434969	76.614135785295	75.93148095174098	74.39202445691663	64.8110625553275
2017-02-27	90.5	91.0999984741211	88.1500015258789	89.55000305175781	83.824951171875	514810	90.13959041959036	88.7260993624157	86.5600854765122	79.45218430140197	76.77228286717545	75.91261423926184	76.74285088247375	76.02196947067797	74.47485494104144	61.742779487591584
2017-02-28	90.0	90.4000015258789	88.9000015258789	89.1500015258789	83.45052337646484	568297	89.80972745501988	88.78665681433901	86.80674414788045	79.83249085922459	77.09801230556238	76.17474072018496	76.86630511773151	76.10919891954974	74.55504699888209	60.618928361691324
2017-03-01	89.5999984741211	91.25	88.69999694824219	89.9000015258789	84.15257263183594	894285	89.83981881197289	88.9457060588447	87.1013400886422	80.22729519909339	77.4349067587286	76.44652806287196	76.99599363920562	76.2008321594589	74.63889920941213	62.015035142289875
2017-03-02	89.69999694824219	89.69999694824219	85.05000305175781	86.5	80.96994018554688	1364612	88.7265458746486	88.59631947900975	87.04406960400961	80.47328362265836	77.67346184402521	76.64560671509231	77.09056086667621	76.26926516836615	74.70371396783064	52.86537513060379
2017-03-03	86.5	87.5999984741211	83.69999694824219	86.55000305175781	81.01675415039062	1459373	88.00103160035167	88.3039885608309	86.99701564665229	80.71158634536813	77.90705503370239	76.84173337522431	77.18468466951285	76.33757571908636	74.76844778796139	52.975259634312046
2017-03-06	86.5999984741211	88.05000305175781	85.5999984741211	86.75	81.2039566040039	1199690	87.58402106690112	88.08199019499791	86.97349034697112	80.9483868808439	78.13976411176286	77.03793667472482	77.27986193648287	76.40676126248114	74.83392075086871	53.44277407795271
2017-03-07	87.5	88.0	84.55000305175781	86.75	81.2039566040039	1416742	87.30601404460074	87.89170588142679	86.95220555202148	81.1759011208108	78.36634926671647	77.23025476037384	77.37409216597061	76.47548710126864	74.89903593802244	53.44277407795271
2017-03-08	86.94999694824219	87.25	83.75	85.05000305175781	79.61264038085938	1030116	86.55401038031977	87.48574833433122	86.77104340913922	81.32782668673029	78.5422348926386	77.38510126119333	77.45046938871477	76.53246062917887	74.95450570367126	48.67246911381469
2017-03-09	85.25	85.9000015258789	84.1500015258789	85.55000305175781	80.08067321777344	470305	86.21934127079912	87.20921329396359	86.65475385129338	81.49340223045687	78.72664984419437	77.54678248476885	77.53106176347141	76.59237785457806	75.01240459628376	50.083725314033266
2017-03-10	83.0	86.55000305175781	83.0	85.5999984741211	80.12747955322266	552119	86.01289367190644	86.97932546255751	86.55430095822935	81.65444522040448	78.90752743971876	77.70625210832038	77.61134969094057	76.65222915437569	75.07026030053423	50.23107819891822
2017-03-14	87.0999984741211	88.0	83.30000305175781	84.6500015258789	79.23821258544922	696583	85.55859628989727	86.64656490017485	86.3729391075293	81.7719180166976	79.05864517882824	77.84375209678689	77.68138602760662	76.70537049903685	75.12260861324103	47.36958505747906
2017-03-15	86.05000305175781	86.55000305175781	83.0999984741211	85.19999694824219	79.75304412841797	1751483	85.43906317601224	86.43991233561304	86.26123033045434	81.90635248460131	79.22025969907598	77.98942031166719	77.75619807656817	76.76181319969602	75.1776763090607	49.17476762127665
2017-03-16	84.3499984741211	85.55000305175781	84.0	85.05000305175781	79.61264038085938	1050971	85.30937646792744	86.24135386649087	86.14587535153086	82.02963289899961	79.37367399783076	78.12923383127294	77.82877325045065	76.81688422861338	75.23162344973117	48.6843423517168
2017-03-17	85.6500015258789	85.6500015258789	79.55000305175781	82.55000305175781	77.2724838256836	3512633	84.38958532920422	85.71401803581472	85.80341132298105	82.0500395716568	79.45726160451305	78.216773815837	77.87575066140893	76.85497804139175	75.27161459509745	41.292498419542795
2017-03-20	83.0	83.9000015258789	80.80000305175781	82.5	77.22566986083984	1670537	83.75972355280281	85.2548726021269	85.48880072079238	82.06768507865064	79.53733366755218	78.30159017591944	77.92176309263868	76.89248649294396	75.31111396889473	41.157894466076996
2017-03-21	84.0	84.0999984741211	81.30000305175781	82.5	77.22566986083984	545447	83.33981570186855	84.86131937325162	85.20415303309787	82.08463860497807	79.61529857103764	78.38472700411906	77.96731768873184	76.92974571890447	75.35039749911935	41.157894466077
2017-03-22	81.5	82.0	80.75	81.25	76.05558776855469	628682	82.64321046791237	84.34541660564425	84.82756702994568	82.05190767929265	79.65831702969454	78.44146508324542	77.9999811943166	76.95845172741673	75.38263576415149	37.60400717158909
2017-03-23	81.0	81.9000015258789	80.0999984741211	80.5	75.35353088378906	694988	81.92880697860825	83.7960713762665	84.41541778899848	81.99104855461451	79.68046658154469	78.48222815090392	78.02485700332838	76.98198360962658	75.41059950314519	35.616807857136266
2017-03-24	81.0	87.44999694824219	80.0	86.5999984741211	81.06354522705078	3771296	83.48587081044586	84.19663239024572	84.62347309234349	82.1717916887128	79.86255952608617	78.64297607809634	78.11018179408254	77.04589068513818	75.47174375981719	55.98848442064654
2017-03-27	87.19999694824219	90.5	86.0	89.05000305175781	83.35691833496094	1843526	85.34058155754984	84.88997105617602	85.04504737419248	82.44152546765574	80.10433435570911	78.84905582014905	78.21903573694497	77.12565222910243	75.54594189802451	61.286771763708515
2017-03-28	89.5999984741211	89.80000305175781	87.5	88.30000305175781	82.65486907958984	794188	86.3270553889525	85.37711848411628	85.35504315300822	82.67126968664013	80.3200098477104	79.0362032900819	78.31934386943067	77.19990040732606	75.61563622126896	58.94732930291019
2017-03-29	88.0	88.9000015258789	86.05000305175781	88.0	82.3740463256836	755141	86.884703592635	85.75181584352823	85.60694380510267	82.88023950285032	80.52211485171802	79.21370421503077	78.41566880605325	77.2716618664136	75.68331034027841	57.99370876005807
2017-03-30	88.9000015258789	90.6500015258789	88.1500015258789	88.9000015258789	83.21650695800781	585709	87.55646957038297	86.20155665529262	85.9205683499385	83.11630860179261	80.74258555366961	79.40551208257232	78.51999052465848	77.34892658175887	75.75553269648388	60.080133854176744
2017-03-31	89.4000015258789	89.4000015258789	86.80000305175781	87.75	82.14002990722656	596125	87.62097971358865	86.42276284739367	86.09479993565864	83.2980219899576	80.9269911969941	79.57074946707583	78.61183141496039	77.41803670413921	75.82107623366157	56.23646200686614
2017-04-03	87.75	88.6500015258789	86.5	87.0999984741211	81.53157806396484	455175	87.4473193004328	86.51951079406902	86.19053312979793	83.44711910698362	81.08943875691848	79.7198435068193	78.69629078868338	77.48236867603278	75.88270968852747	54.128596857652255
2017-04-05	87.6500015258789	87.6500015258789	85.30000305175781	85.69999694824219	80.22108459472656	944422	86.86487851636926	86.40243738752233	86.1438153982212	83.5354672576212	81.21076923563753	79.83826238684748	78.76597940718646	77.53697085724347	75.93635606699586	49.7990292429498
2017-04-06	86.25	87.19999694824219	85.05000305175781	85.3499984741211	79.89346313476562	539723	86.35991850228653	86.25208897132215	86.06821378640214	83.60662534454278	81.31969632086079	79.94740567570437	78.83149203471815	77.58888466200678	75.98779673588724	48.749226243413254
2017-04-07	85.5	86.5	83.9000015258789	84.44999694824219	79.0510025024414	625429	85.72327798427175	85.9946472537393	85.91409789705358	83.63969874076628	81.4020726531603	80.03656589892294	78.88739755624576	77.63447344796182	76.0340382671023	46.06031998910366
2017-04-10	90.0	91.0	86.5	87.0	81.43797302246094	2581724	86.1488519895145	86.13826907463368	86.01751714495325	83.77147526073622	81.54938653070872	80.17445568310269	78.96811996862142	77.69670286026772	76.09396155526021	53.83071690267772
2017-04-11	87.8499984741211	88.69999694824219	87.0999984741211	88.0999984741211	82.4676513671875	1082174	86.79923415105003	86.41851613170331	86.21584870011209	83.94122126910426	81.72177105553536	80.331397124509	79.05898443136272	77.76582774806741	76.15956831437967	56.72666810154148
2017-04-12	87.9000015258789	88.0	85.9000015258789	87.75	82.14002990722656	984182	87.11615610070002	86.60872811288856	86.36195834772046	84.0905851409041	81.88040865933706	80.47830015174644	79.14546219821483	77.83216776303041	76.22290400665082	55.53309576619746
2017-04-13	87.8499984741211	89.25	86.9000015258789	88.25	82.60806274414062	2412132	87.49410406713335	86.84319552533304	86.54177183841375	84.25369944910393	82.04802948409136	80.6321951982465	79.23605461415299	77.90138923968802	76.28862584268005	56.92737993285978
2017-04-17	87.80000305175781	91.4000015258789	86.44999694824219	90.05000305175781	84.2929916381836	2463311	88.3460703953415	87.30131088625087	86.87588909682748	84.48100547273742	82.25860773587206	80.81868644287049	79.34365609114408	77.98211092614694	76.36382462524331	61.595906545230896
2017-04-18	91.0	95.4000015258789	90.44999694824219	93.69999694824219	87.70964050292969	3796792	90.13071257964172	88.21540889510678	87.52580413029554	84.8425345502082	82.55969692567128	81.0737618984224	79.48650525390129	78.08654870702465	76.4585578073362	68.9460932820683
2017-04-19	94.5	95.9000015258789	92.55000305175781	94.05000305175781	88.03726959228516	2146201	91.43714273701376	89.04892234605693	88.14715640853004	85.2036117463474	82.86207340267356	81.33071716878548	79.6314156797506	78.19261817110926	76.55468592342594	69.54796690519578
2017-04-20	95.0	96.0	94.05000305175781	95.30000305175781	89.20735168457031	2023723	92.72476284192844	89.94193387544277	88.82837989836125	85.59954866028507	83.18938734080736	81.60733669122058	79.78732202176063	78.30628850254215	76.65711935035671	71.66048554936832
2017-04-21	96.9000015258789	96.9000015258789	93.3499984741211	94.3499984741211	88.31807708740234	783124	93.26650805265932	90.57165738953968	89.3542483341479	85.9427035549453	83.4830876337893	81.85966662751564	79.93222427501794	78.4128912266058	76.75380174994012	67.81031147767726
2017-04-24	94.0	96.0	93.55000305175781	94.69999694824219	88.64570617675781	1002058	93.74433768452027	91.16142018364003	89.86336724977592	86.28612682527067	83.77826945785385	82.1139305942627	80.07916728669181	78.52111119817813	76.851868390368	68.48217641212568
2017-04-25	95.94999694824219	96.44999694824219	90.4000015258789	94.0999984741211	88.08406066894531	2385996	93.86289128105388	91.58121708228019	90.2668559378088	86.59255316444127	84.04989390565036	82.35127847307177	80.21867804477569	78.6246253993472	76.9461204673284	65.94125581889222
2017-04-26	94.0	95.5	91.6500015258789	94.44999694824219	88.41168212890625	4194079	94.05859317011665	91.99104277741762	90.66525031975483	86.9006882147864	84.32358082782383	82.59085705673851	80.36028320799426	78.72977736977175	77.04177006558476	66.71703170962216
2017-04-27	94.44999694824219	94.44999694824219	85.1500015258789	93.6500015258789	87.66282653808594	819102	93.92239595537073	92.22803688434065	90.94951233938569	87.16536716816258	84.56901295145686	82.80985001652347	80.49251921115729	78.82891507180568	77.13252542875577	63.17494989267494
2017-04-28	93.0999984741211	95.8499984741211	93.0999984741211	95.3499984741211	89.254150390625	788971	94.39826346162086	92.67403139716643	91.36860625697953	87.48633310172957	84.85272309679013	83.05816978796105	80.64035482571414	78.93868971235263	77.23207446179055	67.16439274423419
2017-05-02	95.9000015258789	98.5	95.0	98.0	91.73472595214844	2116580	95.59884230774723	93.43488405471409	92.00016756583862	87.89863376440684	85.19870406792722	83.35404761394202	80.81308761351798	79.06534293685527	77.34556039369333	72.21714928299725
2017-05-03	98.94999694824219	99.69999694824219	96.1500015258789	97.30000305175781	91.07948303222656	1300977	96.1658958890841	93.98704391143463	92.50491380259284	88.2673149129304	85.51715930434382	83.63020514736411	80.9771365233512	79.18650346918021	77.45460106395598	69.18848024665242
2017-05-04	97.80000305175781	98.4000015258789	95.75	96.94999694824219	90.75186157226562	904383	96.42726290880346	94.41032291669285	92.92825505455944	88.60781224764851	85.81802345286746	83.89396340084684	81.13607045792723	79.30453332618394	77.5611332819029	67.6605237603278
2017-05-05	96.94999694824219	98.25	94.6500015258789	95.30000305175781	89.20735168457031	1126871	96.05150962312158	94.53742007884499	93.15413581619738	88.87025110271162	86.06754923178563	84.11982557215201	81.27700511060216	79.41081551705155	77.65806699649227	60.839434014000574
2017-05-08	96.75	96.75	94.0	94.55000305175781	88.50530242919922	740413	95.55100743266699	94.53921764640397	93.28707555291743	89.09298647326246	86.29077170073226	84.32636374006499	81.40907474185744	79.51140812525557	77.75037265799645	57.978241649422856
2017-05-09	96.0	96.0	92.19999694824219	93.19999694824219	87.2416000366211	889227	94.76733727119206	94.34790040380943	93.27878235247216	89.25404570757539	86.472593417772	84.50207924913781	81.5263973508762	79.60236220381363	77.83479683444588	53.13432959457588
2017-05-10	92.25	93.94999694824219	90.5999984741211	90.9000015258789	85.0886459350586	938797	93.47822535608768	93.85534342124792	93.05223179755852	89.31859299456768	86.58910415745903	84.6287707793703	81.6196670441598	79.67742957472436	77.90619139560125	46.07205335311153
2017-05-11	91.94999694824219	92.05000305175781	89.75	90.05000305175781	84.2929916381836	897101	92.33548458797772	93.31172336846362	92.7663052503394	89.34727574190848	86.6801804441511	84.73612191347698	81.7035509845339	79.74635032872457	77.97255102213762	43.757344809461564
2017-05-12	90.05000305175781	91.0	87.69999694824219	89.4000015258789	83.6845474243164	1242037	91.35699023394479	92.75290596238008	92.44570489562888	89.34934341971123	86.75175468314394	84.82847596520772	81.78013258196022	79.81049419049968	78.03499610685752	42.01880993202065
2017-05-15	89.69999694824219	93.9000015258789	89.19999694824219	90.25	84.4802017211914	3056833	90.98799348929653	92.39534796775436	92.23659014366423	89.38466328560492	86.84381377042963	84.93583287678776	81.8644098697019	79.87985967760599	78.10174476201131	45.09110955595293
2017-05-16	90.9000015258789	91.0	90.0	90.6500015258789	84.85462951660156	792353	90.87532950149065	92.14601276177216	92.08548646577991	89.43428439306665	86.94397660609935	85.0489847312252	81.95182869215142	79.95142208191345	78.17031447110348	46.52705754783569
2017-05-17	90.9000015258789	91.55000305175781	88.30000305175781	88.8499984741211	83.1697006225586	1886102	90.20021915903413	91.675153577822	91.7773447522886	89.41137121977467	86.99413507631046	85.12425233009444	82.02046719744466	80.01054883535005	78.22867340008172	41.29374587418914
2017-05-18	88.69999694824219	89.4000015258789	86.30000305175781	86.9000015258789	81.34436798095703	582904	89.10014661464906	90.99298899897299	91.31283587358291	89.31288613373954	86.99165787761488	85.15941568050602	82.0690197778271	80.05632592963929	78.27605770678007	36.50356739790418
2017-05-19	88.0	88.0	84.69999694824219	85.05000305175781	79.61264038085938	503081	87.75009876035197	90.14399100651367	90.71637560483767	89.14571424817163	86.94056169798706	85.15724909379813	82.09868130294083	80.0895065085238	78.31307380156136	32.63561327530364
2017-05-22	85.8499984741211	86.0	81.3499984741211	83.69999694824219	78.34893798828125	2447619	86.40006482298205	89.2234204267606	90.04814906611429	88.93215670699793	86.85528367825694	85.1283926156683	82.11461479194881	80.11349647822293	78.3425105400678	30.12690816704719
2017-05-23	85.5	85.6500015258789	79.0	84.75	79.33181762695312	1212547	85.85004321532136	88.5843603657948	89.54356344077007	88.76815056162546	86.79988147619754	85.12089969258577	82.14083753033738	80.14430381059354	78.377524143674	34.35367021099808
2017-05-24	84.44999694824219	84.44999694824219	81.0	82.80000305175781	77.5064926147461	1220369	84.83336316080018	87.75802360664666	88.90131959419747	88.53410556123849	86.69462151765966	85.07494134326244	82.14739639124703	80.16194965272753	78.40169069508428	30.646010728661892
2017-05-25	83.0	84.0	82.0999984741211	82.94999694824219	77.64689636230469	393982	84.20557442328085	87.07116265544602	88.33452696124935	88.31512090974844	86.59607876583289	85.03286323643036	82.15538246644101	80.18047488392696	78.4265448276152	31.26056044788727
2017-05-26	84.0	84.69999694824219	82.55000305175781	84.0999984741211	78.72337341308594	385599	84.1703824402276	86.64671062954245	87.93123853390381	88.14982199070424	86.53039244236679	85.01439066687968	82.17473187945275	80.20651823004121	78.45754730655786	35.94691499393344
2017-05-29	84.0	84.19999694824219	81.9000015258789	82.0999984741211	76.85124206542969	197875	83.48025445152543	85.99718032162512	87.37588233773403	87.91257400966177	86.41380312741296	84.95667993038941	82.1739882634793	80.21909949412148	78.47745141129865	31.876688174136014
2017-05-30	82.1500015258789	89.0	80.4000015258789	82.5999984741211	77.31927490234375	416603	83.18683579239065	85.51186862912455	86.92103625548518	87.70423771415037	86.31343984706318	84.91001297085934	82.17822717104788	80.23491942089889	78.49997899087691	33.89197047804218
2017-05-31	83.0	83.0	81.0	81.5999984741211	76.38320922851562	379930	82.65789001963414	84.95303003555263	86.41427075249813	87.46485578316883	86.18940191619629	84.84446812933977	82.17247365167547	80.24398971361133	78.5169189880531	31.86183244804462
2017-06-01	82.69999694824219	84.9000015258789	81.75	84.05000305175781	78.67656707763672	1170875	83.1219276970087	84.8240261807248	86.18910240004666	87.33093998978016	86.13310194607949	84.82873614760548	82.1911555362534	80.26927883878173	78.54715442009521	41.161028413668944
2017-06-02	84.8499984741211	84.8499984741211	83.0999984741211	83.80000305175781	78.44255828857422	688135	83.34795281525841	84.67773716230094	85.96156912878106	87.1924718745636	86.07170460675523	84.80836519521246	82.2071639692435	80.29273880032974	78.57585851097862	40.55284568704994
2017-06-05	84.80000305175781	85.44999694824219	84.0	85.05000305175781	79.61264038085938	522429	83.91530289409154	84.73091800365192	85.87475331192171	87.10845348935553	86.04481772372898	84.81315010326286	82.23545092528842	80.32434852957512	78.61123634999927	44.93397693927593
2017-06-06	85.0	85.5	83.0999984741211	83.5999984741211	78.25534057617188	209066	83.81020142076805	84.56935807086181	85.65810999403594	86.97086701816986	85.9804803750551	84.78912729872539	82.24902851283899	80.34611364548573	78.63849734521305	41.14584398930694
2017-06-07	83.8499984741211	84.25	82.69999694824219	83.30000305175781	77.97452545166016	1058547	83.64013529776464	84.38802163956125	85.43352838048564	86.82691156850663	85.90994149812622	84.75963968987455	82.25948597093769	80.36574081762043	78.66397005399199	40.38722397636293
2017-06-08	83.75	83.80000305175781	83.0	83.4000015258789	78.06813049316406	919932	83.56009070713607	84.2468759090352	85.23985915623739	86.69252293938398	85.84389044622498	84.73271616187463	82.27083438441969	80.38590201833976	78.68985000739028	40.779178944300185
2017-06-09	83.5	83.9000015258789	82.4000015258789	82.69999694824219	77.41288757324219	246426	83.27339278750478	84.02589320035048	84.9979675173807	86.53595329267253	85.76115640680437	84.69246429625815	82.27510465868657	80.40127806438562	78.71176337865177	38.85335093784709
2017-06-12	82.55000305175781	84.0	82.5	82.80000305175781	77.5064926147461	449756	83.11559620892245	83.85076603626581	84.78863756827376	86.38944544008764	85.68323131851368	84.65498981616904	82.28032752826937	80.41721643639474	78.73410348615508	39.29443144122005
2017-06-13	84.0	84.0	82.0	82.55000305175781	77.2724838256836	235155	82.92706515653424	83.66494275276467	84.57543428098653	86.23887907191785	85.60077794307273	84.61330690994308	82.28301086681154	80.4313877760317	78.75495539634963	38.54588050831868
2017-06-14	80.25	82.0	79.9000015258789	81.1500015258789	75.96197509765625	1048552	82.33471061298246	83.30566543463813	84.2492025900239	86.03931524658299	85.48365224788341	84.54472660530814	82.27173714202614	80.43616261822338	78.76804308011755	34.57386067839294
2017-06-15	80.69999694824219	81.1500015258789	78.30000305175781	78.9000015258789	73.85581970214844	1245418	81.18980758394794	82.67628487624395	83.73975486962914	85.75934215949655	85.31039828151488	84.43294987106202	82.23818753390528	80.4259555677759	78.76876416452062	29.340919535449128
2017-06-16	79.3499984741211	82.9000015258789	78.0	79.0999984741211	74.04302978515625	1446962	80.49320454733899	82.16538681879783	83.29787330815218	85.49819142673674	85.1469667076361	84.3273468731028	82.20696177211637	80.41714522163866	78.77057418807034	30.350043124830982
2017-06-19	79.0999984741211	81.19999694824219	79.0999984741211	80.69999694824219	75.54074096679688	763254	80.56213534764005	81.95604540871845	83.05045651197027	85.31002693738401	85.02994118765204	84.25551816171942	82.19196709725195	80.41902463510446	78.78111748184178	37.981047253867
2017-06-20	80.69999694824219	81.75	80.05000305175781	80.69999694824219	75.54074096679688	1143838	80.60808921450743	81.7766099143647	82.82660322018664	85.12924144761374	84.91599528661494	84.18511180105651	82.17712162313245	80.42089156077316	78.79160316198605	37.981047253867004
2017-06-21	81.25	82.5	80.5	81.69999694824219	76.47681427001953	608548	80.97205845908569	81.76566520491862	82.71930738476335	84.99476127116779	84.8313637513946	84.13590160595128	82.17237411392956	80.42939059989256	78.80749602420603	42.54400050109425
2017-06-22	81.0	83.25	81.0	81.80000305175781	77.18448638916016	695703	81.24803998997639	81.77057061160993	82.63175459114377	84.86947663511249	84.75159110140416	84.08964618903656	82.16866892923134	80.43849765937338	78.82384852162434	42.995690494764446
2017-06-23	82.0	83.1500015258789	79.3499984741211	81.94999694824219	77.32601928710938	1448855	81.48202564273166	81.79620294541454	82.56682529181981	84.75498723562738	84.67786493947884	84.04727689713964	82.16649308862449	80.44854084401703	78.84093129991187	43.71045761729969
2017-06-27	83.1500015258789	83.9000015258789	80.30000305175781	82.55000305175781	77.89218139648438	711624	81.83801811240704	81.90388867489214	82.56522317371866	84.6685172676325	84.6218685740125	84.01762791010238	82.17030910815815	80.46250404805518	78.8611994515613	46.59518046753772
2017-06-28	82.1500015258789	83.4000015258789	81.0999984741211	83.05000305175781	78.36396789550781	647157	82.24201309219063	82.06761930015867	82.61139268591288	84.60504612191193	84.5805036918479	83.99846702181833	82.1790622817263	80.47969673246516	78.88408908872084	48.94334102244171
2017-06-29	82.80000305175781	84.0	82.3499984741211	83.0	78.31678771972656	763086	82.49467539479376	82.20081654299314	82.64840290630212	84.5421031367389	84.53891148943084	83.97869539762391	82.1872308162365	80.49644293357835	78.90658040517592	48.71266607740759
2017-06-30	82.1500015258789	83.5	79.80000305175781	82.69999694824219	78.0337142944336	2243282	82.5631159126099	82.27212802945729	82.65331662458213	84.46986367836648	84.49051900150482	83.95337463625002	82.19233296680372	80.51108448849305	78.92730945732382	47.27308990832622
2017-07-03	81.3499984741211	82.9000015258789	80.05000305175781	81.5999984741211	76.99578094482422	1030049	82.24207676644697	82.17610952155212	82.55300061025251	84.35731994486666	84.41445267183683	83.90677312808904	82.18643909125464	80.51831979736765	78.9419143153391	42.33312186441047
2017-07-04	79.55000305175781	82.19999694824219	79.25	80.69999694824219	76.14655303955078	538811	81.72805016037871	81.96523629679356	82.37652407101343	84.21389551362648	84.31670383700539	83.84327260967623	82.17164862216994	80.51952695451632	78.95152132426207	38.76390063405293
2017-07-05	80.94999694824219	81.0999984741211	80.1500015258789	80.55000305175781	76.00502014160156	686651	81.33536779083842	81.7630601189313	82.20256968822719	84.0702134562983	84.21758013213045	83.7780593511036	82.15551284534992	80.51972945350131	78.96025619708992	38.18605348865161
2017-07-06	80.94999694824219	81.30000305175781	80.0999984741211	80.5	75.95783996582031	642382	81.05691186055894	81.58262295908398	82.04042019411031	83.93020508546307	84.11974907602175	83.7131472847451	82.13904008071957	80.51959836078701	78.96867009765226	37.98278041214128
2017-07-07	80.5999984741211	85.9000015258789	80.44999694824219	84.25	79.49624633789062	2719882	82.12127457370596	81.96367682207197	82.25085636609981	83.94274606250373	84.12317673191592	83.72377803158183	82.16004465703081	80.54438508264225	78.9975298238946	56.62909504158626
2017-07-10	86.30000305175781	88.5999984741211	85.1500015258789	87.8499984741211	82.89311218261719	794131	84.03084920717767	82.80457991522185	82.78410799543516	84.09597164727303	84.22125098828974	83.80548536707765	82.21666111292225	80.59292736431321	79.04590396952425	66.91364647692174
2017-07-11	87.80000305175781	88.94999694824219	85.5	86.0999984741211	81.24185943603516	939793	84.72056562949214	83.2753539950646	83.09990708864335	84.17456093460041	84.27069171160109	83.85092127018743	82.2553012856705	80.62951919892987	79.08445093403024	59.52436732086208
2017-07-12	86.0	86.5	84.25	85.55000305175781	80.722900390625	386430	84.99704477024737	83.6003038603065	83.33324956132091	84.2284998411556	84.30435779949995	83.8845664539809	82.28808438782062	80.66221344379916	79.11978181991947	57.37974082032399
2017-07-13	85.30000305175781	88.75	84.5999984741211	88.05000305175781	83.08184051513672	1609906	86.01469753075085	84.23597517337097	83.78246417945776	84.3783627121596	84.40292741140148	83.96705034700618	82.34541691183989	80.71130174684208	79.16858084304427	63.76965426852892
2017-07-14	88.9000015258789	90.9000015258789	88.05000305175781	90.19999694824219	85.11052703857422	3348262	87.40979733658129	85.08797828406686	84.39365777648484	84.60666209396676	84.55548187289729	84.09047503217917	82.42357193707772	80.77434955548925	79.22886180536776	68.18703594841587
2017-07-17	90.75	91.1500015258789	88.0999984741211	89.05000305175781	84.0254135131836	1025680	87.95653257497347	85.65398182230842	84.83711923127275	84.78091075897818	84.6737587460252	84.18868350781439	82.48950657503474	80.82933728636146	79.28252924387262	63.71238366596391
2017-07-18	88.5999984741211	90.0999984741211	87.75	88.3499984741211	83.36490631103516	1068181	88.08768787468934	86.03912705828166	85.17167915916308	84.92087498310143	84.77050189676457	84.27108578437492	82.54781992726446	80.87930845704426	79.33207825605977	61.08466013402061
2017-07-19	88.9000015258789	89.0999984741211	87.5999984741211	88.5999984741211	83.60079956054688	432250	88.25845807449993	86.40496583197302	85.49818576058765	85.06515433569044	84.87127812248448	84.35680682773622	82.60804060932273	80.93060872293846	79.38272262883606	61.69232678492237
2017-07-20	89.94999694824219	91.0	87.5999984741211	90.4000015258789	85.29924774169922	910646	88.97230589162625	86.97568521681671	85.96502535728204	85.27436402942332	85.01677084362645	84.47647404948162	82.6855725587412	80.99352827644637	79.44292633865597	65.8295859979593
2017-07-21	91.0	92.6500015258789	88.80000305175781	90.1500015258789	85.06334686279297	1041054	89.3648711030438	87.42915897525417	86.36359451619603	85.46556549987257	85.15185586158046	84.58882112822216	82.75984548378734	81.0543686302632	79.50143494623642	64.78308408225807
2017-07-24	91.9000015258789	92.25	89.1500015258789	89.8499984741211	84.7802734375	546367	89.52658022673623	87.77499318937801	86.69563298837937	85.63750404788232	85.27549119348942	84.69300285784392	82.83039426976082	81.11281135347821	79.5579844737112	63.478959590150396
2017-07-25	90.0	90.25	87.75	88.3499984741211	83.36490631103516	527521	89.13438630919785	87.85713680148416	86.85319160606906	85.74387637832305	85.35639927982183	84.76541861262169	82.88531570463007	81.16089897554228	79.60602826606316	57.27108270632451
2017-07-26	88.3499984741211	89.19999694824219	86.05000305175781	86.75	81.85519409179688	490679	88.33959087279857	87.69897440127214	86.84336383406249	85.78333220662411	85.3930729829844	84.80471725395591	82.92377027473326	81.19803585942572	79.64506636296993	51.487127140987276
2017-07-27	86.69999694824219	88.0	84.5	85.25	80.43982696533203	618342	87.30972724853238	87.34912091537612	86.69161489748511	85.76241721812904	85.38930790448482	84.8135347340756	82.94691683916378	81.22495920919697	79.6756944156313	46.72306664135936
2017-07-28	85.30000305175781	85.3499984741211	84.0999984741211	84.69999694824219	79.92085266113281	479121	86.43981714843565	86.97067463435698	86.50193699755721	85.72075367813348	85.37116814247844	84.8112864610888	82.96436042233869	81.24804916095142	79.70314962072753	45.07610489315705
2017-07-31	84.75	86.0	81.9000015258789	82.19999694824219	77.56192016601562	869236	85.02654374837117	86.2891492506263	86.09222842143197	85.58268478676518	85.2877162689459	84.75957775786411	82.95675481563126	81.25437439541847	79.71679359519483	38.44284144710982
2017-08-01	83.9000015258789	84.3499984741211	80.75	82.25	77.60910034179688	878920	84.10102916558078	85.71212792910825	85.72630190510512	85.45199126571556	85.20777636713153	84.70988314879749	82.94972242940607	81.2609898479406	79.73063625314458	38.63734439909916
2017-08-02	82.6500015258789	83.94999694824219	82.0999984741211	82.69999694824219	78.0337142944336	374459	83.63401842646792	85.28182350327025	85.43808238540389	85.3440699199323	85.1417821718976	84.67008342205382	82.94723759874772	81.2705513569127	79.74686226787189	40.460609250013476
2017-08-03	81.55000305175781	84.3499984741211	81.55000305175781	83.9000015258789	79.16600036621094	462980	83.72267945960492	85.0844203636429	85.29159849402056	85.28743978683217	85.10910373384448	84.65483427559491	82.95671783682863	81.28802278660683	79.76955701791564	45.14168922864207
2017-08-04	83.9000015258789	83.9000015258789	81.44999694824219	82.05000305175781	77.4203872680664	443878	83.16512065698922	84.65093217623075	84.98287511856697	85.16048148349591	85.02860108431588	84.6032534592813	82.94769579916624	81.29308577840186	79.78201847165249	39.92962183181895
2017-08-07	83.05000305175781	83.19999694824219	80.0	80.30000305175781	75.76913452148438	1322401	82.21008145524542	84.02937087273462	84.53688730268038	84.96987448617286	84.9041642939854	84.5180405799244	82.92135059769949	81.28648722207865	79.78484898848367	35.72734791726509
2017-08-08	79.5	82.0999984741211	78.5	80.5999984741211	76.05220031738281	694486	81.67338712820397	83.53946053007554	84.16194550948426	84.79850679942572	84.79089677241002	84.44045558773028	82.8982525666191	81.28192583504902	79.78930335725765	36.95230157819842
2017-08-09	77.8499984741211	80.30000305175781	77.8499984741211	78.44999694824219	74.02350616455078	640104	80.59892373488337	82.81239430409936	83.61795040841358	84.54954562879108	84.6240309875635	84.32183264437408	82.85399131668501	81.26310903181442	79.78198474300073	32.213769643602056
2017-08-10	78.4000015258789	78.5	72.05000305175781	72.94999694824219	68.83384704589844	992506	78.04928147266965	81.40348039611976	82.6019548407782	84.09466136680877	84.3168195654761	84.09664777910415	82.75544410903882	81.20787240667441	79.7446514763627	23.804332471345575
2017-08-11	71.5999984741211	75.5	68.0	69.0	65.10671997070312	1076933	75.0328543151131	79.63155462524551	81.3065305702279	83.50271386222803	83.91374536638462	83.79770425872584	82.61857401840162	81.12675697540082	79.68593753386892	19.8055250026881
2017-08-14	72.75	73.75	71.0	73.1500015258789	69.02256774902344	593904	74.4052367187017	78.70561846819314	80.52971828028991	83.09672514315552	83.63048894952921	83.58685866005561	82.52435936673473	81.07375527806181	79.65022203655751	32.61357671902168
2017-08-16	73.1500015258789	77.69999694824219	73.0	77.3499984741211	72.98558044433594	478071	75.38682397050816	78.51195846903998	80.22688782255955	82.87136331299732	83.46521288438689	83.46335647815592	82.47287318869877	81.04901270793596	79.63765250889392	42.60442642888127
2017-08-17	78.0999984741211	79.0	76.5	77.4000015258789	73.03276062011719	293189	76.05788315563174	78.35310747715982	79.957660556209	82.65680010565934	83.305602059163	83.34329004345736	82.42239685374534	81.02476678646049	79.62542490789384	42.71332341686158
2017-08-18	76.80000305175781	77.30000305175781	73.30000305175781	75.5	71.2399673461914	353005	75.8719221037545	77.94552069470842	79.53312145561767	82.37614127798643	83.1001914786587	83.18797736932949	82.35351728306131	80.98805737259697	79.60288160238623	39.63602454011075
2017-08-21	76.5999984741211	76.5999984741211	72.5	73.3499984741211	69.21127319335938	353190	75.0312808938767	77.2890175203388	78.94425260023705	82.02217489352113	82.8436074522235	82.99316590605804	82.26393003123106	80.93730615068019	79.5687128421225	36.436994196950245
2017-08-22	74.0999984741211	74.80000305175781	71.8499984741211	72.44999694824219	68.362060546875	288134	74.17085291199852	76.59772886718214	78.32575206195183	81.64679536625529	82.57009138632925	82.78439028313099	82.16627895577842	80.88091206960087	79.52981275527068	35.15779248990415
2017-08-23	73.4000015258789	73.55000305175781	70.44999694824219	71.0	66.9938735961914	428500	73.11390194133234	75.79805331472755	77.628061389385	81.22927397934332	82.26561529721532	82.55103602009869	82.0551717024871	80.81525816880618	79.483201756608	33.1392070992039
2017-08-24	71.44999694824219	73.19999694824219	71.4000015258789	72.19999694824219	68.12615203857422	392254	72.80926694363562	75.2840452623725	77.11110287118092	80.87518468400602	82.0007306038213	82.34606494936887	81.95711026214636	80.75801390820443	79.44340282322895	36.393985661402134
2017-08-28	72.94999694824219	79.5	72.94999694824219	78.1500015258789	73.74044036865234	792944	74.58951180438338	75.69346758573056	77.21004560019978	80.76831475623632	81.89939562808597	82.26297458454728	81.91922858317852	80.74068492227536	79.43633505657677	49.51659992453066
2017-08-29	77.75	78.0	75.25	75.80000305175781	71.52304077148438	448523	74.99300888684152	75.70868693802016	77.0757558336815	80.57347900311952	81.73888529712997	82.13499495023461	81.85834076694547	80.70785647130847	79.41646438988377	45.52195612220443
2017-08-30	76.80000305175781	79.0	76.0999984741211	77.75	73.36300659179688	361833	75.91200592456102	76.00030308973157	77.13996956380707	80.46275433633052	81.63391463141602	82.04816336706165	81.81746175433905	80.68820293993765	79.40735802709752	49.185220981079055
2017-08-31	77.75	78.25	76.55000305175781	77.55000305175781	73.17430114746094	251980	76.45800496695995	76.22168879859247	77.17902037218333	80.34852879575904	81.52644327405659	81.95909088557048	81.77499947869147	80.66735111343812	79.39720854635796	48.822609191155856
2017-09-01	78.44999694824219	78.9000015258789	76.80000305175781	77.0999984741211	72.74967956542969	413248	76.67200280268032	76.34716160938227	77.17149447712978	80.22113544981245	81.4099578845846	81.86287123385861	81.72848205576042	80.64364777364199	79.38465548585393	47.96573581140683
2017-09-04	76.0	78.80000305175781	76.0	76.80000305175781	72.46662139892578	508504	76.71466955237283	76.41185324400735	77.13611434138008	80.08697339498679	81.28864328372073	81.76261641837146	81.6794424636808	80.61810860605472	79.37053170206106	47.36887764573266
2017-09-05	77.0999984741211	79.5999984741211	77.0999984741211	77.69999694824219	73.31582641601562	714240	77.04311201766261	76.59587377318375	77.18981744679552	79.9933664755066	81.19420522226076	81.68216850807188	81.63984599089036	80.5987191598234	79.36140309684893	49.40298803761717
2017-09-06	77.69999694824219	81.19999694824219	76.5999984741211	78.3499984741211	73.92916107177734	580927	77.4787408364821	76.84646301617481	77.30031087796938	79.9289206715307	81.11935767625708	81.61618494304315	81.60711118972849	80.58377749413768	79.35587629563184	50.87955674287309
2017-09-07	79.30000305175781	79.69999694824219	78.5	78.80000305175781	74.35376739501953	256915	77.91916157490733	77.12554016411524	77.44313870404447	79.88464939232392	81.05832202824394	81.5604189649979	81.57917976547007	80.5719251722614	79.35283873692215	51.925553460054594
2017-09-08	79.0	79.9000015258789	77.0	77.44999694824219	73.0799331665039	285502	77.76277336601895	77.17189113327623	77.44379187015853	79.78917282588934	80.963366105086	81.47902446961659	81.53809336927876	80.55118146313171	79.34244069436106	48.58316205606465
2017-09-11	79.5	79.5	76.0	76.5999984741211	72.27790069580078	279536	77.37518173538633	77.09019218196836	77.36343059434545	79.66410716503569	80.84854064111323	81.38241009346817	81.48895809669013	80.52492775556354	79.32745467129963	46.55138578952991
2017-09-12	76.5999984741211	77.9000015258789	76.05000305175781	76.44999694824219	72.13636016845703	251519	77.06678680633829	76.99873572000747	77.27643691376419	79.53806362712221	80.73278949130084	81.28473854603794	81.43881917979014	80.49785180335542	79.31173085860533	46.184317515475136
2017-09-13	76.69999694824219	77.30000305175781	75.4000015258789	75.69999694824219	71.42866516113281	290735	76.61119018697292	76.8132016097553	77.12629977419066	79.3875512083426	80.60034758227297	81.17414960350733	81.38171647101852	80.46597236910218	79.29199460772902	44.30326783105238
2017-09-14	75.9000015258789	76.9000015258789	75.0	75.19999694824219	70.95689392089844	328805	76.14079244072934	76.5827438009677	76.94284236219556	79.22333339422102	80.45823309190374	81.05584955092782	81.32020682402572	80.43098249919613	79.26963396478101	43.04458112076679
2017-09-15	75.3499984741211	78.0	74.4000015258789	77.55000305175781	73.17430114746094	1171713	76.61052931107217	76.72092369393772	77.00066718977293	79.15771259647737	80.38170072242622	80.98642684797396	81.28269235863002	80.41183977861515	79.26023707454591	50.205185412340704
2017-09-18	78.9000015258789	78.9000015258789	75.6500015258789	76.19999694824219	71.90045928955078	357036	76.47368519012885	76.64650558740979	76.92441288105572	79.04172374752697	80.27165588626347	80.89164605788027	81.23211827494457	80.38385411196815	79.24351445090491	46.58204937493882
2017-09-19	76.0	76.55000305175781	74.5	74.80000305175781	70.57946014404297	467940	75.91579114400517	76.38271951088808	76.7220881354083	78.8753817594576	80.12766502219753	80.77101946369962	81.1681171284452	80.34675211156808	79.21923296784946	43.107755356578664
2017-09-20	75.0	75.5999984741211	73.44999694824219	73.6500015258789	69.49434661865234	439425	75.16052793796308	75.99233122731535	76.42950845831027	78.67046488755255	79.95720019334705	80.63000920750515	81.09331000802166	80.3022554299356	79.18880000915017	40.439596122368506
2017-09-21	73.5999984741211	74.30000305175781	73.0	73.4000015258789	69.25845336914062	397064	74.5736858006017	75.62199841282442	76.1409839885549	78.46378004983987	79.78464233367683	80.48684073856207	81.01675967486601	80.25639327774917	79.15716723055306	39.861977154307276
2017-09-22	73.5	73.5	70.44999694824219	70.9000015258789	66.8995132446289	378342	73.3491243756941	74.94742742897506	75.64184280163337	78.16716128419434	79.55083599662952	80.29700233831092	80.91609541467709	80.1942245617899	79.1120461064838	34.54776087926195
2017-09-25	71.0	72.0	67.0	67.5999984741211	63.78571319580078	1293705	71.43274907516977	73.89779472113878	74.87595286567982	77.75276274262283	79.23634027235298	80.04557651921805	80.78359693765663	80.11054199642332	79.04913874237253	29.043613499415365
2017-09-26	67.75	67.75	65.6500015258789	66.1500015258789	62.41753005981445	983155	69.67183322540615	72.79096712181594	74.04490988093687	77.29775249882896	78.89196293691944	79.77041661835985	80.63798902311157	80.01778093017386	78.97865165375781	27.00754368035071
2017-09-27	67.0	68.19999694824219	66.05000305175781	66.6500015258789	62.88931655883789	688542	68.6645559922304	71.91368632239636	73.34063289474088	76.88019363714464	78.56980605768153	79.51060641850874	80.49880506791523	79.92895847566027	78.91128198092787	28.859565630930025
2017-09-28	68.6500015258789	69.5	65.55000305175781	68.4000015258789	64.54057312011719	832726	68.57637117011323	71.41173135146529	72.87009657389689	76.54763708376167	78.3021796226341	79.29059444043686	80.37841896301934	79.85235411054543	78.85384328991667	35.069273126246415
2017-09-29	69.25	71.1500015258789	67.94999694824219	68.3499984741211	64.49339294433594	496559	68.50091360478253	70.97434094041613	72.43961104058491	76.22616105985419	78.04028011872586	79.07394897575735	80.2587331870104	79.77592649834328	78.79644523081396	34.97533116740475
2017-10-03	70.94999694824219	70.94999694824219	65.30000305175781	67.1500015258789	63.361106872558594	376173	68.05060957848131	70.42800673833938	71.935838705851	75.87023323499241	77.75369383996673	78.83783120447262	80.12829804610362	79.69203330915747	78.73280346193454	32.710731605016946
2017-10-04	67.3499984741211	68.0	65.55000305175781	66.19999694824219	62.46471405029297	350464	67.43373870173494	69.82400533975407	71.3895680622692	75.49100828257083	77.44964918492134	78.5875770607849	79.98970798542838	79.60238522702514	78.66431818043895	30.999478641426297
2017-10-05	66.69999694824219	66.69999694824219	65.19999694824219	65.9000015258789	62.181644439697266	653474	66.92249297644959	69.26343336634334	70.8667522016606	75.11489037054369	77.14571108863075	78.33633794128181	79.84951190125376	79.51133948814709	78.59456781620638	30.45761077025032
2017-10-06	66.0	70.55000305175781	65.75	70.0999984741211	66.1446533203125	1863752	67.98166147567342	69.38294266745444	70.79372803713304	74.918227943233	76.96029759877523	78.17324211024892	79.7525018174017	79.44880566081136	78.54814940450099	44.96256142229346
2017-10-09	71.0	72.25	68.0	70.5	66.52208709716797	1360158	68.82110765044895	69.54252228638953	70.76575393835846	74.7449641023219	76.79028976722851	78.02129672192716	79.66043712270118	79.38934515808171	78.50417044600646	46.115296482627514
2017-10-10	71.0	72.4000015258789	67.80000305175781	68.0	64.16314697265625	1995189	68.5474051002993	69.32216195976245	70.50234880137194	74.48045570615241	76.55896635230145	77.82285520268107	79.54441287272405	79.31366844606788	78.4467706075037	40.41753625726811
2017-10-11	68.75	68.75	66.80000305175781	67.69999694824219	63.88007354736328	713115	68.26493571628026	69.09042410097385	70.23545814869291	74.21455536270496	76.32583557851042	77.6224025639793	79.42655798790334	79.23650119359063	78.38804506838204	39.782322860316704
2017-10-12	67.25	67.94999694824219	66.69999694824219	67.30000305175781	63.50264358520508	529515	67.94329149477278	68.83464966537156	69.95589099660386	73.94339644855016	76.08831366991167	77.41799861324225	79.30589574973274	79.15718891357845	78.32745467484858	38.90439100176811
2017-10-13	67.0999984741211	67.69999694824219	65.3499984741211	65.5	61.80420684814453	1071725	67.12886099651519	68.35827114174705	69.53152042549873	73.6122828623325	75.80967383649295	77.1819986407028	79.16852365272048	79.06644347229222	78.25735929411171	35.14561551918495
2017-10-16	63.20000076293945	66.5	63.0	63.599998474121094	60.011409759521484	1548362	65.9525734890505	67.67851790351477	68.96661357298657	73.21964425887323	75.48836659011474	76.91304814235465	79.01361295442597	78.9636763958924	78.17726442624291	31.66762315701054
2017-10-17	64.19999694824219	64.55000305175781	60.70000076293945	61.25	57.794010162353516	2023497	64.38504899270033	66.76015820301267	68.2316979946069	72.75024644479977	75.11367273248014	76.60288877319911	78.83686058672023	78.84597754940808	78.0847657135312	27.979572641546657
2017-10-18	61.95000076293945	64.5999984741211	61.25	63.599998474121094	60.011409759521484	2333125	64.12336548650725	66.30870681317101	67.79058375456064	72.39141319104766	74.81068130462859	76.34540579697975	78.68525001843567	78.74467536286132	78.00561397998251	36.005721712493774
2017-10-19	64.0999984741211	68.75	64.0	67.19999694824219	63.408287048339844	1830506	65.14890930708556	66.43603397532404	67.73433739205413	72.1878282403494	74.61040013735526	76.16430859205425	78.57096889335911	78.6679665361861	77.94656689237738	45.944071516929554
2017-10-23	67.0999984741211	69.30000305175781	66.5999984741211	66.94999694824219	63.172386169433594	2263585	65.74927185413777	66.50945725716949	67.65963830216728	71.98242309163932	74.40881057974701	75.9818469753451	78.45533733171615	78.59010627314328	77.88647634623456	45.416586656035406
2017-10-24	67.94999694824219	69.19999694824219	66.0	66.5999984741211	62.84213638305664	1273991	66.03284739413222	66.522391716734	67.55872022330574	71.77134761644253	74.2033155243358	75.79606779710305	78.33737376099381	78.51043778278432	77.82480160376399	44.643812444025045
2017-10-25	67.4000015258789	68.0	64.9000015258789	65.4000015258789	61.7098503112793	833216	65.82189877138111	66.36205026089756	67.35312796640795	71.52149090700865	73.97164936648167	75.59020509866296	78.20864368900261	78.42332524951584	77.75690652137118	42.00483266351453
2017-10-26	65.4000015258789	66.9000015258789	64.69999694824219	66.05000305175781	62.323177337646484	1000121	65.89793353150668	66.31747208816331	67.22902083167936	71.30692275582234	73.76318498977841	75.40129020664504	78.08766219012456	78.34111048408224	77.692934371264	43.93796920987077
2017-10-27	66.5	66.5	64.94999694824219	65.1500015258789	61.473960876464844	880212	65.64862286296409	66.15069057926554	67.03101899303171	71.06547486445201	73.5365222670442	75.19829439118433	77.95892924819177	78.2534619195759	77.62439375462256	41.857517015134334
2017-10-30	65.94999694824219	68.5	65.1500015258789	66.8499984741211	63.07803726196289	3063196	66.04908140001642	66.25059170710205	67.01377894361165	70.90016206483119	73.36056111459887	75.03298160074743	77.84839262357414	78.17769139834364	77.56551727767993	46.96567569885716
2017-10-31	67.25	68.6500015258789	66.75	67.0	63.219566345214844	1370738	66.36605426667761	66.3576500346589	67.01246666326769	70.74721453287702	73.19317792737257	74.87391265815837	77.74044841836445	78.10342102360381	77.50778221058879	47.40476155968772
2017-11-01	69.0	73.0	67.80000305175781	69.3499984741211	65.43696594238281	4614684	67.36070233582544	66.7851283831535	67.23508874049182	70.69242174625914	73.09204162597122	74.76452821887051	77.65696135424263	78.04525874752751	77.46320415738404	53.85106418637678
2017-11-02	68.44999694824219	73.05000305175781	68.05000305175781	72.19999694824219	68.12615203857422	4181428	68.97380053996436	67.55868103530904	67.70793714122995	70.75154234241533	73.06856676603098	74.71374542143232	77.6026632009491	78.00641979869505	77.43444346225212	60.21903805794503
2017-11-03	72.19999694824219	74.9000015258789	72.0	72.75	68.64512634277344	2693766	70.23253369330958	68.30029803026488	68.18813360396996	70.82991323094807	73.0601834300828	74.67485937348317	77.5543779949695	77.97149342129508	77.40884541054582	61.32806138433576
2017-11-06	73.19999694824219	74.0	70.5999984741211	71.3499984741211	67.3241195678711	1261011	70.60502195358008	68.73596952224435	68.4892635916034	70.85030873068034	73.01517856282065	74.60902054379284	77.49264287535907	77.92749677712781	77.37573695734132	56.97404044793768
2017-11-07	71.4000015258789	71.80000305175781	68.55000305175781	70.4000015258789	66.427734375	1116241	70.53668181101303	68.97368837990642	68.67123863296298	70.8326496246097	72.94635811448008	74.52567363254701	77.4220693295931	77.8774801973853	77.3376181844918	54.163951902287145
2017-11-08	70.19999694824219	70.94999694824219	67.0999984741211	67.5	63.69135665893555	750203	69.52445454067535	68.76316146849122	68.55969209649032	70.70195748246815	72.80303290094113	74.38655138239757	77.3233422715872	77.80852684059204	77.28386070807382	46.60687758394852
2017-11-09	68.4000015258789	72.5	68.0	69.75	65.81440734863281	2371197	69.59963636045023	68.9041384015639	68.67305475396743	70.664625816489	72.72268992986373	74.29473848373624	77.24798563206892	77.7549818117509	77.24269207032478	52.18141741994307
2017-11-10	69.4000015258789	69.9000015258789	67.5999984741211	67.9000015258789	64.06878662109375	1005331	69.03309141559312	68.76069027646604	68.59943063700662	70.55620917764155	72.5957770771273	74.1681100291252	77.15497086484315	77.68950021516703	77.19163911653	47.76558726032528
2017-11-13	67.9000015258789	68.44999694824219	66.25	66.5999984741211	62.84213638305664	475536	68.22206043510245	68.4520200189882	68.40900852625562	70.40106365985643	72.43799342967976	74.0182464339766	77.04994626394044	77.61581581821656	77.13376129881192	44.89076386817621
2017-11-14	67.0	67.19999694824219	65.25	65.55000305175781	61.85138702392578	866200	67.33137464065423	68.0374461665267	68.13672229058916	70.2108259889506	72.25673052499761	73.85055844620989	76.93551896829683	77.53564430481816	77.07046207341818	42.657601999955105
2017-11-15	65.94999694824219	66.0999984741211	63.900001525878906	64.05000305175781	60.4360237121582	2841496	66.23758411102209	67.46781143584543	67.74751093450999	69.96922508945285	72.04076401254393	73.65648804235936	76.80730487957506	77.44603871509683	76.99931202411949	39.624963656582366
2017-11-16	65.0	66.5999984741211	64.5	65.1500015258789	61.473960876464844	1780425	65.87505658264102	67.13669573442165	67.50012908606894	69.780235930097	71.8594281576317	73.48804276480529	76.69131181137908	77.36433747131466	76.93456169352801	42.834509792396794
2017-11-17	66.5	73.0	65.69999694824219	69.4000015258789	65.4841537475586	6496620	67.05003823038699	67.46002513320126	67.6810693184318	69.76532477699041	71.79470640416451	73.40709145314338	76.61876146027957	77.31141829559748	76.8933892335955	53.18874513224586
2017-11-20	69.5	72.3499984741211	69.0	71.5	67.46566009521484	3046181	68.53335882025799	68.03716439988679	68.04477700239067	69.83335125632412	71.78695097247598	73.36932726595242	76.56782851042604	77.27280422054368	76.86391716128077	57.30390739220446
2017-11-21	72.0	74.0	72.0	73.44999694824219	69.30563354492188	2727985	70.17223819625272	68.81042619250898	68.55955985437653	69.97518049914444	71.8307153402593	73.37092468540371	76.53680531080232	77.24740350777091	76.84526185957017	60.75400703504291
2017-11-22	74.0	76.5	72.5999984741211	74.75	70.53227996826172	4335504	71.69815879750182	69.65893673643627	69.14912558253114	70.16242832270741	71.9075386207788	73.39823310747492	76.51902615348091	77.23080946452991	76.83381234121187	62.906006792269295
2017-11-23	75.0	76.80000305175781	74.5	76.0	71.71175384521484	4463835	73.13210586500121	70.56480291694538	69.80158981276627	70.39135270220908	72.01523497286357	73.44975324396057	76.51386171414279	77.22263132855296	76.82925598962055	64.89904729728094
2017-11-24	77.19999694824219	77.19999694824219	73.0999984741211	73.44999694824219	69.30563354492188	1806332	73.23806955941487	70.97697349284492	70.14905715900207	70.51129953538684	72.05299186695248	73.44975806978793	76.48337549756667	77.1975639904778	76.81079009321958	58.04717872549055
2017-11-27	74.55000305175781	75.3499984741211	73.25	74.69999694824219	70.485107421875	1850559	73.72537868902397	71.5088339864731	70.58247999607255	70.67556217902822	72.12264989540748	73.47451527530188	76.46563043737439	77.18096886062906	76.79925570444921	60.26196144092994
2017-11-28	75.0	75.30000305175781	72.0999984741211	72.9000015258789	68.78666687011719	1503750	73.45025296797562	71.70757220638822	70.80319633224458	70.76279509459098	72.14310651726198	73.46313876541232	76.43015154273264	77.15252389494967	76.77794830456631	55.701751120451846
2017-11-29	73.44999694824219	73.44999694824219	72.0999984741211	72.69999694824219	68.59794616699219	572940	73.20016762806448	71.84934716951021	70.98384400995864	70.83876379473416	72.15776152860357	73.44802704626044	76.39303557661832	77.1229389982938	76.75566441737328	55.2018906645417
2017-11-30	72.05000305175781	72.5	71.0999984741211	71.69999694824219	67.65437316894531	636764	72.70011073479039	71.82801142361478	71.05204905169994	70.87253764389133	72.14571509227827	73.41341258887394	76.34633867484342	77.08690616075194	76.72803781918131	52.65749372374433
2017-12-01	72.30000305175781	72.75	67.55000305175781	68.5	64.63494110107422	1388823	71.30007382319359	71.35258122024125	70.80899676106185	70.77949695197402	72.04977522142883	73.31611729008435	76.26826565320319	77.02985030586322	76.68307586388524	45.43975523110684
2017-12-04	68.69999694824219	69.5	67.44999694824219	67.80000305175781	63.97443389892578	959030	70.13338356604832	70.84507005331504	70.52242593160432	70.66265405392633	71.93793911170064	73.20688730516699	76.18400433378582	76.96852241713162	76.6345344823982	44.01838781105263
2017-12-05	68.0	68.0	65.44999694824219	66.9000015258789	63.12521743774414	1191150	69.05558955265852	70.28148883510988	70.17743313105905	70.51509905282643	71.8053618068106	73.08199847785436	76.09162619639372	76.9016219460934	76.5813403132369	42.19103528488824
2017-12-06	66.9000015258789	69.19999694824219	66.0999984741211	66.4000015258789	62.65342712402344	1567623	68.17039354373198	69.72699064807689	69.81767774008951	70.35372267922064	71.66311548362818	72.94968170652811	75.99519212007019	76.83184373732121	76.52570458215844	41.16853127231725
2017-12-07	67.0	67.9000015258789	66.80000305175781	67.30000305175781	63.50264358520508	947045	67.88026337974058	69.38027813431702	69.57789919834363	70.23396896833974	71.54829673542106	72.83780688168117	75.90867282585812	76.76850924771614	76.47529091259341	43.80835257057205
2017-12-08	67.19999694824219	69.5	67.0	67.75	63.92725372314453	1468941	67.83684225316038	69.14738125798603	69.40381356040614	70.13655842056171	71.44834155817314	72.73705823055877	75.82749200172023	76.70858559822965	76.42761172727869	45.133973501640064
2017-12-11	67.25	71.80000305175781	67.25	70.80000305175781	66.8051528930664	2593939	68.82456251935953	69.38347008566771	69.53678398815391	70.1625758570792	71.43128001853063	72.69870070226568	75.77746723604896	76.66932591353549	76.39685976730317	53.193810570314106
2017-12-12	70.69999694824219	71.5999984741211	69.55000305175781	70.0	66.05030059814453	1830376	69.21637501290635	69.47154578771519	69.58089979880592	70.15620033327218	71.39361475488509	72.64526108439904	75.71997999986937	76.62501145563824	76.36190424944905	51.074460986910594
2017-12-13	70.55000305175781	71.4000015258789	68.5	68.75	64.8708267211914	1287140	69.0609166752709	69.3684678180416	69.50176648463392	70.10105522216347	71.324045945546	72.56812720153965	75.6506269650448	76.5726857981257	76.3203091442608	47.86548122136588
2017-12-14	68.55000305175781	69.5	68.0	68.4000015258789	64.54057312011719	1296207	68.84061162547357	69.23011549058978	69.39683648856202	70.03434723407388	71.24709740818635	72.48559005944736	75.57848143828693	76.518382248144	76.27702877476145	46.975510908036576
2017-12-15	68.25	69.69999694824219	68.25	69.0	65.10671997070312	782209	68.89374108364905	69.19724184907696	69.3590425372704	69.99378459744352	71.18796326586566	72.41656847411177	75.5130239115378	76.46842621991712	76.23726359019992	48.735219956920915
2017-12-18	68.75	71.0999984741211	65.0	69.75	65.81440734863281	1251053	69.1791607224327	69.27620729920882	69.39627658133989	69.98422441715162	71.15012212729025	72.36376513799074	75.45568039002997	76.42378551413694	76.20181406238461	50.92751125298025
2017-12-19	71.80000305175781	72.0	70.3499984741211	71.3499984741211	67.3241195678711	2330185	69.90277330632883	69.57246318133915	69.58234533303335	70.0377841840916	71.15538203115422	72.34369055058738	75.41482783365277	76.39007264343915	76.17530140889683	55.317465087084315
2017-12-20	72.75	72.75	70.80000305175781	71.30000305175781	67.27694702148438	1613543	70.36851655480515	69.81925459139896	69.74593178243568	70.08728296321577	71.1591878474859	72.32302347140264	75.37388430348466	76.3562515830293	76.14866043426765	55.15143986081421
2017-12-21	71.94999694824219	74.4000015258789	71.8499984741211	73.05000305175781	68.9281997680664	2642164	71.2623453871227	70.28079008573594	70.06060523665683	70.20346806472722	71.20894614233515	72.3374191066572	75.35076110695006	76.33428315425009	76.13172788026486	59.70975370074936
2017-12-22	73.6500015258789	77.0	73.44999694824219	76.0999984741211	71.80611419677734	7415838	72.87489641612217	71.11210556979097	70.63578554498676	70.43470455137012	71.3376580458032	72.4119256287852	75.35821620513087	76.33272644541202	76.13155449553183	66.1644371191757
2017-12-26	77.0	77.80000305175781	75.4000015258789	75.80000305175781	71.52304077148438	2524022	73.84993196133405	71.78180521007195	71.12761578372687	70.64510841413042	71.45508817753884	72.47901627082426	75.36261209415204	76.32918675508874	76.12974273900848	65.06037949798778
2017-12-27	76.0	76.25	72.5	73.05000305175781	68.9281997680664	3117375	73.5832889914753	71.96297633031278	71.3107002854441	70.73941800776286	71.49705962159723	72.49032293975364	75.33960105890434	76.30739815905332	76.11291356038963	55.85881662333787
2017-12-28	73.55000305175781	73.80000305175781	72.05000305175781	72.4000015258789	68.31488037109375	2100065	73.1888598362765	72.02540850110795	71.4144432607236	70.80453893004193	71.52082125065728	72.48853439690464	75.31035131230706	76.28143539072659	76.09262442358903	53.91773839379258
2017-12-29	72.75	73.19999694824219	71.0	71.4000015258789	67.37130737304688	1454227	72.59257373281064	71.9360646475038	71.41306785740505	70.82789040438848	71.51764178421574	72.4669792905477	75.27144235920828	76.24900061421597	76.06698167551411	50.98250406772606
2018-01-01	72.0999984741211	75.19999694824219	71.30000305175781	72.55000305175781	68.4564208984375	1676852	72.57838350579303	72.0237701338258	71.52134739972436	70.89542423369709	71.54480918599316	72.46862332542315	75.2443633611242	76.22442255732257	76.04776321308921	54.078566081973115
2018-01-02	72.9000015258789	73.3499984741211	71.0	71.69999694824219	67.65437316894531	1696208	72.28558798660941	71.97751682159958	71.53836164244035	70.92697610485571	71.5488930744734	72.45340300112254	75.20909603363283	76.1943599286908	76.02400492748896	51.48982704016354
2018-01-03	72.0	72.44999694824219	71.0	71.4000015258789	67.37130737304688	1207970	71.99039249969924	71.89501463649663	71.52518448848211	70.94552612136643	71.54497487582617	72.4325435659692	75.17119459574474	76.16250372667876	75.99873714933808	50.56973546354473
2018-01-04	71.75	72.75	70.5	70.94999694824219	66.94669342041016	1448736	71.64359398254689	71.76001210960314	71.47040472274497	70.94570144791058	71.52931756194238	72.40318620720232	75.12919262910292	76.1278691301443	75.9711484050698	49.15091254735934
2018-01-05	71.3499984741211	72.19999694824219	69.75	71.1500015258789	67.13541412353516	4210698	71.47906316365756	71.67286774049968	71.43989013256726	70.95371321567404	71.51933556099334	72.3783706689583	75.08959868777731	76.09479359789005	75.94480334015618	49.824718767043194
2018-01-08	71.75	73.75	71.4000015258789	71.80000305175781	67.74874114990234	3204504	71.58604312635764	71.69102992782227	71.47418660106159	70.9869010523832	71.5267215475924	72.36691784485532	75.05686639289155	76.06625678363004	75.92215415825237	52.04860331503255
2018-01-09	72.19999694824219	74.25	71.69999694824219	73.4000015258789	69.25845336914062	5660073	72.19069592619806	71.93516872754465	71.65759754628229	71.08153244350068	71.57601838912626	72.38737494744984	75.04038017530934	76.04854080185096	75.90837190343066	57.09020714337569
2018-01-10	75.0	82.5	72.55000305175781	76.5	72.18353271484375	93350723	73.62713061746537	72.58728748075255	72.11877873235065	71.29402136728497	71.70559685257031	72.46881306730232	75.05490375565452	76.05154053074232	75.91160484384908	64.81011179292892
2018-01-11	78.4000015258789	79.80000305175781	77.25	77.75	73.36300659179688	12326168	75.00142041164358	73.32481784064504	72.65508551974582	71.54719699994047	71.86466009329214	72.57339102636564	75.0817206337077	76.06282597572077	75.9216507190193	67.36009663513167
2018-01-12	78.5	80.1500015258789	76.5	78.9000015258789	74.4481201171875	7873832	76.30094744972202	74.1212726528213	73.24983942509184	71.83554227546746	72.04980065730759	72.69867044219758	75.11971347840593	76.08167764050587	75.9379258600404	69.54649870655703
2018-01-15	79.8499984741211	80.4000015258789	77.55000305175781	78.9000015258789	74.4481201171875	5491518	77.16729880844098	74.80394820611525	73.78795010135727	72.11257989313066	72.23006910121735	72.821469077518	75.15732828484845	76.10040404505985	75.95411206586465	69.54649870655702
2018-01-16	80.3499984741211	80.3499984741211	73.80000305175781	74.3499984741211	70.15485382080078	4981354	76.22819869700102	74.7390982444018	73.84147851781097	72.20032179826754	72.28585671629376	72.85173698636163	75.1492951524034	76.08877344325958	75.94534641782234	53.19566083348124
2018-01-17	74.69999694824219	76.5	72.25	75.3499984741211	71.09842681884766	2953573	75.93546528937438	74.82636970579027	73.9851470850786	72.32383853065396	72.36649202571027	72.90120751087171	75.15129220038068	76.08386463947794	75.94209315037041	55.662866472815466
2018-01-18	76.30000305175781	76.30000305175781	71.80000305175781	72.5999984741211	68.50360107421875	4396936	74.82364301762328	74.50831667269468	73.85322816974931	72.33466833235855	72.3726369322474	72.89524297549052	75.12590619315422	76.06071602708354	75.92383033793189	48.14659904972657
2018-01-19	72.5999984741211	74.3499984741211	71.4000015258789	73.19999694824219	69.06974029541016	1671522	74.28242766116291	74.32141385491575	73.79101567246292	72.36860278788339	72.39440956424727	72.90127770762422	75.10674291708544	76.0417079268919	75.90894600246911	49.74119604259396
2018-01-22	73.0999984741211	73.9000015258789	71.8499984741211	72.80000305175781	68.69231414794922	1316708	73.78828612469455	74.10406945446461	73.69663351811005	72.38552044529023	72.4050830770765	72.8992722688942	75.08379028160954	76.02016835961527	75.8919572431756	48.66672741421495
2018-01-23	72.69999694824219	73.80000305175781	71.4000015258789	71.6500015258789	67.60719299316406	1774196	73.07552459175601	73.75348832180951	73.5017161855166	72.35667656609762	72.38521250993972	72.87453423437904	75.04962322931371	75.99113070623496	75.86877715728873	45.61586142079395
2018-01-24	71.80000305175781	72.44999694824219	70.25	71.1500015258789	67.13541412353516	2083619	72.43368356979697	73.38156163667657	73.2777433607892	72.30935597628512	72.35270695772759	72.84038507183449	75.01082102330939	75.9589637349369	75.8429914981007	44.31509608372
2018-01-25	71.0	72.0	70.5	70.80000305175781	66.8051528930664	910278	71.88912339711725	73.01276755311675	73.0417680932624	72.25016566551935	72.31184632862312	72.79998146747654	74.96892233702529	75.92468492641079	75.81543418418626	43.382531757753945
2018-01-29	71.44999694824219	73.9000015258789	71.0	72.30000305175781	68.22052764892578	2963883	72.02608328199743	72.91094405292262	72.9711238035953	72.25212007282282	72.31153466344246	72.79008090478904	74.94236592622661	75.90060066146293	75.79622417799813	48.39475849710075
2018-01-30	72.5	73.8499984741211	69.25	69.8499984741211	65.90876007080078	2132182	71.30072167937199	72.47366611309383	72.67387377221681	72.15791922581491	72.24675739530242	72.73186145071641	74.89169560332009	75.86039732466996	75.76373114136491	41.87416996928687
2018-01-31	69.80000305175781	70.75	68.75	69.05000305175781	65.15390014648438	1156075	70.55048213683393	71.98457139004583	72.3287432274112	72.03604016016561	72.16263228099862	72.65895336360832	74.8335693092747	75.81514553548118	75.72704410262389	39.979926704725514
2018-02-01	69.44999694824219	70.19999694824219	67.3499984741211	68.3499984741211	64.49339294433594	1024363	69.81698758259633	71.46534668777086	71.94981515566928	71.89148950581092	72.06229981239659	72.57362752421253	74.76905616663635	75.76554322942563	75.68673237787797	38.34536803993914
2018-02-02	67.05000305175781	67.30000305175781	63.099998474121094	63.599998474121094	60.011409759521484	2211252	67.74465787977125	70.34172551439232	71.15459451933137	71.56633299476427	71.83960767191566	72.39593189945823	74.65792126422326	75.68470904500501	75.62068465162794	29.524388059688896
2018-02-05	63.0	64.4000015258789	60.650001525878906	62.75	59.209373474121094	1641567	66.0797719198475	69.25719329805057	70.35415694606172	71.22059444594998	71.60040747002314	72.20492334699371	74.53943448547477	75.59876413440696	75.55035304150975	28.271086320323985
2018-02-06	60.04999923706055	61.849998474121094	58.54999923706055	61.0	57.5581169128418	3132033	64.38651461323167	68.07759425547191	69.46328485596061	70.81978682061862	71.32144937870675	71.98304367675621	74.40471374432578	75.50176237936107	75.47084291559986	25.839122630283683
2018-02-07	62.75	66.80000305175781	62.5	65.9000015258789	62.181644439697266	2849731	64.89101025078075	67.76650957981576	69.12392453880997	70.62685406396216	71.17877969836917	71.86258739654082	74.32008974215218	75.43796330392264	75.41854323587461	41.11376993909086
2018-02-08	66.8499984741211	68.5	66.19999694824219	67.6500015258789	63.83290100097656	1496569	65.81067400914681	67.7498655721105	68.98355091853082	70.5101147487432	71.08591711488258	71.77916985454752	74.25372070517433	75.38621604958348	75.376092188279	45.43619522572327
2018-02-09	66.0	68.25	65.3499984741211	67.6500015258789	63.83290100097656	1097178	66.42378318139085	67.7355992797917	68.85654621446874	70.39795344588578	70.99549828359301	71.69740414506893	74.18801205662413	75.33481263082132	75.33387311362108	45.43619522572327
2018-02-12	68.4000015258789	72.4000015258789	68.25	71.8499984741211	67.79591369628906	1636325	68.23252161230093	68.32337059326733	69.1416369058642	70.45489638816952	71.01798513071216	71.70042581495115	74.16474823988281	75.31165771948112	75.31483554728501	54.692968824374546
2018-02-14	70.19999694824219	70.5999984741211	67.3499984741211	68.0	64.16314697265625	2267389	68.15501440820061	68.27717479422914	69.03290958149618	70.35862594157463	70.93856446937764	71.62715005623924	74.10340746137652	75.26307527616231	75.27486376833811	46.847209397063025
2018-02-15	69.5999984741211	69.5999984741211	65.4000015258789	65.94999694824219	62.22880935668945	989790	67.42000858821447	67.944720816231	68.73929885451962	70.18573853007139	70.80728637671618	71.51473118281356	74.02227899855926	75.20119435703992	75.22390821194413	43.286514669527485
2018-02-16	66.1500015258789	67.44999694824219	64.5	64.8499984741211	61.19088363647461	889324	66.56333855018335	67.50261762450101	68.36888929448166	69.97649382199491	70.65051564243736	71.38275627769094	73.93101252567928	75.13241564685441	75.16722018058991	41.46531226740754
2018-02-19	65.0	65.3499984741211	63.5	64.4000015258789	60.766273498535156	675188	65.84222620874853	67.05938675326928	67.99089998318617	69.75780784959821	70.48602842884371	71.24448390636793	73.836176595333	75.06110392512035	75.10838292018165	40.710712839366906
2018-02-20	64.30000305175781	65.4000015258789	63.849998474121094	64.9000015258789	61.23806381225586	929739	65.52815131445865	66.75090314935638	67.69652870153786	69.5673056408249	70.33902772087094	71.1188505919028	73.7472594304628	74.99358829456061	75.05259941529475	41.97427674890326
2018-02-21	65.1500015258789	65.55000305175781	64.5	65.0	61.33241653442383	1194119	65.35210087630577	66.50077412801976	67.43971644424853	69.38819561569451	70.19852699137434	70.9976852336473	73.66022202319452	74.92718571453031	74.99766717805271	42.23940784859034
2018-02-22	64.94999694824219	65.30000305175781	63.75	64.19999694824219	60.57755661010742	636195	64.9680662336179	66.17209167376582	67.13117173034317	69.18473684442188	70.0406709376077	70.8630775448274	73.56609043040892	74.85590871276095	74.93866351559473	40.639583461594576
2018-02-23	64.9000015258789	64.9000015258789	63.25	63.400001525878906	59.82270431518555	851328	64.44537799770491	65.77607879549626	66.77582218706085	68.95788447898882	69.8659164794043	70.71529386128387	73.464935316931	74.77978972813051	74.87561071783672	39.04692775523168
2018-02-26	64.0	64.3499984741211	62.599998474121094	62.849998474121094	59.30373001098633	785150	63.91358482317697	65.35806732101409	66.40193421439993	68.71835953762145	69.68128705821265	70.5595454377757	73.3593140548135	74.70052201215702	74.80989698972898	37.94589624144659
2018-02-27	63.04999923706055	65.5	62.95000076293945	63.95000076293945	60.34166717529297	2542269	63.92572346976446	65.15691495557486	66.16841674283226	68.53136507586922	69.53046373465283	70.42866336500666	73.26568904693416	74.6290899772785	74.75055329450062	41.49885695512615
2018-02-28	63.599998474121094	65.19999694824219	63.04999923706055	64.5	60.86063003540039	1500339	64.11714897984298	65.06306996192131	66.00951991018157	68.37327232779592	69.3980831100567	70.31126409045207	73.1784682603975	74.56178705384143	74.69453934207165	43.24850378945882
2018-03-01	64.55000305175781	65.25	63.5	63.900001525878906	60.29448699951172	542797	64.04476649518828	64.89691732820097	65.80861339739084	68.19784994340701	69.25339675257834	70.18430839610409	73.08614520831273	74.4909446250842	74.63555279662798	41.78048288189122
2018-03-05	63.79999923706055	64.9000015258789	63.04999923706055	64.0999984741211	60.48320388793945	747955	64.06317715483256	64.78307177761813	65.64588816660324	68.03714988578795	69.11778100840841	70.06382701151037	72.99673081294763	74.42190179351634	74.57798146153232	42.48133733912408
2018-03-06	64.69999694824219	64.94999694824219	63.0	63.400001525878906	59.82270431518555	759047	63.84211861184801	64.58549031308395	65.43199420081997	67.8553009304974	68.96731312728922	69.93187007120083	72.9012409692952	74.34866657579117	74.51689960396044	40.637414390196575
2018-03-07	62.400001525878906	63.20000076293945	58.75	60.650001525878906	57.227867126464844	1752200	62.77807958319164	64.02327762919752	64.97656632701606	67.57274016953197	68.74843650619947	69.74807069406575	72.7793380892612	74.2576455455592	74.44112420462666	34.332597451046844
2018-03-08	61.29999923706055	62.20000076293945	60.0	60.599998474121094	57.180686950683594	1165894	62.052052546834794	63.53423774990089	64.55975034102606	67.29929931873154	68.53400392640793	69.56692074911635	72.65815063040408	74.1668970600347	74.3654896377933	34.22860922554148
2018-03-09	61.0	61.349998474121094	60.099998474121094	61.04999923706055	57.60529708862305	943931	61.718034776910045	63.17934653378084	64.22548833112458	67.05422872729346	68.337056434583	69.39826883798654	72.54264663644047	74.07974159277241	74.29272739516635	36.104255183637804
2018-03-12	61.75	62.0	60.5	60.75	57.32222366333008	685534	61.39535651794003	62.832297028955004	63.89448944244605	66.80700407132117	68.13739705472555	69.22701598970957	72.4253068689137	73.99117188119253	74.21872342032938	35.37988291616423
2018-03-13	60.599998474121094	63.20000076293945	60.5	62.20000076293945	58.69041061401367	1157628	61.66357126627317	62.741968990952785	63.733109568207325	66.62633727491405	67.98114978388908	69.08786717333788	72.32356252955077	73.912825229244	74.15304734023435	41.49021343525796
2018-03-14	62.54999923706055	62.54999923706055	61.150001525878906	61.400001525878906	57.935550689697266	562755	61.57571468614175	62.55025935308509	63.51090880227129	66.42138293181463	67.80796167183618	68.93563221002186	72.2148703802605	73.82968354350736	74.08335856529251	39.28317657419727
2018-03-15	61.400001525878906	62.400001525878906	60.95000076293945	61.5	58.0299072265625	664690	61.550476457427834	62.40022230264436	63.319393678245454	66.22838752272386	67.64196268047208	68.78839196823925	72.10825475458627	73.7477587359093	74.0145970430778	39.714857335981975
2018-03-16	61.95000076293945	62.150001525878906	59.400001525878906	60.400001525878906	56.99197006225586	1443780	61.16698481357819	62.11447647739215	63.04135633040102	65.99982336598485	67.4513847553512	68.62228522680637	71.99175472245983	73.65906931923136	73.9402003462625	36.62974527376978
2018-03-19	60.349998474121094	60.349998474121094	58.5	58.79999923706055	55.48225021362305	706231	60.37798962140564	61.64097972877335	62.63741755960669	65.71747732171332	67.22371671539618	68.42778451413814	71.86049347384889	73.56033795655914	73.85746700686795	32.6560480908277
2018-03-20	58.95000076293945	59.45000076293945	58.29999923706055	58.54999923706055	55.24635696411133	643400	59.768659493290606	61.199411087100096	62.248139624126104	65.43639974976615	66.99546099228209	68.23218480568116	71.72805074512463	73.46060148666214	73.77381964200562	32.07062164625293
2018-03-21	59.0	60.5	59.0	60.0	56.614540100097656	1070555	59.84577299552707	61.0280666460858	62.03403108849505	65.2232076027165	66.81136991353783	68.06917124517263	71.61135372278508	73.37116227412618	73.69855286800559	38.91106383615052
2018-03-22	60.29999923706055	61.400001525878906	59.54999923706055	60.04999923706055	56.661720275878906	1083480	59.91384840937156	60.888342730510765	61.84507567407272	65.02033668641627	66.63343910626212	67.91037575986347	71.49631536969329	73.28264956291643	73.6239706077272	39.13865109260538
2018-03-23	59.5	59.95000076293945	58.04999923706055	59.349998474121094	56.00121307373047	987826	59.725898430954736	60.66857926531224	61.607449274077325	64.79797048201254	66.44176961594262	67.74086333836362	71.37545649511048	73.19007380817361	73.54597076000258	37.05714741417691
2018-03-26	59.25	59.900001525878906	58.04999923706055	59.20000076293945	55.85968017578125	2879580	59.550599208282975	60.45878233640184	61.37816846349276	64.57844225773516	66.2511967513899	67.57173734677107	71.25430768185505	73.09711651219199	73.4675774813301	36.60786795073361
2018-03-27	60.0	60.79999923706055	59.29999923706055	59.54999923706055	56.1899299621582	668903	59.5503992178755	60.328956179353085	61.204057108594455	64.38124841378713	66.07484944838123	67.41289104756889	71.13784690130983	73.00710244391868	73.39152514119748	38.48205362378491
2018-03-28	59.400001525878906	59.95000076293945	57.400001525878906	58.04999923706055	54.774566650390625	1092590	59.05026589093718	60.003390901882725	60.903670644638844	64.13296413234687	65.86366917966227	67.22748724934101	71.00761956136705	72.90771969835816	73.30769166631148	33.86150726100246
2018-04-02	58.599998474121094	59.25	57.45000076293945	57.70000076293945	54.444313049316406	916576	58.60017751493794	59.67433516774797	60.59855922733414	63.88069105903678	65.64883580027482	67.03882415060039	70.87520544396976	72.80667173200986	73.22240373787776	32.86978174439881
2018-04-03	57.900001525878906	59.150001525878906	57.70000076293945	58.0	54.72739028930664	1227357	58.40011834329196	59.43514442949826	60.35107739615946	63.65007572338828	65.447550647636	66.85983753375682	70.74709394701483	72.70828853113272	73.139221203791	34.636863996997114
2018-04-04	58.45000076293945	59.04999923706055	57.400001525878906	57.79999923706055	54.538673400878906	1179384	58.20007864121482	59.20155225915001	60.108117571483376	63.42066095921856	65.24629929472613	66.68043479520837	70.61826713398047	72.60923013050765	73.0554003187269	33.99440947138998
2018-04-05	58.45000076293945	59.29999923706055	58.099998474121094	58.650001525878906	55.34071350097656	626612	58.35005293610285	59.12275929725414	59.9692493766639	63.23357627555818	65.07271251133541	66.52141631462759	70.49917991399936	72.51647778097524	72.97668229253647	39.15941001335361
2018-04-06	58.650001525878906	59.70000076293945	58.5	58.79999923706055	55.48225021362305	788740	58.500035036422084	59.076650717226485	59.857892220511204	63.05971050934259	64.9076411093808	66.36851696655695	70.38277015601986	72.42533838865687	72.89921407911856	40.05091025291936
2018-04-09	59.0	59.29999923706055	58.70000076293945	58.95000076293945	55.62378692626953	993765	58.65002361192787	59.05855786661405	59.771426367409134	62.89854542124834	64.75086110026393	66.22161565559423	70.26901125658623	72.3358012615757	72.82298886974054	40.98224638132864
2018-04-10	59.25	59.45000076293945	57.75	58.04999923706055	54.774566650390625	908708	58.4500154869721	58.91447806239212	59.607480926423555	62.70840635520176	64.57452263017963	66.05980146908861	70.14742904743672	72.24087898898756	72.74226215043628	37.24365183996545
2018-04-11	58.599998474121094	58.599998474121094	57.75	57.849998474121094	54.585853576660156	464688	58.250009816021766	58.76240954978197	59.44010164525189	62.51788055594369	64.39756146817808	65.89723111275262	70.0250665541699	72.14525852045024	72.66088366040177	36.447934863302166
2018-04-12	57.79999923706055	58.20000076293945	57.45000076293945	57.599998474121094	54.34995651245117	471065	58.03333936872154	58.59635082468756	59.264853724191816	62.3250224350879	64.21867823149238	65.73292947634408	69.90143403596045	72.04861227429522	72.57858374135105	35.42897291149683
2018-04-13	57.79999923706055	58.099998474121094	56.95000076293945	57.150001525878906	53.92535400390625	524640	57.73889342110733	58.38972949628633	59.063439229114394	62.12208043864833	64.03266042344991	65.56297050702794	69.774554110487	71.94961818294362	72.49427454891678	33.607687873907096
2018-04-16	56.75	56.95000076293945	54.75	55.20000076293945	52.08537292480469	1009270	56.8925958683847	57.93405396295106	58.6954927085263	61.85062633371857	63.800222011331215	65.35776318536283	69.62953367916812	71.83832504394027	72.3997703205781	27.10517199958612
2018-04-17	55.099998474121094	55.150001525878906	51.5	52.5	49.53772735595703	2584821	55.4283972455898	57.15776053967234	58.10544578390475	61.483935104945296	63.50284774787513	65.10315401337544	69.45909055798236	71.70983118982771	72.29102840625801	21.03610529360904
2018-04-18	52.900001525878906	52.95000076293945	51.0	51.75	48.83004379272461	11556420	54.2022648303932	56.385223319719145	57.50016523305668	61.10221215965333	63.19356228082579	64.83873512202148	69.28288070168404	71.57720772677237	72.17878234939322	19.71553828779217
2018-04-19	52.25	52.650001525878906	50.54999923706055	52.04999923706055	49.11310958862305	3787970	53.48484296594898	55.76590559362506	56.98110180486657	60.74722341759087	62.90031062177933	64.58549282726977	69.1114092443246	71.44745883315302	72.0687889990526	21.829426299814305
2018-04-20	52.0	59.20000076293945	52.0	58.04999923706055	54.774566650390625	11866835	55.00656172298617	56.09220468554441	57.082901560313616	60.64144992031517	62.772670848497256	64.45607711261216	69.0013454631578	71.3584391680627	71.99218359051713	50.11796119797347
2018-04-23	58.04999923706055	60.900001525878906	58.04999923706055	60.20000076293945	56.80325698852539	6269485	56.737708069637264	56.67903269660084	57.37976815103988	60.624138188653376	62.70496900414047	64.37179837301468	68.9137698940014	71.28429672018812	71.92774543298938	56.230368025395904
2018-04-24	60.0	62.0	59.79999923706055	60.150001525878906	56.756072998046875	5761135	57.87513922171781	57.17488538649771	57.64359990102455	60.60554459403477	62.63773301787043	64.28819843544764	68.8265682186967	71.21031469231896	71.86338617666638	56.058332742457125
2018-04-25	59.5	60.400001525878906	58.04999923706055	58.29999923706055	55.01046371459961	1460992	58.01675922683206	57.335615936578115	57.70611412350417	60.515131050624014	62.52358212890175	64.16962023349939	68.72182623877993	71.12453186537373	71.78926930814394	49.9668609374706
2018-04-26	58.349998474121094	59.29999923706055	56.54999923706055	56.650001525878906	53.45355987548828	1140909	57.56117332651434	57.23767102076394	57.605531971349386	60.36355734377126	62.36901421829589	64.02071689275442	68.6017085799451	71.02835558404819	71.7065410688966	45.24465323960566
2018-04-27	57.0	57.849998474121094	56.04999923706055	57.099998474121094	53.878170013427734	945356	57.40744837571659	57.21800351410068	57.55738592399431	60.23557464300067	62.230355909238654	63.88367296367257	68.48726370327023	70.93580836072641	71.62672389624755	46.72345507397946
2018-04-30	58.0	58.400001525878906	57.099998474121094	57.25	54.01970672607422	483346	57.35496558381106	57.22257444065772	57.52811107409009	60.118493284451624	62.09929391162711	63.75231310300579	68.37545013408347	70.84487275700066	71.54816256348117	47.23501913194208
2018-05-02	57.75	61.29999923706055	57.349998474121094	60.04999923706055	56.661720275878906	3285689	58.25331013489422	57.62649226871527	57.7682908991349	60.11580724337746	62.04536510440167	63.678999957145486	68.2926098266504	70.7731460226489	71.48533106989417	55.77206398998463
2018-05-03	60.0	61.29999923706055	58.0	60.29999923706055	56.897613525390625	1432751	58.93553983561633	58.00842183562174	58.00940597893734	60.12303045881601	61.99943442368217	63.61208905179727	68.21308136307239	70.70355700746227	71.42420903802076	56.449582062913116
2018-05-04	60.70000076293945	61.04999923706055	58.29999923706055	59.599998474121094	56.23711013793945	958637	59.15702604845125	58.235789926835935	58.16089097847865	60.10251940059268	61.93629137237793	63.532641713625466	68.12737904576939	70.62977920989853	71.35959586554044	53.95718799902027
2018-05-07	59.54999923706055	60.400001525878906	58.79999923706055	59.099998474121094	55.76531982421875	1142882	59.13801685700786	58.35924829073382	58.250329787587454	60.063204854456544	61.861652085581696	63.44486659997192	68.03755436346442	70.5531693711226	71.2926035300682	52.18481036352387
2018-05-08	59.099998474121094	59.599998474121094	57.5	58.54999923706055	55.24635696411133	814009	58.94201098369209	58.38649842592335	58.27886973515632	60.003863457695914	61.774503326410084	63.34793853337961	67.94315082986836	70.4734140878398	71.22297181262007	50.23025012366781
2018-05-09	58.29999923706055	59.25	56.79999923706055	57.29999923706055	54.06688690185547	817160	58.39467373481491	58.23128425608581	58.18564397343291	59.8978295666906	61.65675321879562	63.22817735919507	67.83724882396977	70.38588309215356	71.14688999526729	46.012210477240814
2018-05-10	57.54999923706055	62.599998474121094	56.650001525878906	60.849998474121094	57.41657638549805	4161169	59.21311531458364	58.605386287233706	58.4393920211175	59.93516952384474	61.63552283077787	63.181084708005486	67.7677239448668	70.3225217325653	71.09062282848507	57.04452778645817
2018-05-11	60.75	66.9000015258789	60.650001525878906	65.9000015258789	62.181644439697266	7408477	61.442077385015395	59.647474178468734	59.1499262596662	60.16908450431667	61.74774595433316	63.23492464499308	67.7491396421903	70.2931362162418	71.06225877765115	67.28582976119499
2018-05-14	66.25	67.55000305175781	63.099998474121094	66.4000015258789	62.65342712402344	3007110	63.094718765303234	60.61212094238447	59.84040961835313	60.41343419143676	61.87017373253173	63.29759943471359	67.7357153823265	70.26726821165468	71.03678196206769	68.09685290507913
2018-05-15	66.0	68.94999694824219	64.5	64.80000305175781	61.14371109008789	2590406	63.663146860788096	61.21038981515209	60.312751850105954	60.58545649968464	61.947274504090316	63.327350001387735	67.70650431436064	70.23094086839956	71.00270120299496	62.7369720044761
2018-05-16	64.5999984741211	66.9000015258789	63.150001525878906	64.94999694824219	61.28523254394531	2006759	64.09209688993946	61.74461940559353	60.75439424040464	60.75661494864768	62.02629351577853	63.359481624097725	67.67907638036941	70.19585154002642	70.96962631635697	63.03074206549427
2018-05-17	64.3499984741211	67.3499984741211	62.900001525878906	65.0999984741211	61.426780700683594	3983054	64.42806408466667	62.22395927252604	61.1682613102824	60.92694371435252	62.10718048836649	63.393947304296205	67.65341391364058	70.16199205121642	70.93755184727371	63.341988984524434
2018-05-18	64.69999694824219	65.9000015258789	62.5	62.849998474121094	59.30373001098633	1415146	63.902042214484815	62.31339344418247	61.32842675445752	61.002357626500306	62.126728330096874	63.383176040332344	67.6056187351379	70.11340737628555	70.8933575665461	55.758840091617735
2018-05-21	62.400001525878906	64.8499984741211	60.0	62.349998474121094	58.831947326660156	2078637	63.384694301030244	62.31862273417371	61.425719299187385	61.05520628719132	62.13260386020278	63.36271707862519	67.55332400617256	70.06182326397881	70.84667254418312	54.20582382114525
2018-05-22	61.5	65.0999984741211	61.099998474121094	64.05000305175781	60.4360237121582	2238384	63.6064638846061	62.565962779542865	61.67565108514648	61.17264929756647	62.18306173366475	63.37632670185554	67.51846509120325	70.02187761472817	70.80953227373271	58.44383861934283
2018-05-23	63.5	65.0	61.400001525878906	62.0	58.50169372558594	729419	63.07097592307073	62.48511095389389	61.70654145798967	61.205094423152104	62.178244319620944	63.34907270775939	67.46355499079327	69.96857610233795	70.76139275311122	52.173496192917355
2018-05-24	62.099998474121094	63.5	61.04999923706055	61.54999923706055	58.07707977294922	619787	62.56398369440067	62.35152356577484	61.69163267504404	61.21862010212891	62.161711554290406	63.31344749051783	67.40471364000986	69.9126387145288	70.71105726941695	50.88296541876859
2018-05-25	61.0	62.54999923706055	60.5	61.599998474121094	58.12425994873047	459027	62.24265528764081	62.24416283839573	61.682905608289474	61.23357611671684	62.14692963112805	63.279517807024824	67.34695528015027	69.85740522455932	70.66127006288528	51.02790996371308
2018-05-28	62.0	63.25	61.79999923706055	62.400001525878906	58.87912368774414	405380	62.29510403372017	62.266425508036185	61.75120045758371	61.27931828962516	62.15358941783202	63.26210164304174	67.29773185970976	69.80785436941858	70.6161265189672	53.39759702390603
2018-05-29	62.400001525878906	63.5	60.849998474121094	61.45000076293945	57.982723236083984	437499	62.01340294345993	62.1497934015938	61.72251477237949	61.28601171995121	62.1350739269138	63.226218457297136	67.23954548063742	69.75232045841207	70.56603840008181	50.28584416855556
2018-05-30	61.04999923706055	63.29999923706055	60.599998474121094	62.150001525878906	58.643226623535156	4007687	62.058935804266255	62.14982313363453	61.763227796522294	61.319893673124845	62.13546675846551	63.20490723093242	67.18890325223187	69.70180671135205	70.52004912754518	52.48314884000131
2018-05-31	62.099998474121094	63.0	61.04999923706055	62.70000076293945	59.162200927734375	707845	62.27262412382399	62.228419937820945	61.85244426951441	61.374015519784244	62.15032291647798	63.19490908305137	67.144237555821	69.65528308378785	70.47731662282055	54.19616062126378
2018-06-01	62.25	62.849998474121094	60.400001525878906	61.75	58.26579666137695	430907	62.09841608254933	62.160074232417955	61.842687672417796	61.38876000920447	62.139788102886456	63.16629702200085	67.09056355029044	69.60275628588893	70.42962636805105	50.79020332513782
2018-06-04	61.900001525878906	62.0	58.0	58.650001525878906	55.34071350097656	2078305	60.94894456365919	61.658635274340945	61.53862232512838	61.28135771574072	62.04795161401783	63.07686542801824	67.00657785850525	69.52998050675265	70.36525683339437	41.602407245123466
2018-06-05	58.70000076293945	59.0	55.29999923706055	56.650001525878906	53.45355987548828	1807468	59.51596355106576	60.9431161674178	61.07303939186652	61.09973590437359	61.905900295908914	62.94960079629271	66.90352734773285	69.44439925106578	70.29031008308007	36.95740370653351
2018-06-06	56.70000076293945	57.099998474121094	55.70000076293945	56.349998474121094	53.17049026489258	1939653	58.46064185875087	60.28695649694684	60.62322597112886	60.91347169142251	61.759692353230285	62.81891560179426	66.79851711018448	69.3573932658369	70.21413351691089	36.302637691381015
2018-06-07	56.70000076293945	59.20000076293945	54.5	55.29999923706055	52.17973709106445	5431065	57.407094318187426	59.5745340312488	60.11625199645569	60.69333551674165	61.589700429120555	62.67002616882924	66.68410399701906	69.26398865435002	70.13263551538165	34.030174555058565
2018-06-08	55.29999923706055	57.150001525878906	54.650001525878906	56.150001525878906	52.98177719116211	1457511	56.98806338741792	59.08531510191025	59.73851385640076	60.51516555631566	61.44655045798262	62.54091676995893	66.57928705700772	69.17685252725055	70.05622767937344	37.444015805535415
2018-06-11	56.5	57.5	56.5	56.849998474121094	53.642276763916016	396195	56.94204174965231	58.765984155083224	59.4634171533265	60.37143351387665	61.32558856367047	62.4282253185562	66.48247821538696	69.094946520253	69.98406249245949	40.18899962026792
2018-06-12	57.20000076293945	57.400001525878906	56.54999923706055	56.849998474121094	53.642276763916016	454015	56.91136065780857	58.492271914945775	59.214520136259324	60.233338022121536	61.20780987710339	62.31776538104263	66.38663264582213	69.01358473921559	69.91229165082922	40.18899962026792
2018-06-13	56.900001525878906	58.75	56.099998474121094	57.900001525878906	54.633033752441406	954267	57.240907613832015	58.407661859364794	59.08932788765166	60.14183463011202	61.12076228891327	62.23028490866315	66.30218855507643	68.93974033248246	69.84665072118469	44.43096902437374
2018-06-14	58.0	59.79999923706055	57.70000076293945	58.900001525878906	55.57661056518555	2863184	57.79393891784765	58.477996097438236	59.071296805578065	60.093135292691116	61.06232121620184	62.164338703063464	66.22853495279585	68.8730311045316	69.78683296601908	48.19903451035108
2018-06-15	58.900001525878906	59.400001525878906	58.099998474121094	58.650001525878906	55.34071350097656	1154791	58.07929312052473	58.50256830150119	59.03117344560672	60.03654181163966	60.998839119088075	62.09474786787169	66.1531266599907	68.8051039976967	69.72597596361393	47.33487962907984
2018-06-18	59.150001525878906	59.79999923706055	57.75	58.349998474121094	55.057640075683594	718610	58.169528238390185	58.480772611875466	58.96629963879857	59.970402857227164	60.92913278632579	62.020594414530095	66.07548359346464	68.73563485800517	69.66381215219594	46.262972571762795
2018-06-19	58.0	58.150001525878906	57.150001525878906	57.349998474121094	54.11406326293945	311306	57.89635165030049	58.31923344933913	58.81236619454357	59.86764190102693	60.83494504126777	61.92810736620516	65.98866284600848	68.65998278900926	69.59652355286221	42.78499816597937
2018-06-20	57.599998474121094	58.849998474121094	57.400001525878906	58.45000076293945	55.15200424194336	359513	58.08090135451348	58.33791449413918	58.77785520105746	59.81204813090585	60.77218334973281	61.85923396812069	65.91365128299287	68.59214237687591	69.53561359226154	47.46375177148106
2018-06-21	58.45000076293945	59.400001525878906	57.5	57.849998474121094	54.585853576660156	584698	58.00393372771602	58.26821220556516	58.68948789373019	59.73510500711037	60.695283747743034	61.77984316625931	65.83341593166081	68.52076600542904	69.47175777194383	45.28829608402248
2018-06-22	57.70000076293945	58.150001525878906	57.400001525878906	57.70000076293945	54.444313049316406	433280	57.902622739457165	58.18703914233292	58.59525102413107	59.65529699753504	60.616460511300836	61.69905420777773	65.75248642749443	68.44886723305369	69.40743123091102	44.73626402647949
2018-06-25	57.29999923706055	57.650001525878906	56.599998474121094	56.79999923706055	54.20573425292969	241061	57.535081571991626	57.98889058443687	58.42427466345769	59.54332453633996	60.51602731987346	61.60204321825857	65.66340695296275	68.37146611680124	69.33853815990636	41.469969588437635
2018-06-26	56.400001525878906	56.70000076293945	55.04999923706055	55.25	52.72652816772461	391131	56.773387714661084	57.59762050094589	58.12196279074743	59.37495886824819	60.377447653561	61.47626018423365	65.55979096338103	68.28428029542715	69.26155161258447	36.52404580837308
2018-06-27	55.150001525878906	55.5	53.45000076293945	54.0	51.53361892700195	1459240	55.84892514310739	57.08367471509647	57.72939490591434	59.164176167532574	60.20962008373045	61.32821542811021	65.4447681677255	68.18936813399574	69.1781551556851	33.09595847505695
2018-06-28	53.900001525878906	53.900001525878906	52.25	52.5	50.10213088989258	646299	54.73261676207159	56.42886404151126	57.23135729582726	58.902835925668555	60.00673534468491	61.15339928101892	65.31596450436504	68.0851198407466	69.08701769581798	29.51586443218262
2018-06-29	53.0	55.29999923706055	52.5	54.150001525878906	51.67677307128906	657912	54.5384116833407	56.10331225356378	56.937894841546466	58.71645026293171	59.852610770505805	61.01471813735278	65.20486039512637	67.99252769247505	69.00539465663798	37.52202322306697
2018-07-02	54.0	54.150001525878906	52.0	52.54999923706055	50.14984893798828	543271	53.875607534580645	55.59569610834903	56.52000002207161	58.47462865407402	59.66043678278356	60.84709994130739	65.0789413786282	67.8899195299806	68.91547446308837	33.54317042837969
2018-07-03	52.25	53.0	52.0	52.25	49.863548278808594	683568	53.333738356387094	55.117739521442026	56.11333335330289	58.23052556960052	59.46542528849979	60.67686033850922	64.9512902206319	67.78599979888439	68.82440629662341	32.84000253024197
2018-07-04	52.5	52.75	51.0	51.29999923706055	48.956939697265625	2616354	52.655825316611576	54.57234805224467	55.65492058032743	57.95874022322641	59.25054565556717	60.49117992065875	64.81545647950185	67.67645826691214	68.72864450941269	30.64892069052813
2018-07-05	51.0	52.25	50.95000076293945	51.099998474121094	48.766075134277344	731643	52.137216369114746	54.07629811251273	55.221118474974446	57.68976995855561	59.03605757184491	60.3052159316184	64.67898426054283	67.56631567692682	68.63231311031274	30.192208420106738
2018-07-06	51.20000076293945	52.150001525878906	51.099998474121094	51.900001525878906	49.529537200927734	1233942	52.0581447547028	53.76539860013647	54.904821622679634	57.4627202160977	58.84826662326685	60.13877604239583	64.5518302034815	67.46222056628862	68.54087971367649	34.40293077001182
2018-07-09	52.70000076293945	52.900001525878906	50.95000076293945	51.849998474121094	49.48181915283203	1377583	51.98876266117556	53.4917700107057	54.61388608472168	57.24261348111823	58.66410167197354	59.974641833123066	64.42544381811473	67.35848487132405	68.44967271236744	34.263814486513795
2018-07-10	51.849998474121094	52.25	50.849998474121094	51.04999923706055	48.71835708618164	1696600	51.67584151980389	53.142945614470676	54.274468289706334	56.9997658637042	58.4637305552653	59.79791623716143	64.29235481730822	67.2501228405316	68.35459252944227	32.03206613170946
2018-07-11	50.70000076293945	53.5	50.70000076293945	52.79999923706055	50.388431549072266	1532382	52.05056075888944	53.09395327484066	54.13404266564483	56.835069133247586	58.31468499425991	59.65934362329805	64.17800302048984	67.15410873020953	68.26959475188828	41.07378895341338
2018-07-12	53.20000076293945	54.29999923706055	52.0	53.54999923706055	51.10417556762695	1814080	52.55037358494648	53.15910269801493	54.07841948197014	56.70624286280888	58.189298526965196	59.53836650673889	64.07225173906268	67.06371597610223	68.18915980371982	44.48246104814571
2018-07-13	53.54999923706055	54.0	51.54999923706055	52.400001525878906	50.00669860839844	801088	52.500249565257285	53.050659673424065	53.91857015281859	56.537370653517506	58.03694860588398	59.39701274474166	63.95610994589667	66.9662826574961	68.10288025028899	40.60394709982534
2018-07-16	53.25	53.25	50.95000076293945	51.400001525878906	49.05237579345703	515684	52.13350021879783	52.8148513666319	53.67870647406243	56.33590519753168	57.86229210377858	59.2386560869424	63.831173543707436	66.86285221808336	68.01160768895342	37.53884357539854
2018-07-17	51.650001525878906	52.25	51.0	51.900001525878906	49.529537200927734	546082	52.05566732115819	52.68415853223861	53.50930600280686	56.161948190800196	57.70538972014964	59.09333619464411	63.7124554141768	66.76343128325144	67.92356612522077	39.97855267192348
2018-07-18	51.95000076293945	52.29999923706055	48.79999923706055	50.04999923706055	47.764034271240234	949085	51.38711129312564	52.30785006149889	53.179848215592926	55.92226391810453	57.50393207585782	58.91426021528602	63.576510576593556	66.65237857862559	67.82589636080459	34.59436345975877
2018-07-19	50.400001525878906	50.75	49.0	50.04999923706055	47.764034271240234	411563	50.941407274437275	51.985299943721984	52.88176736049461	55.69197902865182	57.30777594852105	58.73873029492512	63.44191842396139	66.54206376572482	67.72876031094806	34.59436345975877
2018-07-20	50.29999923706055	50.849998474121094	50.099998474121094	50.25	47.954898834228516	302518	50.71093818295818	51.7373999517617	52.63112284997131	55.47856808635175	57.122045002507335	58.570636625718684	63.310655554071225	66.43381085033795	67.63324795952211	35.68045138996086
2018-07-23	49.54999923706055	50.5	49.0	49.900001525878906	47.62088394165039	738649	50.44062596393176	51.47491446234987	52.371016057200606	55.25980077025478	56.93199122680659	58.3989408811674	63.17721621050712	66.32395165216879	67.53634497354592	34.597730287313574
2018-07-24	50.54999923706055	52.400001525878906	49.95000076293945	51.45000076293945	49.100093841552734	772388	50.777084230267654	51.471355362434096	52.28330031489002	55.110396848399276	56.787728319862715	58.261338106549026	63.060527499586044	66.22512141370214	67.44844145326938	42.866270661269226
2018-07-25	51.25	52.099998474121094	51.25	51.650001525878906	49.290958404541016	484556	51.06805666213807	51.49687624292621	52.222986144508006	54.97469507104554	56.65252498317893	58.130420550496154	62.94698992770836	66.12827676328472	67.36211118044211	43.85266379225476
2018-07-26	51.900001525878906	52.599998474121094	51.29999923706055	52.20000076293945	49.815834045410156	396830	51.4453713624052	51.5973226029281	52.220797060549096	54.86588352955118	56.535353293172626	58.012986495297014	62.84005471213852	66.03573007889705	67.27925811805139	46.58381324401956
2018-07-27	52.400001525878906	57.79999923706055	52.25	56.45000076293945	53.87172317504883	9189626	53.11358116258328	52.29056234007258	52.623578365538656	54.92800577399778	56.53310717395596	57.982036282775084	62.77647208577833	65.97203752530264	67.22008184835133	61.975629452559055
2018-07-30	58.0	58.5	55.25	56.150001525878906	53.58542251586914	2663113	54.12572128368182	52.84191079518777	52.959428190332964	54.975927176032336	56.52302544637499	57.945758366796944	62.71053705533157	65.90677482763205	67.15958960615202	60.647184584842236
2018-07-31	55.400001525878906	57.25	53.849998474121094	56.900001525878906	54.301170349121094	1928106	55.05048136441418	53.421638042429365	53.33472088895639	55.05138107210475	56.53294586951983	57.92505031054114	62.65272078140667	65.84692915785295	67.10352628330901	62.79431157056541
2018-08-01	57.29999923706055	57.70000076293945	55.79999923706055	56.70000076293945	54.11030578613281	1212375	55.60032116392261	53.889975573930805	53.65522373409763	55.116032824686506	56.53734205092561	57.90079190365794	62.5934897364468	65.78615222499639	67.04667641707748	61.82557617870632
2018-08-02	56.25	58.95000076293945	56.0	57.849998474121094	55.20777893066406	2425964	56.35021360065544	54.455693131100844	54.054726090290345	55.22324716388002	56.5718856410097	57.89978609317206	62.54629081841371	65.73342030638592	66.99642134635094	65.15434407283955
2018-08-03	58.099998474121094	61.70000076293945	58.0	60.349998474121094	57.59359359741211	2891876	57.68347522514399	55.297736751532305	54.654275841131366	55.424296234869864	56.67130966293369	57.948305150220556	62.52443716324662	65.69765006165326	66.96010209568301	71.06191028590267
2018-08-06	61.900001525878906	65.0	61.0	64.55000305175781	61.601768493652344	4957770	59.972317834015264	56.61948908013595	55.59672605166722	55.7821670904341	56.87864369948169	58.079031841340104	62.544592047709415	65.69002450012572	66.94693215555228	77.85455385576118
2018-08-07	64.8499984741211	68.44999694824219	62.849998474121094	63.349998474121094	60.456573486328125	14034620	61.09821138071721	57.58099042213383	56.335132949043775	56.078944791755156	57.04894250934063	58.18340741822686	62.55260604200207	65.67447615443798	66.92727678024391	72.61028518981345
2018-08-08	63.650001525878906	64.6500015258789	61.20000076293945	63.70000076293945	60.79058837890625	2434473	61.96547450812462	58.45513475653463	57.03654893131955	56.3778097318016	57.223970358119544	58.29264689039938	62.564022904896966	65.66135671662072	66.90964139217121	73.17778819417549
2018-08-09	63.54999923706055	65.25	62.75	64.6500015258789	61.697200775146484	1942582	62.86031684737605	59.340115723583814	57.76163965461092	56.702209410000705	57.41939223095532	58.41853510100294	62.584778911075894	65.65463674857592	66.89729363333902	74.70949588836756
2018-08-10	64.80000305175781	66.80000305175781	63.900001525878906	66.0999984741211	63.08096694946289	3926824	63.94021072295773	60.30581325937485	58.55576906599284	57.07075015761327	57.647829237354415	58.57064328660924	62.61975622016092	65.65759596269915	66.89293682919029	76.879709167829
2018-08-13	66.4000015258789	66.6500015258789	63.900001525878906	64.4000015258789	61.458614349365234	1345299	64.09347432393146	60.890697297446856	59.11236263360104	57.35817177989819	57.82551798178927	58.686076123030425	62.637470103799906	65.64923985348439	66.87931423190443	69.36439297589553
2018-08-14	64.80000305175781	65.55000305175781	63.0	63.04999923706055	60.17027282714844	809969	63.74564929497449	61.19916900310596	59.48737564345432	57.58138069978691	57.96300433061219	58.77249044212013	62.641574871295035	65.63196915171413	66.85838901335337	64.01291006417793
2018-08-16	63.04999923706055	64.25	61.5	61.900001525878906	59.07280349731445	501528	63.13043337194263	61.29928793493067	59.717149537018564	57.7507383792415	58.06660951996132	58.83442135466981	62.63419603203716	65.60717202463216	66.83129399976062	59.78180571393135
2018-08-17	62.400001525878906	64.5	61.349998474121094	64.0999984741211	61.17231750488281	1118027	63.45362173933545	61.6993894405293	60.13456372150452	57.99972897119756	58.22538291349184	58.93869020852033	62.64878113096337	65.59715758243608	66.81636888759866	64.6020989823237
2018-08-20	63.75	65.0	63.54999923706055	63.900001525878906	60.981449127197266	827580	63.602415001516604	62.013762595579244	60.49317684573065	58.23111220863605	58.37471498223887	59.036933996982874	62.66123108514164	65.58588079800712	66.80043245392805	63.85286535988192
2018-08-21	64.44999694824219	65.75	64.0999984741211	65.05000305175781	62.07892990112305	1896398	64.084944351597	62.44751123217618	60.92716029392371	58.49851969268004	58.550380457752524	59.156004671334856	62.68499996043135	65.58232014853039	66.79086726593805	66.27491694541115
2018-08-23	65.0	69.6500015258789	64.5	66.5	63.462703704833984	5399437	64.88996290106466	63.026438199008155	61.457906932597645	58.81230323414357	58.75958097202219	59.30143032140743	62.72296015983004	65.58841768907172	66.78927782732636	69.08745037651093
2018-08-24	66.0999984741211	67.80000305175781	65.5	66.6500015258789	63.60585021972656	1695785	65.47664244266942	63.54409010284683	61.952392131957765	59.11966395146653	58.96722361817632	59.44694658288211	62.762035198298186	65.59547140227309	66.78851675464085	69.37201204928446
2018-08-27	67.0999984741211	67.75	65.0	65.3499984741211	62.3652229309082	940633	65.43442778648664	63.80207701302887	62.27597368835427	59.3639907954922	59.135191377543286	59.56383869954031	62.78778607666458	65.5938403529166	66.7806559990096	63.88339482936311
2018-08-28	65.30000305175781	71.25	64.5	68.30000305175781	65.18049621582031	5312365	66.38961954157703	64.44463787570443	62.84969077058318	59.71442264867908	59.37637063212788	59.73683205304957	62.84263400676501	65.61182150041721	66.78895844192078	69.73508262286143
2018-08-29	67.9000015258789	69.4000015258789	66.19999694824219	66.69999694824219	63.653560638427734	1201791	66.49307867713209	64.76683202892411	63.2163865970269	59.988366738858026	59.56909764044668	59.874716506419716	62.88101572757573	65.61905190206389	66.78847231354003	63.706165371851874
2018-08-30	66.6500015258789	71.5	66.55000305175781	69.19999694824219	66.03938293457031	4858007	67.39538476750212	65.4001413031124	63.786254249523594	60.34960713922603	59.82254235907288	60.05937552506967	62.94389116260724	65.64284555685578	66.8016500437843	68.31549699706497
2018-08-31	68.80000305175781	77.4000015258789	68.30000305175781	75.25	71.81305694580078	17030726	70.01358984500142	66.80726397409634	64.87803955909277	60.93393627102109	60.228528086465694	60.36017997011779	63.0663400067604	65.70668047009926	66.84781589053958	76.1946555163283
2018-09-03	75.94999694824219	77.19999694824219	73.69999694824219	74.5	71.09730529785156	4590260	71.50905989666761	67.90622626351116	65.79441674394107	61.465938770196736	60.60409313682186	60.640176406353085	63.18010776788716	65.76510784239096	66.88963110425247	73.74635976144906
2018-09-04	74.9000015258789	77.75	74.69999694824219	75.75	72.29021453857422	6701352	72.9227065977784	69.02676536872384	66.74256753023239	62.02609803411059	61.00266963322128	60.939380833950054	63.305181322435544	65.83145264078038	66.93804842062268	75.1779241955591
2018-09-05	75.0	75.30000305175781	72.0999984741211	74.94999694824219	71.52674865722656	3348360	73.59847004793299	69.87294130865503	67.52422747480476	62.53291759937065	61.36970456256394	61.21681877680732	63.42105013463262	65.89204097504923	66.98182956011787	72.45487615666593
2018-09-06	75.05000305175781	75.75	72.80000305175781	74.30000305175781	70.90644836425781	1761964	73.83231438254127	70.50537870052686	68.16953943451458	62.99437193083681	61.70997557543746	61.47589173274694	63.52929842236521	65.94790783270177	67.02181957919787	70.22908555133971
2018-09-07	74.5	78.25	73.30000305175781	76.0	72.52880096435547	4638832	74.55487625502751	71.2903246004516	68.91529758360842	63.50439656100008	62.086028849768056	61.76349783704898	63.65338500522724	66.01469914278348	67.0708806743935	72.59987395211495
2018-09-10	76.6500015258789	76.6500015258789	73.69999694824219	74.75	71.33589935302734	2351184	74.61991750335167	71.78456394324422	69.47098352802666	63.945400617431446	62.41929124845837	62.02065629572128	63.76379908477722	66.07274100894439	67.11284307507988	68.29336190829208
2018-09-11	75.0	75.4000015258789	72.0999984741211	73.0999984741211	69.7612533569336	1249943	74.11327782694148	71.97248316194091	69.81660399908327	64.30440445494868	62.70036249123897	62.24004921014504	63.85669659113885	66.1194337495768	67.14555977124951	62.982458251477325
2018-09-12	73.19999694824219	73.55000305175781	67.55000305175781	70.05000305175781	66.8505630493164	3192275	72.75885290188026	71.69784314620047	69.83883248029036	64.52972204698041	62.89377408493684	62.394701761464106	63.91832153104551	66.14555048912618	67.16143104600638	54.53939956308139
2018-09-14	70.75	72.0	70.5	71.25	67.9957504272461	1136697	72.25590193458684	71.63386555388611	69.97322938692938	64.79326235886353	63.11367476691218	62.570054201831155	63.99127355561222	66.17946709717185	67.1837729528588	56.98276448817682
2018-09-17	70.75	73.44999694824219	68.80000305175781	71.1500015258789	67.90032196044922	2167670	71.88726846501753	71.56474212131366	70.0853029239722	65.0425462477661	63.32515705004289	62.739954148842	64.06250467969447	66.21249390400712	67.20544633303923	56.709234549615076
2018-09-18	71.05000305175781	71.69999694824219	68.6500015258789	69.0	65.84851837158203	1099144	70.92484564334502	71.19835038969742	69.98194074073675	65.19774051255958	63.47449502241018	62.86391545282533	64.11163398636418	66.23101553919643	67.21525263723028	51.03673682792158
2018-09-19	69.05000305175781	70.5	67.25	68.30000305175781	65.18049621582031	830470	70.04989811281595	70.78430076999176	69.82175619892922	65.31939786703794	63.60148207581407	62.971560751814096	64.1533093004477	66.24476296452907	67.22118023512387	49.30741877722483
2018-09-21	68.30000305175781	69.4000015258789	56.54999923706055	63.95000076293945	61.02916717529297	2736989	68.01659899619045	69.80797219755571	69.26254139550163	65.26569601981839	63.610653620212105	62.99093580153935	64.15128632992523	66.22951537514975	67.20330493746165	40.19314640262771
2018-09-24	66.5	66.80000305175781	61.0	61.599998474121094	58.7864990234375	1719410	65.87773215550067	68.63540452277934	68.5327754029892	65.12194317488908	63.557741642683396	62.96339248812513	64.12590038111125	66.19875446550836	67.17268577645979	36.29044347962151
2018-09-25	61.54999923706055	64.69999694824219	60.5	63.54999923706055	60.647438049316406	2472831	65.10182118268729	67.90891805339093	68.05822529194838	65.06029831458208	63.55753789516701	62.97500846335157	64.12017002146895	66.18115476299376	67.1528896751516	41.377095194293304
2018-09-26	64.25	64.4000015258789	61.599998474121094	62.95000076293945	60.07484436035156	1431867	64.38454770943801	67.20050129761215	67.57172771775704	64.977541547851	63.54155007589786	62.974513261363214	64.1085265462597	66.15968530119937	67.12992306907394	40.31062912008513
2018-09-27	63.5	64.30000305175781	61.849998474121094	62.349998474121094	59.50224304199219	1439585	63.70636463099904	66.50757232282771	67.07442017074409	64.87450064299885	63.51019345479847	62.96214663191287	64.09102875449712	66.13437176746463	67.10380326254415	39.22194078367009
2018-09-28	62.5	62.5	56.29999923706055	58.54999923706055	55.87580871582031	2224080	61.98757616635287	65.37077616771812	66.26257055801233	64.62648098002089	63.37966202801589	62.87477737656926	64.03589413243307	66.08397726560148	67.05706116404424	33.12092988249785
2018-10-01	57.54999923706055	59.95000076293945	55.0	58.79999923706055	56.11438751220703	3850547	60.92505052325543	64.43209374905275	65.55184947982644	64.39799149990479	63.25914458614865	62.79408870053939	63.9837956757627	66.0355787404949	67.0119406070662	33.84995758406633
2018-10-03	58.25	60.95000076293945	56.650001525878906	59.0	56.30525207519531	1679710	60.28336701550362	63.65608035633093	64.92786381508107	64.18630555873206	63.14706183388158	62.71895823122178	63.93420566903869	65.98883070899659	66.96815951085271	34.46541875763349
2018-10-04	58.5	59.0	55.900001525878906	57.150001525878906	54.53974914550781	1299582	59.23891185229538	62.726640523409216	64.18711502563325	63.91037206724762	62.98924445735519	62.60868186081895	63.86670115020128	65.93010094698252	66.9145083743228	31.54204230343386
2018-10-05	57.0	57.79999923706055	55.0	55.54999923706055	53.01282501220703	1515327	58.00927431388377	61.70140605393083	63.36453256957871	63.582514309201066	62.79347484629481	62.46890596727918	63.78394789733421	65.86113017150132	66.85240723149624	29.232622525172143
2018-10-08	55.099998474121094	57.70000076293945	54.29999923706055	55.400001525878906	52.86967849731445	1526295	57.13951671788215	60.80120540706627	62.60600580351206	63.26163145495314	62.59890975891544	62.32892766150888	63.70052554537943	65.79162101106529	66.78982577955298	29.018120663937136
2018-10-09	55.75	58.099998474121094	55.5	57.04999923706055	54.444313049316406	1302178	57.109677557608286	60.265318811351165	62.07686232099287	63.018038034643624	62.452885797814	62.22439442538119	63.634351154251874	65.73353714545728	66.73660268369237	34.69480096848976
2018-10-10	56.900001525878906	61.95000076293945	55.0	61.20000076293945	58.40476989746094	3961312	58.473118626052006	60.39884480443521	61.993351696416354	62.946742455361104	62.41991513900151	62.20410940236254	63.610128762298515	65.70341398012494	66.70634802838771	46.32239083567429
2018-10-11	59.70000076293945	62.29999923706055	58.099998474121094	61.650001525878906	58.83422088623047	1473036	59.53207959266097	60.577581478927165	61.96065168017469	62.895889869891214	62.39965425444565	62.19313696916485	63.590625008702304	65.67648100700703	66.67871771963082	47.41571167230102
2018-10-12	62.25	63.5	62.0	63.099998474121094	60.21799087524414	629580	60.72138588648101	60.93792676395487	62.06916089864578	62.90389412888062	62.41808436548974	62.21109462272834	63.585743152636816	65.65936152173869	66.65916187675919	50.886990727371796
2018-10-15	63.099998474121094	69.0	61.5	68.1500015258789	65.03733825683594	1651106	63.19759109961364	61.96822315851545	62.64828857742988	63.10962383072369	62.56892429076314	62.32869673962241	63.63115865883823	65.67591062475623	66.66730854150848	60.63386817509356
2018-10-16	68.4000015258789	71.0	66.75	68.5	65.37135314941406	1856511	64.96506073307576	62.901334135870385	63.20559442719846	63.32101113147962	62.7250052304799	62.45090076458038	63.67960484133735	65.694675338213	66.67732324893193	61.20846747372995
2018-10-17	69.5999984741211	69.5999984741211	62.0	63.150001525878906	60.265708923339844	1736984	64.36004099734348	62.936858048728745	63.20029986516803	63.31430487243646	62.73618934351672	62.46474434401203	63.674335156606425	65.67776720656958	66.65804826683875	49.350591534781884
2018-10-19	63.0	66.0	62.5	63.29999923706055	60.40885543823242	1588565	64.00669374391583	62.98873536134757	63.209795043443506	63.3137438671276	62.7510264459784	62.48128404486448	63.670610421088554	65.66196808384859	66.6396982721405	49.645137088869824
2018-10-22	64.0	64.4000015258789	59.04999923706055	59.95000076293945	57.21186447143555	1437595	62.65446275025704	62.55463041871784	62.899338445300266	63.18183237284571	62.67731524379316	62.43115962344022	63.63358942946518	65.62401481261331	66.6031425480465	43.55335487509645
2018-10-23	57.95000076293945	58.400001525878906	54.599998474121094	57.54999923706055	54.921478271484375	1896458	60.95297491252487	61.839683107052515	62.389877568325055	62.96097617144237	62.54238587519493	62.33450298212578	63.573056193719864	65.5703668685897	66.55367181957118	39.786689412429766
2018-10-24	59.45000076293945	59.599998474121094	58.0	59.0	56.30525207519531	566336	60.30198327501658	61.4340140917593	62.06703208562743	62.80564377256228	62.44916519426875	62.26847322010349	63.527553147016185	65.52670994587481	66.51239492438226	42.99439423671507
2018-10-25	58.45000076293945	59.20000076293945	56.099998474121094	57.54999923706055	54.921478271484375	2057205	59.38465526236457	60.879154826802335	61.636838481002016	62.5995400652877	62.32023977434222	62.1750380917264	63.468074998658416	65.47370854581625	66.46342008456084	40.661627406811576
2018-10-26	57.79999923706055	59.54999923706055	56.650001525878906	58.900001525878906	56.20981979370117	710888	59.22310401686935	60.59641864095613	61.37618734241886	62.454460122565784	62.23023350464582	62.110185882501696	63.42262153126757	65.43002942940471	66.42208992850247	43.72316849399059
2018-10-29	59.0	60.20000076293945	58.400001525878906	59.0	56.30525207519531	890449	59.148736011246235	60.368358835105255	61.149883785998014	62.31899109815144	62.145227359786716	62.04859804324424	63.37861534687685	65.3873049813688	66.38153206004071	43.95383995975804
2018-10-30	59.0	59.900001525878906	58.70000076293945	59.20000076293945	56.49612045288086	1198760	59.16582426181064	60.20145053908157	60.96418064094482	62.19667775167254	62.06772139671179	61.99219017630751	63.33703709231031	65.3461933254324	66.34228871961939	44.444313651436204
2018-10-31	59.45000076293945	59.849998474121094	58.5	58.95000076293945	56.257537841796875	1058675	59.09388309552025	60.0226719996327	60.772353985896686	62.06935708544771	61.98567611687567	61.93194880178537	63.2933849895305	65.30369370707696	66.30189370346267	43.92683456479308
2018-11-01	59.5	60.25	59.0	59.400001525878906	56.68698501586914	1330570	59.195922572306465	59.93371907481073	60.641653751609276	61.96467647526855	61.917632048691544	61.881811231965436	63.25464485556382	65.26446651650421	66.26417844566166	45.16448068482126
2018-11-02	60.0	62.0	59.5	60.849998474121094	58.07075500488281	2246687	59.74728120624467	60.06461613185507	60.66149610613421	61.92096361247845	61.88953642830811	61.86137929616654	63.23071802589772	65.23513450293356	66.23459276275706	49.065615801773646
2018-11-05	60.45000076293945	61.099998474121094	59.29999923706055	59.650001525878906	56.925567626953125	608517	59.71485464612275	60.005385473858475	60.565163288967035	61.831906275749056	61.830601299296816	61.81758963734896	63.19508900599704	65.1980239848136	66.19861138987794	46.140081935723984
2018-11-06	60.04999923706055	60.400001525878906	59.25	59.79999923706055	57.0687141418457	450718	59.74323617643535	59.97604458288734	60.4922905221188	61.75222364678088	61.777164402922175	61.77763735219473	63.161307018246426	65.16215671074215	66.1636462961467	46.568937314968565
2018-11-07	60.0	61.25	59.95000076293945	60.900001525878906	58.118473052978516	163593	60.12882462624987	60.108038431886136	60.531120141524525	61.71880317145139	61.754081169315775	61.76025842494095	63.138806466083565	65.13383674273642	66.13488320997037	49.73009991788867
2018-11-09	60.75	63.0	60.400001525878906	61.20000076293945	58.40476989746094	1126023	60.48588333847973	60.26403305060804	60.59482305784976	61.698457978960725	61.73950010599008	61.74916421381221	63.11951486704731	65.10769829768793	66.10791663922157	50.58869926735042
2018-11-12	61.54999923706055	61.900001525878906	60.5	61.0	58.213905334472656	947234	60.657255558986485	60.36917118623546	60.63341133805454	61.67106746998187	61.72003957688508	61.734329278885234	63.09842516687768	65.08040462129134	66.08000452643894	49.975870580265095
2018-11-13	60.849998474121094	61.849998474121094	59.75	61.099998474121094	58.3093376159668	905430	60.80483653069802	60.47357508450484	60.67784820815612	61.64867260739909	61.70372270575971	61.7217682728503	63.07854032416368	65.0539567399148	66.05279137861207	50.30005184605509
2018-11-14	61.54999923706055	63.29999923706055	61.0	62.95000076293945	60.07484436035156	896960	61.519891274778495	60.827350181424066	60.89424368956406	61.69970508408695	61.736519496738126	61.74608970829761	63.07726132355449	65.03997696598141	66.03583623863572	55.98321667625403
2018-11-15	63.099998474121094	63.900001525878906	61.75	62.75	59.883975982666016	554993	61.929927516518994	61.102014441220625	61.07098238579605	61.74089312000511	61.76319003629765	61.76596912001449	63.07400499197683	65.02476117218751	66.01788084935356	55.247699890694804
2018-11-16	62.900001525878906	63.349998474121094	61.849998474121094	62.54999923706055	59.69310760498047	376750	62.13661809003285	61.3088694120549	61.21184113353553	61.77262277165435	61.78389554158088	61.78149446886689	63.06879100436572	65.00831757128965	65.9989306766088	54.47691721167827
2018-11-19	62.54999923706055	63.0	62.0	62.75	59.883975982666016	174653	62.341078726688565	61.51474521033277	61.358332454151196	61.810951290413	61.809319343118226	61.80067279621606	63.065618954571036	64.99331213892228	65.98117695706448	55.15075836651528
2018-11-20	62.650001525878906	64.19999694824219	62.400001525878906	62.54999923706055	59.69310760498047	697013	62.41071889681256	61.66263864272245	61.47182452871399	61.83993356283055	61.8288109192746	61.81551094355952	63.0604884101182	64.9770775017006	65.96242735203714	54.2854047144895
2018-11-21	62.599998474121094	63.900001525878906	62.45000076293945	62.54999923706055	59.69310760498047	423317	62.45714567689522	61.789404441913604	61.574507834270804	61.86777927554545	61.84778955921634	61.830055266203104	63.05540891585892	64.96095073582259	65.94378020386787	54.2854047144895
2018-11-22	62.75	63.0	62.5	62.5	59.6453971862793	201977	62.47143045126348	61.890918093068805	61.662649945292635	61.8925722451319	61.86495299186854	61.84332149855552	63.049882458984705	64.94459890369087	65.92496173280848	54.039563289437474
2018-11-26	62.650001525878906	62.849998474121094	59.400001525878906	60.400001525878906	57.64131164550781	377579	61.78095414280195	61.67793001204168	61.54239771487228	61.83404006006316	61.826401637500396	61.81474090503717	63.02351548452594	64.91440224337319	65.89477069342635	44.85210992433138
2018-11-27	60.20000076293945	61.0	59.599998474121094	59.900001525878906	57.16415023803711	233832	61.15396993716094	61.42394022830414	61.385979030206244	61.75819541166378	61.77570689772088	61.77682527376671	62.992435743643874	64.88108396618054	65.86201239196434	42.978536785968444
2018-11-28	60.20000076293945	60.5	59.400001525878906	60.04999923706055	57.30729675292969	193629	60.78597970379414	61.22766294384077	61.25874285943046	61.69120732638522	61.730293538229816	61.74263069878243	62.96315776845399	64.84898373542227	65.83025275723809	43.737819726925174
2018-11-29	59.95000076293945	60.95000076293945	59.900001525878906	60.099998474121094	57.355010986328125	227618	60.55731929390313	61.0665680195951	61.14838625130576	61.6288069792376	61.68739103654274	61.710103327997054	62.93466862124669	64.81742901607807	65.79893989230303	44.005474064507666
2018-11-30	60.400001525878906	61.75	59.900001525878906	60.849998474121094	58.07075500488281	275679	60.65487902064245	61.03562951309882	61.119968367764365	61.598265469233034	61.66535439016322	61.69307154871238	62.91392563470813	64.79106735134745	65.77189649657525	48.001524050511875
2018-12-03	60.900001525878906	61.0	59.79999923706055	60.400001525878906	57.64131164550781	223424	60.56991985572127	60.944825514924545	61.051400097108605	61.551274726356404	61.632055630576794	61.66746620172558	62.88891146447102	64.7618908342347	65.74254187924905	45.885624830866774
2018-12-04	60.650001525878906	60.650001525878906	56.099998474121094	60.25	57.49816131591797	453694	60.463279903814175	60.845564727078184	60.97507627833636	61.500244344930664	61.59568574556162	61.63939756406765	62.862653638953894	64.73191149314344	65.7125279891985	45.17085039661
2018-12-05	59.95000076293945	61.5	59.54999923706055	60.25	57.49816131591797	268485	60.392186602542786	60.7604840517813	60.906021394685276	61.45121515493339	61.56027296278368	61.61188474101681	62.83665708533246	64.70213135033185	65.68267810947611	45.17085039660999
2018-12-06	60.29999923706055	60.5	59.349998474121094	60.150001525878906	57.402732849121094	182196	60.311458243654826	60.67327226236667	60.834019502418	61.40018716948027	61.52316055654934	61.58293655853883	62.80992419419362	64.67188464053483	65.65244490410127	44.633300935818916
2018-12-07	60.0	60.75	59.29999923706055	60.04999923706055	57.30729675292969	582373	60.22430524145673	60.58423325875151	60.75935090571729	61.34723862311087	61.4843931534049	61.55258136405411	62.78246225432165	64.64117443851839	65.62183044690433	44.06850735139663
2018-12-10	60.0	60.70000076293945	59.5	59.95000076293945	57.21186447143555	351415	60.13287041528431	60.49362861649264	60.68226993973845	61.29244498153552	61.44401440628739	61.52084709472511	62.75427855788999	64.61000384931188	65.59083684207391	43.47606096710827
2018-12-11	59.29999923706055	60.54999923706055	57.25	60.20000076293945	57.45044708251953	157279	60.155247197836026	60.45168178027076	60.63633954194807	61.24960403178665	61.411277205146654	61.49469172181847	62.72886285843774	64.58070150322303	65.5613787214229	45.450495953141036
2018-12-12	60.150001525878906	63.0	59.75	62.70000076293945	59.83626174926758	476821	61.00349838620384	60.772870206366285	60.83287870585201	61.30648233496912	61.445190982983306	61.51855922758324	62.72857567340791	64.56820515278925	65.54574277629457	60.36163535914204
2018-12-13	63.20000076293945	63.349998474121094	61.29999923706055	62.95000076293945	60.07484436035156	375072	61.652332511782376	61.08388885730531	61.03450937795558	61.37093403802678	61.484791240350575	61.54690460452099	62.730778908129615	64.55745296415238	65.53155839370794	61.495132276173806
2018-12-14	62.29999923706055	63.20000076293945	61.75	62.75	59.883975982666016	186920	62.018221674521584	61.321904734833126	61.19788943719791	61.42501505614338	61.51808620770977	61.570728275718594	62.730970162775094	64.54544330990552	65.51635862106473	60.016528493428325
2018-12-17	63.04999923706055	63.79999923706055	61.25	61.70000076293945	58.881935119628906	291021	61.91214803732754	61.37591845313403	61.24570956345901	61.43579880935107	61.5228734328474	61.57328812695069	62.72071176078668	64.52653671490907	65.49550420653945	52.83415692052794
2018-12-18	61.5	64.0	61.25	62.849998474121094	59.979408264160156	518343	62.224764849592056	61.586501313275036	61.39849898352207	61.491257619734206	61.55779777603881	61.59856951996397	62.72199819574523	64.51539692593373	65.48104789106175	58.66825134173329
2018-12-19	63.0	63.400001525878906	61.54999923706055	61.849998474121094	59.025081634521484	417479	62.09984272443507	61.624143764824474	61.44149893500769	61.50532588853369	61.565487268093605	61.60354831113539	62.713321581599715	64.49768663721737	65.46120609096917	52.577969772390595
2018-12-20	61.849998474121094	62.400001525878906	59.75	60.29999923706055	57.54587936401367	434332	61.49989489531023	61.4349802608582	61.33278467806034	61.45805817671121	61.53218495148747	61.57773545818341	62.689308423942606	64.4697950265851	65.4330027748276	44.81277682618667
2018-12-21	60.54999923706055	61.349998474121094	59.20000076293945	59.45000076293945	56.734703063964844	616231	60.81659685118664	61.15141176115552	61.153471924239305	61.379310827151535	61.47739063073621	61.53560209788155	62.6570765069177	64.43644091187649	65.40030877476264	41.21773531039039
2018-12-24	59.599998474121094	60.349998474121094	58.75	59.75	57.02099609375	316627	60.46106456745776	60.95121008099045	61.01980793145461	61.3154162849103	61.43193298255894	61.50024364049776	62.62815037252051	64.40530176960489	65.36943277052896	42.957098790742
2018-12-26	59.04999923706055	59.75	57.900001525878906	58.849998474121094	56.1620979309082	548786	59.92404253634554	60.65103699429483	60.81315941170856	61.2187332335068	61.36398733760005	61.44776353819327	62.59055682129265	64.36838945534919	65.33380744650488	39.20879086032028
2018-12-27	59.150001525878906	60.150001525878906	59.0	59.70000076293945	56.97328567504883	430001	59.84936194521018	60.51517467552977	60.70714430230198	61.15917509740612	61.32019821721425	61.41315437432686	62.56179506946824	64.33737026137969	65.30302161763294	44.16414841107298
2018-12-28	60.0	60.45000076293945	58.95000076293945	59.599998474121094	56.877845764160156	356617	59.76624078818048	60.38443521818567	60.60170184247523	61.098030916100825	61.27492980292232	61.37725029709506	62.53232445657921	64.30589270797597	65.27185755673943	43.71269151535706
2018-12-31	59.650001525878906	60.25	59.25	59.79999923706055	57.0687141418457	311387	59.77749360447384	60.30094436373923	60.52534921338812	61.04712771300121	61.236115840662805	61.34601760283695	62.50513714096211	64.27595321647487	65.24195669160457	44.92525728201332
2019-01-01	59.79999923706055	60.75	59.29999923706055	60.5	57.73674011230469	377138	60.018329069649226	60.329380883205054	60.52293500258925	61.025671724256064	61.21674437117168	61.329264779018395	62.48518552761921	64.25086382633218	65.21604435995646	49.061381096500675
2019-01-02	60.45000076293945	62.400001525878906	59.75	61.349998474121094	58.54792022705078	782890	60.46221887113985	60.47518339619306	60.60170295225895	61.0383904203292	61.2202510580914	61.32967534723825	62.47389013405206	64.23158897349357	65.19491842615408	53.616587565101185
2019-01-03	61.70000076293945	62.25	60.79999923706055	61.20000076293945	58.40476989746094	398033	60.70814616840638	60.57872873429969	60.65868369613328	61.04472808082372	61.2197181555874	61.32710753368778	62.46121461792159	64.21144553023407	65.17308827498897	52.7206194094402
2019-01-04	61.20000076293945	61.599998474121094	60.25	60.849998474121094	58.07075500488281	369574	60.75543027031129	60.61748155427417	60.67690415117974	61.03709162565891	61.209988690285655	61.317659829537945	62.44518261649074	64.18911033384794	65.14946483345418	50.59600291392904
2019-01-07	61.04999923706055	61.79999923706055	61.0	61.29999923706055	58.500205993652344	252967	60.93695325922771	60.71498408038651	60.73624654031125	61.047401728066816	61.212357388884996	61.31731011483542	62.43378775699392	64.16991358237426	65.12842950232634	53.2070090908047
2019-01-08	61.20000076293945	61.900001525878906	60.75	61.25	58.45248794555664	321598	61.04130217281847	60.791414926045576	60.78517544123399	61.05534675833871	61.21334798391434	61.315977241274325	62.422008774337264	64.15051216322227	65.1072358984885	52.87265109790301
2019-01-09	61.099998474121094	61.79999923706055	60.54999923706055	61.25	58.45248794555664	422659	61.11086811521231	60.85692707946764	60.82944444683075	61.062980218796014	61.214312510653436	61.31467076124909	62.41034699548814	64.13123965715435	65.08615810669347	52.87265109790301
2019-01-10	61.099998474121094	61.900001525878906	61.0	61.54999923706055	58.73878479003906	255807	61.25724515582839	60.955937387695194	60.89806871256692	61.082079003825996	61.22314637187468	61.31933073106714	62.40178632127493	64.11408855801751	65.06683483418182	54.84713812334101
2019-01-11	61.70000076293945	65.0	61.25	62.150001525878906	59.31138229370117	1062571	61.5548306125119	61.12651797886429	61.017300409072824	61.12395831841631	61.24753729698005	61.335779657697074	62.39928099992771	64.10103814584383	65.05089585435503	58.584472156171216
2019-01-14	62.20000076293945	62.5	61.20000076293945	61.5	58.691070556640625	290487	61.5365537416746	61.17987255331225	61.06327179868494	61.13870505102743	61.25418105232268	61.33903154566347	62.39033293027669	64.0837555003565	65.03149205187222	53.42541119592714
2019-01-15	62.150001525878906	63.04999923706055	61.400001525878906	62.599998474121094	59.74082565307617	419450	61.891035319156764	61.38274768485637	61.20962672015505	61.196010675462475	61.289597300264745	61.36400118781114	62.392419154593554	64.07389664968385	65.01820520172058	59.86647798144137
2019-01-16	62.599998474121094	62.849998474121094	61.29999923706055	61.5	58.691070556640625	292231	61.76069021277117	61.39949801559117	61.237281318235524	61.20793182544434	61.29513421341567	61.36669423359706	62.38353936201053	64.05679434636369	64.99898003668385	52.10611321707974
2019-01-17	61.849998474121094	61.900001525878906	60.70000076293945	61.04999923706055	58.26162338256836	448510	61.52379322086763	61.34956961865822	61.219444929552196	61.20173839060576	61.288683292985276	61.36042304554683	62.37027030604088	64.03681564131848	64.97740090663126	49.291146913485136
2019-01-18	61.099998474121094	61.5	60.150001525878906	60.400001525878906	57.64131164550781	349885	61.14919598920472	61.21391703397546	61.141402700630934	61.17029772924393	61.265296930693005	61.34140479763261	62.350665641561655	64.01265076347504	64.95238779526103	45.470008107800254
2019-01-21	60.099998474121094	60.45000076293945	59.650001525878906	60.099998474121094	57.355010986328125	576128	60.79946348417685	61.054785811139126	61.04222134572524	61.12832520943519	61.23463118183585	61.31682249419674	62.328270943378165	63.98665307384478	64.92587200662092	43.7829597335118
2019-01-22	60.20000076293945	60.650001525878906	57.349998474121094	58.95000076293945	56.257537841796875	905600	60.18297591043105	60.754102232824884	60.84296224260278	61.04290072133732	61.174509328706996	61.26995473714214	62.29465631471708	63.95318694553311	64.89321697250244	37.96765746309798
2019-01-23	59.29999923706055	60.20000076293945	58.70000076293945	59.349998474121094	56.63926315307617	398605	59.905316764994396	60.553515981581484	60.7007752170331	60.97651239791708	61.12649588516526	61.23193580124074	62.2653562367012	63.922600975623396	64.86292616103587	40.907633389153276
2019-01-24	59.349998474121094	59.75	58.70000076293945	59.150001525878906	56.448402404785156	603585	59.653545018622566	60.35301391648112	60.55308248454222	60.90488452058224	61.07448287571036	61.19070937994644	62.23435768236466	63.8908893513726	64.83170799363064	39.889659891032935
2019-01-25	59.20000076293945	59.54999923706055	56.75	57.29999923706055	54.68289566040039	582461	58.869029758101895	59.91686896227818	60.24326503240111	60.76351647024806	60.97515435890379	61.11366561474078	62.185259588381534	63.84709606157651	64.79055111517944	31.96558818395774
2019-01-28	56.20000076293945	58.79999923706055	54.400001525878906	58.599998474121094	55.92352294921875	1164632	58.77935266344163	59.72874460682717	60.086763455422066	60.678672627262685	60.91265025667266	61.06389002779782	62.14958534843864	63.81223162577946	64.75672295867092	40.856576482229755
2019-01-29	59.0	59.25	56.099998474121094	58.900001525878906	56.20981979370117	1064592	58.81956895092072	59.61035273812028	59.973738509751286	60.60892081936528	60.85968581638862	61.021040750532094	62.11725118104999	63.779592223122314	64.72471901641522	42.71701077265883
2019-01-30	59.20000076293945	60.20000076293945	58.79999923706055	59.79999923706055	57.0687141418457	521031	59.14637904630066	59.637445095111744	59.957191912352165	60.577198404372936	60.83179932745893	60.99686171066137	62.09419394777646	63.75314974480961	64.69780797936957	48.00145681357079
2019-01-31	60.0	60.45000076293945	58.79999923706055	60.20000076293945	57.45044708251953	413321	59.497586285180255	59.7178101905157	59.98031656478905	60.562406340002994	60.815173049445264	60.981082285954	62.075346254395	63.729540781474924	64.67322979785902	50.20035425822385
2019-02-01	60.0	60.099998474121094	58.400001525878906	59.400001525878906	56.68698501586914	242211	59.4650580320798	59.67240895271044	59.92504846584523	60.51682183748832	60.77793169356194	60.94977375605153	62.048725908837625	63.70077307877993	64.64441434282088	46.0097532736252
2019-02-04	59.20000076293945	60.79999923706055	57.5	58.349998474121094	55.68494415283203	896166	59.093371512760235	59.48349317005482	59.775043704728645	60.43184837225824	60.71403871410297	60.89829305739944	62.01192265078075	63.66521975914765	64.61001862769137	41.153893567961816
2019-02-05	56.0	58.5	55.099998474121094	55.45000076293945	52.91739273071289	540717	57.87891459615331	58.90727996903834	59.36313485312967	60.23648179934378	60.57551139959867	60.79040608127152	61.94662989567785	63.61063358641537	64.55996388526104	31.321649874305162
2019-02-06	56.0	56.0	52.900001525878906	54.25	51.77220153808594	506205	56.66927639743554	58.24195425917572	58.87616962902209	60.00171780721265	60.40905057329344	60.660893089563174	61.87004651363131	63.54843668550895	64.50362528479513	28.30783288025768
2019-02-07	54.25	54.70000076293945	53.0	53.349998474121094	50.913307189941406	364175	55.56285042299739	57.54310343273934	58.34986761426961	59.74086606866004	60.22328604436785	60.51612289915838	61.78526991622325	63.48067297646319	64.44267650440894	26.266469339197286
2019-02-08	53.099998474121094	53.29999923706055	52.20000076293945	52.400001525878906	50.00669860839844	1276791	54.50856745729123	56.80837458890214	57.783213701089544	59.45298902776666	60.017410135986566	60.35540762443998	61.691884161095444	63.407047252539044	64.37686953731314	24.276427719479535
2019-02-11	52.0	52.349998474121094	50.400001525878906	51.650001525878906	49.290958404541016	2763331	53.555712146820454	56.07146415132739	57.19909825583139	59.14698951788871	59.79721517256268	60.18302334526055	61.591964930894285	63.32892734737851	64.3073238104747	22.807304710250804
2019-02-12	51.900001525878906	52.0	51.0	51.0	48.67063903808594	386223	52.703808097880305	55.346969272566334	56.60870794575221	58.82749973287347	59.56570951012682	60.001181298819745	61.48657224501474	63.24700756433945	64.23460619402402	21.58796987982388
2019-02-14	50.150001525878906	50.150001525878906	48.29999923706055	49.29999923706055	47.04828643798828	524734	51.56920514427372	54.48311641035122	55.912640449686336	58.45387226244944	59.295559239782975	59.78927670353738	61.36531281209977	63.15433641266318	64.15299631994226	18.76267832564748
2019-02-15	49.20000076293945	49.20000076293945	48.099998474121094	48.5	46.28482437133789	333475	50.546136762849144	53.62838549458676	55.20667469257335	58.06352433058868	59.01146557557816	59.56572666980397	61.23729974929281	63.05696540659897	64.06746082092619	17.595648676513616
2019-02-18	48.0	48.5	46.5	47.150001525878906	44.99648666381836	4980802	49.41409168385906	52.702902070485635	54.4393724862215	57.63554304412947	58.699321784796595	59.31987072635991	61.0971276276668	62.95127129443472	63.975015688166366	15.808701760546512
2019-02-19	47.0	48.599998474121094	46.20000076293945	47.150001525878906	44.99648666381836	444912	48.659394964532346	51.90963056411324	53.74514668047459	57.22434533753141	58.39539230429876	59.07888321743949	60.958350253519654	62.84627946873003	63.88307572006644	15.808701760546514
2019-02-20	47.5	48.45000076293945	46.5	48.25	46.04624557495117	310304	48.522929976354895	51.38682619781135	53.221799377572246	56.87241022625567	58.1284082962909	58.86444988640108	60.83189900721597	62.74929422309063	63.79764907678739	23.181004563102984
2019-02-21	48.349998474121094	54.349998474121094	47.70000076293945	52.099998474121094	49.72039794921875	659220	49.71528614227696	51.488707951569886	53.11496119629118	56.68525682421117	57.96976593254959	58.73050035348465	60.74501442479712	62.67853478289814	63.73372748879468	42.24383763546831
2019-02-22	52.099998474121094	53.5	51.04999923706055	51.849998474121094	49.48181915283203	1515615	50.42685691955834	51.54032088336292	52.994488556084505	56.49563884969783	57.80871942048569	58.59425279151706	60.656506803397356	62.60658437553085	63.668789078878426	41.52327040519756
2019-02-25	52.0	52.29999923706055	51.150001525878906	51.650001525878906	49.290958404541016	159744	50.834571788331864	51.55598954657949	52.866442172255404	56.3056138566069	57.646647896943406	58.45674286546482	60.56688983546185	62.533783160583	63.60311264416258	40.92190965568203
2019-02-26	51.0	51.5	49.400001525878906	50.650001525878906	48.33662796020508	462399	50.773048367514214	51.42656268647941	52.65535258688622	56.08382513775482	57.46252562402066	58.302153928047275	60.46821432989386	62.454821156365696	63.53233061619382	37.961522801175164
2019-02-27	50.650001525878906	52.5	50.650001525878906	52.20000076293945	49.815834045410156	506987	51.248699165989294	51.53705384025941	52.611985746510335	55.931518299526765	57.32403812767642	58.181319211906526	60.38594354813312	62.386682814881134	63.47040531644926	44.645866869001544
2019-02-28	52.900001525878906	52.900001525878906	50.95000076293945	51.54999923706055	49.19552230834961	282996	51.34913252301305	51.538903182659574	52.510844174181784	55.7596940225673	57.172089735818105	58.05000594507789	60.29802370424185	62.31467827283581	63.40526648541435	42.57423721859519
2019-03-01	51.79999923706055	54.79999923706055	51.54999923706055	54.099998474121094	51.629051208496094	736277	52.26608784004906	51.90477393858265	52.662192202747434	55.69460792262824	57.09124522893134	57.97178797535597	60.23635181140483	62.260095682811134	63.35441802633625	51.98669095131688
2019-03-05	54.95000076293945	58.099998474121094	54.400001525878906	57.75	55.112342834472656	936439	54.09405856003271	52.739806233070844	53.146745326295296	55.77521153350556	57.10858088080157	57.967396134259815	60.211611992385876	62.23012826963631	63.32379279121966	61.67086843311269
2019-03-06	58.20000076293945	58.5	55.150001525878906	56.599998474121094	54.014869689941406	347733	54.929371864728836	53.291262267506596	53.47562657846918	55.807556119412055	57.095197133257344	57.94031895287093	60.17567553946782	62.19271876933389	63.28705074577103	57.72063929349894
2019-03-07	56.599998474121094	60.400001525878906	55.650001525878906	59.95000076293945	57.21186447143555	2216428	56.602914830799044	54.242510623997006	54.092233643656826	55.97000492896215	57.170323544564766	57.98011463227823	60.17343001930335	62.1778169885605	63.26881549996321	64.79487445019814
2019-03-08	60.45000076293945	61.0	57.599998474121094	58.54999923706055	55.87580871582031	783921	57.251942966219545	54.85786614014894	54.516782747790515	56.071181176338555	57.206630799630446	57.991399475937286	60.15727647918153	62.15371188722163	63.24302961874516	60.257250706167234
2019-03-11	59.0	63.400001525878906	58.79999923706055	62.54999923706055	59.69310760498047	1667583	59.01796172316654	55.9567422968506	55.28185098486385	56.325252472837455	57.347245758510184	58.08166877813775	60.18108466582709	62.15634502575877	63.239242567479124	67.3027960052093
2019-03-12	63.25	66.0	62.5	65.0999984741211	62.12664794921875	1723802	61.04530730681806	57.262921750746386	56.216912650507396	56.6693601591623	57.55126556681574	58.22064560380078	60.23002908183002	62.1759041848841	63.24941063254274	70.8505377214804
2019-03-13	65.5	65.75	63.0	64.5	61.554046630859375	817900	62.19687153787871	58.29679007206833	57.005778112363835	56.97644407448927	57.73412699926796	58.34498925521067	60.27251635464763	62.1913466819945	63.25624445422284	68.95470480170631
2019-03-14	65.0	65.0	63.400001525878906	63.650001525878906	60.74287414550781	394439	62.68124820054544	59.06153456546984	57.63856129460336	57.238152209837885	57.88980790786298	58.450039003144695	60.30612317227182	62.20103874075785	63.25839613221003	66.25014597256333
2019-03-15	64.44999694824219	64.44999694824219	61.0	61.400001525878906	58.595638275146484	499072	62.2541659756566	59.39560127409971	57.996793697581985	57.40136198693753	57.98218142412656	58.50845410260478	60.31700753399925	62.1957162343467	63.2482409704268	59.58763781501774
2019-03-18	61.900001525878906	61.900001525878906	59.54999923706055	60.5	57.73674011230469	1044404	61.66944398377107	59.55337252065689	58.23519429781227	57.52287720313606	58.048439807702174	58.547890655028446	60.31882835455647	62.184449016842734	63.23322326020589	57.11343877034314
2019-03-19	60.04999923706055	61.900001525878906	60.0	60.04999923706055	57.30729675292969	392715	61.12962906820089	59.62431919442884	58.40803286345496	57.621980027995846	58.10111242426424	58.577635379425125	60.31615343796447	62.1702666262794	63.215828593412745	55.864421456238404
2019-03-20	60.0	61.75	59.849998474121094	60.400001525878906	57.64131164550781	314858	60.8864198874269	59.735130956064566	58.59774416463819	57.73092204752067	58.16160950588568	58.61372183777075	60.316987747296956	62.158504067472755	63.20044156025682	56.65834370114943
2019-03-22	60.099998474121094	61.25	59.95000076293945	60.54999923706055	57.78445816040039	482604	60.774279670638116	59.851540710492564	58.78367321915461	57.84147409416929	58.224461867232385	58.65206396448936	60.31930626958316	62.1478163277358	63.185958268873236	57.015207433402196
2019-03-25	60.0	60.95000076293945	58.29999923706055	59.150001525878906	56.448402404785156	2694090	60.23285362238504	59.751320826976325	58.81856162931883	57.89278889541281	58.248818174038874	58.66192411421984	60.30767139651147	62.12789729250751	63.16390386044157	52.6572548484867
2019-03-26	59.0	59.900001525878906	58.29999923706055	58.75	56.06666946411133	404579	59.73856908159003	59.60827499455114	58.812031950336085	57.92640501716132	58.262007169458904	58.66366819116598	60.29217217863574	62.10545279222507	63.13978416721511	51.447288510012356
2019-03-27	58.75	60.650001525878906	58.0	60.20000076293945	57.45044708251953	1643058	59.892379642039835	59.69280724717804	58.94421945629831	58.01556563464282	58.313007000866286	58.69409061832981	60.29125505012135	62.09279198139925	63.123719777027816	55.444082224441345
2019-03-28	60.900001525878906	61.45000076293945	59.25	59.5	56.78241729736328	335772	59.761586428026554	59.66526335472403	58.997150936650854	58.07377874700977	58.34424365873822	58.71004921994704	60.28338186554303	62.07556412770224	63.103918029612366	53.16862517900722
2019-04-01	60.900001525878906	62.20000076293945	60.45000076293945	61.150001525878906	58.3570556640625	555286	60.22439146064401	59.87736880774616	59.20218432610115	58.1944149344164	58.41807939208403	58.758365107193214	60.2920049467404	62.06941421008216	63.0932408902477	57.58718792647787
2019-04-02	61.599998474121094	61.599998474121094	59.900001525878906	60.20000076293945	57.45044708251953	407206	60.21626122807582	59.923459087059484	59.29721446294289	58.27306535906436	58.46497205973812	58.78691234790106	60.29108948222497	62.0569928582739	63.07743083490722	54.404436459826236
2019-04-03	60.5	60.75	58.0	58.70000076293945	56.01895523071289	541755	59.710841073030366	59.748679326470906	59.240336967704465	58.28980792392221	58.471157025611845	58.78519132641667	60.275257753674865	62.03468726295606	63.05351045200029	49.73080628083854
2019-04-04	58.900001525878906	58.95000076293945	57.0	57.45000076293945	54.826045989990234	385079	58.95722763633339	59.420296674537845	59.069828757726846	58.256874309766026	58.44428449238362	58.758751909318114	60.2471457438168	62.00422422973336	63.022890180475365	46.171255831789544
2019-04-05	57.900001525878906	58.20000076293945	56.650001525878906	57.0	54.39659881591797	398540	58.30481842422226	59.07454000674672	58.87270220937191	58.20758512114775	58.40627700574195	58.72392513883657	60.21483583591813	61.970973570399586	62.98997821227604	44.924613354923096
2019-04-08	57.349998474121094	58.900001525878906	57.099998474121094	58.0	55.35092544555664	450581	58.20321228281484	58.92103429149719	58.789587713241254	58.199444528161564	58.395585505590844	58.70958998757248	60.19279766839656	61.94458836395175	62.9627105717718	48.267380580849654
2019-04-09	58.45000076293945	58.45000076293945	57.099998474121094	57.5	54.87376022338867	319046	57.96880818854323	58.71802939271188	58.66676983578971	58.17201533097876	58.37201746597003	58.685637710590846	60.16600366174585	61.91505621535406	62.932859694330425	46.73984772039779
2019-04-10	57.79999923706055	58.0	56.900001525878906	57.150001525878906	54.53974914550781	295743	57.69587263432179	58.49402541173574	58.5223157110363	58.131936358229744	58.33985915175711	58.655229073269815	60.13599369024468	61.88339472240074	62.90125937647004	45.650753113494986
2019-04-11	57.599998474121094	59.25	57.20000076293945	58.5	55.82809066772461	483974	57.96391508954786	58.494878924344924	58.52019040522332	58.14637022653446	58.34407338460561	58.65215523023477	60.11971514606314	61.860913694344916	62.87720877878441	50.44698536371738
2019-04-12	58.349998474121094	58.5	57.20000076293945	58.20000076293945	55.54179382324219	1184153	58.042610314011725	58.45275347271557	58.489696153577235	58.14847338482485	58.34028199982492	58.64320167642694	60.10061351041017	61.83658869147843	62.85165026503662	49.4036186175252
2019-04-15	58.04999923706055	58.29999923706055	57.5	57.75	55.112342834472656	342423	57.945073542674486	58.35236011947049	58.41924890085559	58.13284697757681	58.32474826298742	58.6255145145175	60.07722432125186	61.80943527824602	62.82377239473587	47.80639561291623
2019-04-16	58.150001525878906	58.900001525878906	57.79999923706055	58.599998474121094	55.92352294921875	440003	58.163381853156686	58.387737027277716	58.4364631459285	58.15116664410796	58.3319916895962	58.62500924639084	60.062525556603795	61.78811011675682	62.80069166292923	51.02710927477744
2019-04-18	58.70000076293945	58.75	54.0	56.349998474121094	53.77628707885742	1256989	57.558920726811486	58.09663151968391	58.237752224803984	58.08053259822612	58.27983397339949	58.57995952812807	60.025584988618895	61.751976484579835	62.7654419733729	43.3938193461985
2019-04-22	56.29999923706055	56.900001525878906	55.0	56.29999923706055	53.72856903076172	422602	57.13928023022784	57.83996976502343	58.05320432120937	58.01070776053335	58.227733059285306	58.534811799592084	59.988514483628265	61.71575072213785	62.730111685196334	43.23902601815776
2019-04-23	56.0	56.20000076293945	54.599998474121094	55.75	53.20369338989258	590256	56.67618682015189	57.54140265573437	57.83385152871324	57.92205255423792	58.162529557725165	58.47966701148135	59.94634021015933	61.67611118245587	62.691968998391985	41.485918842492
2019-04-24	55.599998474121094	55.70000076293945	53.95000076293945	54.29999923706055	51.81991958618164	4530849	55.88412429245478	57.078345024495256	57.49729416760346	57.78001124768195	58.06088402297083	58.39690131297797	59.890157712914565	61.627100471855236	62.646111240133344	37.203340390076036
2019-04-25	54.400001525878906	54.5	53.5	53.75	51.295040130615234	386624	55.172749528303186	56.60286716385308	57.14040900878408	57.62197159091011	57.947439706576866	58.30488346519623	59.829061616268646	61.57476093383627	62.597498610405836	35.69802552764594
2019-04-26	53.79999923706055	54.79999923706055	53.29999923706055	53.79999923706055	51.34275436401367	310393	54.715166097888975	56.20245746002557	56.822274744810414	57.47209032213169	57.83829653632644	58.21567783691631	59.769070945828766	61.52310138767829	62.54942484333838	35.951736207488295
2019-04-30	53.79999923706055	54.20000076293945	52.849998474121094	53.25	50.81787872314453	238189	54.22677739859265	55.78067782287906	56.48205810244752	57.30651815263633	57.717551890633636	58.11734758271995	59.70420456825833	61.468130614338236	62.49860831413981	34.34635389500537
2019-05-02	53.25	53.25	52.599998474121094	52.900001525878906	50.483863830566406	139499	53.78451877435474	55.369152637593324	56.14090985706003	57.133713579038	57.59077424945588	58.01403379941617	59.63650105539884	61.41119952404947	62.44615691092527	33.32650205192594
2019-05-03	52.54999923706055	54.150001525878906	51.70000076293945	53.5	51.056461334228516	3802156	53.689679182903156	55.10213083222285	55.889394632578124	56.99121500731102	57.48312229552283	57.92464699150694	59.57544134340482	61.358633414255124	62.39727080758688	36.791482038985926
2019-05-06	53.5	53.900001525878906	52.5	53.099998474121094	50.67472457885742	385104	53.49311894664247	54.8161119239226	55.62373785558221	56.838618280519256	57.367776931801735	57.82910939710326	59.511009076048765	61.303758763490116	62.34646604073734	35.46811068177608
2019-05-07	53.400001525878906	54.0	52.75	53.0	50.57929611206055	334276	53.328745964428315	54.55666736336223	55.37385805981248	56.68808423030281	57.252835433596424	57.73348346844775	59.44622291608808	61.248584286656296	62.295392455815275	35.12793483457198
2019-05-08	52.75	53.849998474121094	52.20000076293945	52.45000076293945	50.05441665649414	259134	53.03583089726536	54.25571499187326	55.09539546011028	56.52188487864151	57.1264450475265	57.628860048536694	59.376608765310486	61.1901219376615	62.2415925012094	33.239618096888236
2019-05-09	52.45000076293945	52.900001525878906	51.25	51.5	49.147804260253906	191024	52.52388726484357	53.86204142160565	54.752976844861685	56.324948216734	56.97838070417054	57.507496483219136	59.29823454874023	61.12573574538468	62.18289527442683	30.218032140126876
2019-05-10	51.70000076293945	53.20000076293945	51.5	52.599998474121094	50.19756317138672	216232	52.54925766793608	53.681749571965	54.54793128574353	56.178871756239374	56.86316011916924	57.41031830482115	59.23158543356989	61.069086328299875	62.13052971814101	37.32267414138254
2019-05-13	53.5	53.5	51.150001525878906	51.5	49.147804260253906	310356	52.199505111957386	53.370071061684285	54.25765211567272	55.99538658932803	56.72202432655952	57.293282298785094	59.15465423522591	61.005504359341074	62.072439391812374	33.634827332265594
2019-05-14	51.900001525878906	52.95000076293945	51.650001525878906	52.25	49.863548278808594	250391	52.21633674130492	53.2100609100151	54.066447152275316	55.84850868386418	56.604339475860584	57.193415322571525	59.08595120800973	60.947328250641135	62.01876485961668	38.124095452011886
2019-05-15	52.650001525878906	54.20000076293945	51.04999923706055	53.70000076293945	51.24732208251953	437121	52.7108914151831	53.28005231757572	54.03154749614809	55.7642534712789	56.52790950973108	57.12423879663822	59.03235966129262	60.89917325072285	61.973307132312435	45.76286960455643
2019-05-16	52.70000076293945	53.5	51.70000076293945	51.900001525878906	49.529537200927734	130644	52.44059478541504	53.08290220447618	53.82854311802722	55.61271417930243	56.40612245752445	57.020788553652885	58.96139092362681	60.83937808976044	61.91826174648493	39.280063096250316
2019-05-17	52.5	52.900001525878906	51.29999923706055	51.650001525878906	49.290958404541016	260780	52.17706369890299	52.87820210753371	53.62106296639405	55.457313683089744	56.28096138037588	56.914436335281124	58.888640780365634	60.77831910926953	61.86215103489692	38.46504284228819
2019-05-20	53.650001525878906	54.25	52.29999923706055	53.95000076293945	51.485904693603516	437790	52.76804272024848	53.0313162011631	53.65239037558885	55.398203372495615	56.21962031149597	56.85573464077931	58.83950008367483	60.732948223247405	61.818915241061084	48.95796743187671
2019-05-21	54.0	54.20000076293945	52.349998474121094	52.75	50.34071350097656	291507	52.762028480165654	52.99112817242551	53.56644843505658	55.29435225984873	56.128314513825025	56.77443296472428	58.77890804304125	60.67990537791021	61.7693583271755	44.677402597295526
2019-05-22	52.5	54.75	52.5	54.25	51.77220153808594	205170	53.2580189867771	53.17096700493615	53.63154858409881	55.25339726926643	56.07888518451384	56.72444419314558	58.733844281418946	60.63718175413672	61.72826893740952	50.50312637432584
2019-05-23	54.54999923706055	55.70000076293945	53.79999923706055	55.0	52.48794937133789	499065	53.83867932451807	53.432257432802416	53.76187729037511	55.24346012145206	56.050493469131894	56.69029678338032	58.69669160200184	60.59972539696638	61.69150244048378	53.15912018385631
2019-05-24	55.54999923706055	59.0	54.0	58.0	55.35092544555664	3245861	55.22578621634538	54.08479208525922	54.1655080246251	55.35155972453237	56.10179627257579	56.716231500541106	58.68975934725555	60.58245147406295	61.671330296000264	61.95355686942523
2019-05-27	56.849998474121094	57.70000076293945	54.650001525878906	56.400001525878906	53.824005126953125	1134327	55.61719131952322	54.41553629106203	54.37831692950641	55.39267508929106	56.10964377924166	56.70996952084482	58.666975687341356	60.55466110895874	61.6425252207537	55.9230122366983
2019-05-28	56.04999923706055	58.400001525878906	56.04999923706055	57.20000076293945	54.587467193603516	1307218	56.14479446732863	54.81331692990167	54.6470487231667	55.46355060590472	56.13833738407581	56.71967310979719	58.652378921924424	60.53237100699184	61.61824913082029	58.118193487885726
2019-05-29	57.20000076293945	57.79999923706055	56.599998474121094	57.25	54.63518142700195	262502	56.51319631155242	55.16141451134428	54.89494884476987	55.53360744488885	56.16759166344224	56.730174632375466	58.6384249028008	60.510561232859004	61.59437891699067	58.258116455632866
2019-05-30	57.54999923706055	57.54999923706055	56.5	56.849998474121094	54.25345230102539	334833	56.62546369907531	55.40264079174097	55.081144047565225	55.585230622505804	56.18554973740747	56.73254738171696	58.62062961495324	60.48623855672121	61.568453340800126	56.628149041632234
2019-05-31	56.20000076293945	56.70000076293945	54.70000076293945	55.099998474121094	52.58338165283203	533606	56.11697529075724	55.35940617493813	55.08293970723721	55.566201910804445	56.15698259889994	56.70021968057645	58.585598459323066	60.45044958607271	61.533106592894775	50.03279207591316
2019-06-03	54.5	55.5	54.04999923706055	55.150001525878906	52.631099700927734	379438	55.79465070246446	55.32949122507252	55.089326547107845	55.54988032708187	56.13048309697833	56.66952229137452	58.5514134152092	60.41523066208471	61.49822623733731	50.2112272654408
2019-06-04	55.75	57.349998474121094	55.150001525878906	55.79999923706055	53.251407623291016	589459	55.79643354732982	55.396706655356525	55.15700966043667	55.55968891178692	56.121786153296284	56.65230401307127	58.52403615970523	60.384564672549665	61.46708838487678	52.58173347511785
2019-06-06	55.650001525878906	55.650001525878906	54.29999923706055	55.0	52.48794937133789	314243	55.53095569821988	55.34003427601988	55.142056359442705	55.537740327010965	56.092265465051646	56.619585121723325	58.488971123290256	60.34878683419385	61.43174910408511	49.4604705848995
2019-06-07	55.0	56.0	54.0	54.849998474121094	52.34479904174805	405908	55.303969956853614	55.27002916146291	55.11424132274541	55.51077005827019	56.05957422844821	56.58454380196883	58.452762440213945	60.31225003445915	61.39578325364815	48.87464297660418
2019-06-10	55.5	56.0	54.45000076293945	55.150001525878906	52.631099700927734	352057	55.25264714652871	55.25288235637948	55.117647056377166	55.49662227268622	56.03563810469639	56.55613702422447	58.419899147534	60.27794937991709	61.36165329885159	50.14645325544941
2019-06-11	55.5	56.0	53.70000076293945	55.099998474121094	52.58338165283203	4623478	55.20176425572617	55.23104180177114	55.11596623901944	55.48106839823268	56.011016009154936	56.52730259748975	58.3868653099876	60.243544390509804	61.32743660582028	49.923534390791566
2019-06-12	55.29999923706055	57.0	54.650001525878906	56.0	53.44227600097656	1600227	55.467842837150776	55.34089297294669	55.2001599305414	55.50141865712551	56.010726114177174	56.516860961895894	58.36311540640563	60.21534808226721	61.29832493037864	53.89613878213093
2019-06-13	56.29999923706055	57.20000076293945	55.0	56.70000076293945	54.11030578613281	1440310	55.878562145747004	55.535051228659945	55.34300191457931	55.548421876961356	56.02886492072355	56.520487492609625	58.34656700199304	60.191990292770015	61.27319747591176	56.76876576253599
2019-06-14	56.04999923706055	56.70000076293945	55.099998474121094	55.75	53.20369338989258	544533	55.83570809716467	55.56575819599424	55.381763637000326	55.55632690139424	56.021526370178194	56.505230314538146	58.32073051441102	60.16247540710377	61.24301606893956	52.03059356232602
2019-06-17	55.29999923706055	56.150001525878906	54.5	55.0	52.48794937133789	810663	55.55713873144311	55.484935596566494	55.34540519538125	55.534510160163094	55.994644097278766	56.4754237736562	58.28768841974026	60.12817324493032	61.20890122703279	48.58306190182367
2019-06-18	55.849998474121094	56.25	55.0	55.95000076293945	53.39455795288086	524357	55.688092741941894	55.551373477476915	55.40298572562489	55.55080390929158	55.99346927269089	56.46501935760241	58.26442784604075	60.10041130152839	61.18016406602681	52.845157220177384
2019-06-19	56.20000076293945	56.599998474121094	55.599998474121094	56.45000076293945	53.87172317504883	724977	55.94206208227441	55.67974880397156	55.50270144346437	55.58606653100326	56.005483259276374	56.46472195968829	58.246373845213874	60.07615608200288	61.1543161791247	54.96124676287625
2019-06-20	56.400001525878906	56.54999923706055	55.099998474121094	56.29999923706055	53.72856903076172	213365	56.06137446720312	55.76835600869856	55.578634566664	55.614063892025115	56.01323367974438	56.46146012359665	58.227006933689964	60.05106533884712	61.127789857036916	54.175788100760315
2019-06-21	56.400001525878906	56.95000076293945	55.349998474121094	56.5	53.91944122314453	223206	56.20758297813541	55.87287657888448	55.66638365555314	55.64880648449472	56.02604331975111	56.462223289466024	58.20982278509604	60.02747022031657	61.10250138787278	55.097214600875965
2019-06-24	56.0	56.70000076293945	55.900001525878906	56.150001525878906	53.58542251586914	101230	56.188389160716575	55.91246585702654	55.71244250034607	55.66846119199998	56.029305377807106	56.45604068028608	58.18932705117348	60.00170630872562	61.07543854709685	53.08552490343271
2019-06-25	56.20000076293945	56.650001525878906	55.400001525878906	56.45000076293945	53.87172317504883	287262	56.2755930281242	55.989256557871244	55.78268614440258	55.69910980262506	56.0403763089948	56.45592107796239	58.17202032193732	59.97810693632837	61.05016293078998	54.615136147454066
2019-06-26	56.20000076293945	56.70000076293945	56.099998474121094	56.5	53.91944122314453	451566	56.3503953520828	56.06221990674678	55.85100174969757	55.730517261345646	56.052471669284415	56.456793927903725	58.15538330380859	59.954996591236494	61.025298652479655	54.87918183713919
2019-06-27	57.04999923706055	58.150001525878906	57.04999923706055	57.79999923706055	55.16006088256836	944630	56.83359664707538	56.31047409679161	56.03662055801786	55.81167341725603	56.09845923685747	56.48339205283752	58.15184714394045	59.940677671939646	61.00767406551015	61.19988583088342
2019-06-28	57.900001525878906	58.099998474121094	56.79999923706055	57.400001525878906	54.7783317565918	713985	57.02239827334322	56.466120872375505	56.16646636448082	55.87396079406477	56.13271034972646	56.50154273547201	58.14436609301446	59.92379610286283	60.98796000791654	58.485116478679956
2019-07-01	56.70000076293945	58.849998474121094	56.70000076293945	58.20000076293945	55.54179382324219	539036	57.41493243654197	56.71381799959892	56.36013630719116	55.96517804774613	56.187112729021536	56.535175567699085	58.144919671819686	59.91234231322879	60.97272525794399	62.105657341991005
2019-07-02	57.5	58.54999923706055	56.75	57.900001525878906	55.2554931640625	124806	57.576622132987616	56.88327278906749	56.506790137542374	56.04105347826114	56.232188749991465	56.56220182429671	58.14248267534266	59.8989712780969	60.95593441787806	59.99273492204754
2019-07-03	58.45000076293945	59.099998474121094	57.04999923706055	58.099998474121094	55.44636154174805	1073604	57.75108091336544	57.05709074407515	56.658524264835584	56.121796419275256	56.28134163746856	56.59265324310511	58.142059946972296	59.88701797042929	60.94032821053513	60.94662613784767
2019-07-04	58.099998474121094	58.599998474121094	57.099998474121094	57.900001525878906	55.2554931640625	235165	57.8007211175366	57.177506570047115	56.77676019445876	56.191529952867555	56.32393795032146	56.61854132791251	58.13965140546888	59.87381520335587	60.92371440351515	59.42087496818059
2019-07-05	57.599998474121094	57.79999923706055	56.29999923706055	57.099998474121094	54.49203109741211	523491	57.56714690306476	57.166433984914825	56.80754479252184	56.2271561693873	56.344360595684606	56.62807513278793	58.12930660018184	59.85538452741411	60.90281978095015	53.6366082817905
2019-07-08	57.0	57.0	54.0	55.04999923706055	52.53566360473633	492180	56.72809768106335	56.864086163792784	56.640159501525524	56.18099315243331	56.310298454668185	56.59682610514976	58.09866672592193	59.82345505704631	60.87083715502726	42.279127284152636
2019-07-09	55.0	55.20000076293945	54.0	55.04999923706055	52.53566360473633	134898	56.16873153306242	56.60493088854532	56.48871566681457	56.136640449869674	56.277132685783776	56.56619587013809	58.06833172603276	59.7917377426278	60.83902929755203	42.279127284152636
2019-07-10	54.5	56.150001525878906	54.099998474121094	56.0	53.44227600097656	649555	56.11248768870828	56.5185121901817	56.44217131759414	56.13128200085518	56.26983972036842	56.55498407072941	58.047751310848355	59.76654347191267	60.8125865145053	48.17684744182997
2019-07-11	55.54999923706055	56.849998474121094	55.0	56.349998474121094	54.0659294128418	183250	56.19165795051255	56.49443880217304	56.43339295154909	56.139859117453845	56.27194916125664	56.55092495000449	58.030858247796345	59.74384217624628	60.788200787508664	50.19588045482456
2019-07-12	55.849998474121094	56.29999923706055	55.25	56.04999923706055	54.0659294128418	188108	56.14443837936188	56.4309474357284	56.39687926445494	56.13633520057568	56.2661083737778	56.5410056289561	58.011148207888525	59.719298369341395	60.762308975757584	48.45334339385446
2019-07-15	56.04999923706055	56.45000076293945	55.04999923706055	56.04999923706055	54.0659294128418	259596	56.11295866526144	56.37652626449013	56.36384307136976	56.13294947651626	56.2604212912326	56.53128273010668	57.99163428778078	59.69491764420996	60.73655864931661	48.45334339385447
2019-07-16	55.95000076293945	56.349998474121094	55.04999923706055	55.900001525878906	53.92123794555664	425629	56.041972952133925	56.30845130183138	56.31966768608491	56.12381426276578	56.2509365605654	56.51878211220118	57.970822021493206	59.66970225471939	60.71012937541805	47.497215591344705
2019-07-17	55.75	57.349998474121094	55.75	56.5	54.5	559326	56.19464863475595	56.335815401569754	56.336842192172064	56.1385666446181	56.25749086160315	56.51841018918729	57.956186976503226	59.648641110169756	60.68712320396768	51.610541808565934
2019-07-18	56.099998474121094	57.20000076293945	56.0	57.04999923706055	55.0305290222168	407263	56.479765502190816	56.43784166378273	56.40476191073287	56.17430909922369	56.27834634516782	56.52893670498676	57.94717018307593	59.63137438676039	60.66724820961299	55.0843447733508
2019-07-19	57.04999923706055	58.0	56.099998474121094	57.04999923706055	55.0305290222168	2371088	56.66984341381406	56.52529274567956	56.466213084668844	56.20864988894279	56.29865300021763	56.539254774928814	57.93824310898623	59.61422239241023	60.64748182178484	55.0843447733508
2019-07-22	57.349998474121094	57.349998474121094	53.70000076293945	54.5	52.570796966552734	1648688	55.94656227587604	56.23596521058248	56.278954695652764	56.14164401094503	56.25132002652769	56.498873492256955	57.90403173476746	59.58024084827461	60.613889024944484	39.74302628093687
2019-07-23	54.75	54.849998474121094	53.04999923706055	53.849998474121094	51.94380187988281	796514	55.24770767529106	55.895112819659424	56.04762553169737	56.05177555852056	56.18812735409593	56.4464205216008	57.86369309535804	59.54216614811413	60.57692787439354	36.92036060925467
2019-07-24	53.349998474121094	54.650001525878906	53.349998474121094	54.04999923706055	52.136722564697266	380882	54.84847152921422	55.631525165002444	55.857375408398624	55.97327452630644	56.13186082470026	56.39896663477822	57.825745892787914	59.505673344718424	60.541261597686805	38.37075892546864
2019-07-25	53.650001525878906	54.5	53.150001525878906	53.70000076293945	51.79911422729492	474737	54.465647940455966	55.35559310756487	55.65191115645013	55.88412653558617	56.067864507285506	56.34552176602894	57.78469370244116	59.467097447165074	60.50387765869912	36.7771022220373
2019-07-26	53.29999923706055	54.25	53.0	54.0	52.08849334716797	947902	54.31043196030398	55.16193694934132	55.49458628440726	55.81023922046514	56.013447020251675	56.29907579046401	57.747035058635774	59.430771218280256	60.468337343624256	39.11146625616066
2019-07-29	54.0	54.150001525878906	52.75	52.95000076293945	51.07566452026367	484814	53.8569548945158	54.84594606556962	55.252244806172236	55.698073006444524	55.9328300134803	56.23275747308728	57.69930337410148	59.38770962057035	60.427253537172426	34.333280743367226
2019-07-30	52.95000076293945	54.0	51.25	51.95000076293945	50.111061096191406	1465919	53.22130351732368	54.43223959376531	54.9377453734834	55.55108978120903	55.828018717413435	56.14795040952	57.64209638294564	59.338289628160844	60.38092975152088	30.51030800255694
2019-07-31	52.5	52.849998474121094	47.54999923706055	50.0	48.23008728027344	1702767	52.14753567821579	53.799062508941695	54.46748390934213	55.3333999858675	55.674649803797294	56.026208817252275	57.56605562291633	59.27624119209333	60.32420335943607	24.72807411114716
2019-08-01	49.099998474121094	51.0	49.099998474121094	50.54999923706055	48.760616302490234	190181	51.61502353116404	53.33491061295867	54.0943901310296	55.14581564277703	55.53979057835685	55.91776902358511	57.49624411658941	59.218259517973515	60.27079240794768	28.825271358018973
2019-08-02	49.79999923706055	50.79999923706055	49.29999923706055	50.400001525878906	48.615928649902344	425730	51.210016196069	52.91563788623299	53.742543597205724	54.959705285251616	55.4045329717127	55.808506300858255	57.42563473757736	59.159666441614085	60.21685365995823	28.371699167613475
2019-08-05	50.400001525878906	50.900001525878906	48.54999923706055	48.95000076293945	47.21725845336914	367884	50.45667771835915	52.34911829719106	53.28611094632322	54.72403059810212	55.23467686095551	55.672694310008374	57.341300071163054	59.09182813145678	60.15528615778873	24.378284271581077
2019-08-06	48.25	50.849998474121094	48.25	50.599998474121094	48.80884552001953	172972	50.50445130361313	52.099244036752495	53.0302907108754	54.56230384814208	55.112711640249344	55.57224488751556	57.274222443331794	59.03540401413229	60.10307147099273	35.5032069815815
2019-08-07	50.599998474121094	50.95000076293945	46.75	47.45000076293945	45.770355224609375	798902	49.48630112338857	51.435066426207776	52.49883452535769	54.28339000166355	54.911061354004346	55.41140837019722	57.17646899377565	58.958424590536325	60.033929008107194	27.258663480672883
2019-08-08	48.400001525878906	48.400001525878906	46.400001525878906	48.0	46.30088424682617	592343	48.99086741559238	50.944342651035235	52.07037409437124	54.03698255061792	54.72919131837265	55.26464780841114	57.085160844583854	58.885611138107514	59.968169833199504	30.302039616958705
2019-08-09	47.5	49.849998474121094	47.29999923706055	49.45000076293945	47.69955825805664	607664	49.14391186470807	50.73086523845012	51.82081472947297	53.85710091188543	54.59026525112441	55.14950628275824	57.00918910247794	58.82291605255823	59.910693499482235	37.702150646428876
2019-08-13	49.45000076293945	49.54999923706055	47.75	48.0	46.30088424682617	564384	48.76260790980538	50.34074163295725	51.456927612380305	53.627410680046786	54.41683721820008	55.00793190092144	56.919545429816466	58.75100298908608	59.845607742654465	33.833577829159864
2019-08-14	48.5	48.5	47.099998474121094	47.45000076293945	45.770355224609375	608939	48.325072194183406	49.92777865152613	51.07531553148117	53.385159310748456	54.23349941674585	54.85826989818913	56.82532110477291	58.67591327329773	59.77787218538826	32.472512161254514
2019-08-16	47.0	47.54999923706055	45.5	47.099998474121094	45.432743072509766	603943	47.91671428749597	49.52381005475399	50.69671390697069	53.138682415194445	54.04577570772941	54.70464076107887	56.72855172536344	58.598996895894565	59.70859418696604	31.60128896254569
2019-08-19	47.20000076293945	48.29999923706055	46.849998474121094	48.150001525878906	46.44557571411133	294615	47.994476700290285	49.32755169348612	50.45416987067624	52.94304787051541	53.890623755575454	54.57484592473828	56.64319301691086	58.52956835523001	59.64543247843551	37.05716163797973
2019-08-20	47.900001525878906	48.25	47.25	47.75	46.05973434448242	277692	47.91298446686019	49.102187165845244	50.19662988299279	52.73939893441676	53.729028393586624	54.43970046088207	56.55470353415552	58.45794331632483	59.58043011516537	35.882913769522915
2019-08-21	46.599998474121094	47.599998474121094	45.900001525878906	47.20000076293945	45.529205322265625	280195	47.675323232219945	48.830446251144416	49.9112366334639	52.52216763357451	53.55721187699065	54.2963400708238	56.46162191454143	58.38313971131895	59.5127774957543	34.274690672588676
2019-08-22	46.54999923706055	49.349998474121094	45.29999923706055	47.650001525878906	45.96327590942383	390749	47.6668826634396	48.6618112903922	49.695880908932	52.33110229601782	53.401758973014026	54.16472940656747	56.37394409972887	58.31182317852532	59.44795358335061	36.771621351754376
2019-08-23	46.70000076293945	48.5	45.45000076293945	48.20000076293945	46.493804931640625	365288	47.844588696606216	48.59583835789895	49.553416133123186	52.16909831432847	53.26487059906469	54.046615968079784	56.29261133020857	58.24463498971744	59.38648936028825	39.78274322857965
2019-08-26	49.5	49.5	46.0	48.95000076293945	47.21725845336914	255217	48.213059385383964	48.64643298719045	49.4959480026295	52.04285919466616	53.15132139285087	53.94569289471067	56.219550528544204	58.1828766227621	59.329459367953014	43.71881815533423
2019-08-27	48.5	50.900001525878906	48.5	49.900001525878906	48.133628845214844	362562	48.77537343221561	48.82551420700309	49.53442929055801	51.95882556059607	53.06576034372003	53.86558019433776	56.15666944394057	58.12784090783264	59.277932275919824	48.326258026712296
2019-08-28	49.599998474121094	50.400001525878906	48.400001525878906	49.349998474121094	47.60309600830078	360486	48.96691511285077	48.90044053087709	49.51686445089735	51.856518616028424	52.96797713662532	53.77616273453149	56.08894137458913	58.069516373389376	59.22368127153841	45.97940628179696
2019-08-29	48.70000076293945	49.400001525878906	48.400001525878906	49.04999923706055	47.313716888427734	121790	48.994609820920694	48.92180606033187	49.472401097198606	51.74645903253949	52.86487245505783	53.682575338541966	56.01890214934009	58.009586026968584	59.168087380639626	44.70417115089915
2019-08-30	49.45000076293945	50.650001525878906	48.75	50.25	48.47123718261719	192923	49.41307321394713	49.11154805171303	49.54645813556064	51.68777436459676	52.79606002202999	53.61460354965995	55.961500137903876	57.95802731582594	59.11935466271263	50.60552114526693
2019-09-03	49.400001525878906	50.20000076293945	49.25	49.75	47.98893737792969	361861	49.52538214263142	49.20275547289688	49.565843075031054	51.61178321304395	52.71590054776605	53.53807674669638	55.899694166382446	57.90348892834537	59.06815600335354	48.29284430928063
2019-09-04	49.70000076293945	50.099998474121094	49.29999923706055	49.849998474121094	48.08539581298828	328437	49.63358758646131	49.295218758786056	49.59290549399201	51.542693615439134	52.64048207214381	53.4650454937741	55.83949818934502	57.84997736386547	59.01778355783861	48.79683430251075
2019-09-05	49.599998474121094	51.900001525878906	49.599998474121094	51.099998474121094	49.2911491394043	288993	50.12239121568124	49.55304443240535	49.73643815876621	51.52533302166196	52.59994303009058	53.418212879523544	55.792338988198516	57.80512700579408	58.974516972681684	54.736000922439764
2019-09-06	51.04999923706055	51.5	50.20000076293945	51.25	49.43584060668945	371311	50.49826081045416	49.79546665634744	49.88058690555038	51.51453564826345	52.56441821350925	53.37527797101813	55.747141585330866	57.76157134462601	58.93230649742113	55.40448372653367
2019-09-09	51.5	52.5	51.099998474121094	52.400001525878906	50.54513168334961	136499	51.13217438226241	50.16754306628051	50.120531155105475	51.5492598003268	52.560091458571605	53.35596556616389	55.713836709117416	57.725946295996465	58.896610841838935	60.25121160801831
2019-09-11	53.29999923706055	53.29999923706055	52.0	52.20000076293945	50.352210998535156	229314	51.48811650915476	50.45789416580322	50.31857587966109	51.57477905376259	52.55061538763392	53.33307517402083	55.6788731673644	57.689229049929644	58.86001734414003	59.04925230555824
2019-09-12	52.95000076293945	53.099998474121094	50.150001525878906	51.0	49.1946907043457	230125	51.325411006103174	50.535337856402755	50.383473414931466	51.552238698713076	52.50980971953829	53.28687566562437	55.63231721545033	57.64478234527895	58.81706642969118	52.30681649970834
2019-09-13	50.25	51.45000076293945	50.150001525878906	51.150001525878906	49.33938217163086	195742	51.26694117936175	50.623146952042205	50.45647609216456	51.536464691935265	52.47402529338936	53.24456132622347	55.58771705933519	57.60162765544905	58.775169900162155	53.028809231593996
2019-09-16	51.75	54.150001525878906	50.900001525878906	53.0	51.12389373779297	800011	51.84462745290784	50.96269738746475	50.69871646433936	51.593858233428	52.48786673303701	53.23971852768439	55.561968630884095	57.57105205640952	58.74361159469679	60.892055539432356
2019-09-17	54.0	54.0	51.20000076293945	51.54999923706055	49.7252197265625	396722	51.746418047625404	51.04659765169272	50.77979101412233	51.59213827278614	52.46318600945868	53.20625873975124	55.52204853741321	57.53104506093212	58.70430223755123	53.353094982413566
2019-09-18	51.25	52.54999923706055	50.79999923706055	51.900001525878906	50.06283187866211	332923	51.79761254037657	51.16851249086218	50.88647772952772	51.60421134153487	52.44836536515395	53.18039226026862	55.486008268641726	57.49362948927064	58.667120266449196	54.80756221694677
2019-09-19	51.900001525878906	52.45000076293945	49.45000076293945	50.400001525878906	48.615928649902344	1504508	51.331742202210684	51.05872521015028	50.84014666251355	51.55698742719542	52.39446105359408	53.125335018003476	55.43540123637543	57.446495748650094	58.62194475420564	47.912544286641086
2019-09-20	51.04999923706055	52.349998474121094	49.29999923706055	52.04999923706055	50.20751953125	919979	51.5711612138273	51.20033578542317	50.955370717232306	51.57632122366072	52.38539626894846	53.10404124016302	55.401715644342445	57.41063862897176	58.58603248362015	54.66829660522185
2019-09-23	53.0	57.5	53.0	56.95000076293945	54.9340705871582	1438731	53.36410773019802	52.02171649649693	51.52628786444251	51.78705375461283	52.50551743984296	53.18019885447543	55.41712146641804	57.407577912253934	58.577092419572715	67.95891839875404
2019-09-24	57.45000076293945	57.900001525878906	56.04999923706055	57.29999923706055	55.27167892456055	1094882	54.676071565818866	52.775756888006015	52.07616513802518	52.003247695100974	52.63168801345395	53.26177906007117	55.43585656861349	57.406863103780886	58.57011376830216	68.66559280554131
2019-09-25	56.20000076293945	57.400001525878906	53.54999923706055	54.599998474121094	52.66725540161133	457732	54.65071386858627	53.0363628288796	52.316530217653366	52.10508105898412	52.68348565715572	53.28827845440879	55.42753957264839	57.38821284046089	58.54841914920827	58.03236984643293
2019-09-26	54.0	56.25	53.599998474121094	54.099998474121094	52.18495178222656	184574	54.467142070431215	53.18831077819981	52.486384337316956	52.18331311447969	52.72076231023376	53.30435211816547	55.41433020848394	57.36636424002009	58.52411083950834	56.2938583638298
2019-09-27	54.099998474121094	55.0	52.5	52.849998474121094	50.97920227050781	290060	53.92809420499451	53.13998044904571	52.52101425510783	52.20945763838719	52.724163261915	53.295355016303205	55.38881446983356	57.33635516516362	58.49310476100896	52.092344029694985
2019-09-30	53.04999923706055	53.5	51.29999923706055	52.650001525878906	50.786285400390625	627336	53.50206331195597	53.06998346002188	52.53329875708603	52.22673386926922	52.72221163728247	53.2825757392651	55.36156259974446	57.30521660277634	58.46117523513393	51.43093925119698
2019-10-01	53.95000076293945	53.95000076293945	51.650001525878906	52.04999923706055	50.20751953125	235488	53.018041953657495	52.924271428170265	52.487270231369315	52.21980309937868	52.70452183727663	53.2581682837759	55.32861172051378	57.27029821496428	58.42614148651058	49.40431815263431
2019-10-03	52.04999923706055	52.45000076293945	50.29999923706055	51.5	49.6769905090332	287905	52.512027969105	52.7208040812888	52.39324449504843	52.191575526854024	52.6728238941904	53.22335307023579	55.29051608150369	57.23195736303761	58.388293718824734	47.554481344792855
2019-10-04	51.849998474121094	52.599998474121094	51.099998474121094	52.29999923706055	50.44866943359375	133998	52.44135172509018	52.660689103541905	52.384363994287675	52.1958274370582	52.66301271900277	53.20506883591548	55.26075969499182	57.199186877150716	58.35502435007192	50.46008221914248
2019-10-07	52.0	52.29999923706055	49.79999923706055	50.650001525878906	48.857078552246094	177502	51.84423499201976	52.37344802101862	52.21918661634398	52.135206813090385	52.610038740236355	53.15447344363753	55.21488150425438	57.15567069541469	58.312920400212946	44.931010637789385
2019-10-09	50.5	51.0	49.099998474121094	50.0	48.23008728027344	528786	51.22948999467984	52.034384018015956	52.00783551002551	52.05147321257704	52.54135351023014	53.09200862297144	55.16299213605284	57.10812471072755	58.26749460567626	42.93513793294019
2019-10-10	50.5	50.5	49.400001525878906	49.650001525878906	47.892478942871094	269998	50.70299383841286	51.693757947710665	51.783279892487734	51.95729785231436	52.46526530011563	53.02385006659337	55.108136508090915	57.058569074947826	58.22040447955715	41.856959143378894
2019-10-11	49.70000076293945	50.349998474121094	49.29999923706055	49.849998474121094	48.08539581298828	490041	50.4186620503156	51.43036373719787	51.599157852643295	51.87465866101267	52.39644248890525	52.96100152020778	55.05581672665838	57.010671595872566	58.17466455603018	42.74178464372159
2019-10-14	50.70000076293945	50.900001525878906	49.04999923706055	50.04999923706055	48.278316497802734	477453	50.29577444589725	51.23316880860683	51.45161893687351	51.80310338948513	52.334693982277756	52.90335791064051	55.00600759740865	56.964421281196074	58.13026747778444	43.66505884592478
2019-10-15	50.349998474121094	50.349998474121094	49.0	49.900001525878906	48.133628845214844	509451	50.16385013922447	51.04271633964569	51.30384585011212	51.72847194385351	52.27062312816199	52.84388550698186	54.95520156684616	56.917481615047784	58.08529334689971	43.1036942108333
2019-10-16	50.0	50.20000076293945	49.400001525878906	49.650001525878906	47.892478942871094	555075	49.99256726810928	50.84375708053615	51.14633686685181	51.64696330001137	52.201659401786124	52.78064027963329	54.902413506737034	56.86919271080082	58.039198856074464	42.13148916818236
2019-10-17	49.5	50.400001525878906	49.400001525878906	50.04999923706055	48.278316497802734	427419	50.01171125775971	50.73036310289678	51.04192375925264	51.584337258327025	52.14503676587229	52.726568179780365	54.854130777685526	56.823882455161346	57.99554202755526	44.29634629435476
2019-10-18	50.0	54.95000076293945	49.849998474121094	51.95000076293945	50.111061096191406	688283	50.65780775948629	50.90459705433145	51.12840728341329	51.59867700360594	52.13990423947932	52.711190607169655	54.8252339616184	56.79149785919974	57.96250628293987	53.24393501619542
2019-10-22	51.0	58.0	51.0	57.04999923706055	55.0305290222168	2960916	52.788538252011044	51.782511651864176	51.69236842185588	51.812454346094356	52.26911726573146	52.79710760974175	54.84737092953325	56.79321547632838	57.957519905639984	68.0699097813094
2019-10-23	56.75	56.75	52.79999923706055	53.099998474121094	51.22035217285156	2266410	52.89235832604773	51.97072405504374	51.82642842683352	51.86294627268364	52.29098256068908	52.80310544864035	54.82998413893213	56.76867582847318	57.93097607268086	53.83222301141291
2019-10-24	53.5	54.45000076293945	52.45000076293945	53.0	51.12389373779297	932133	52.92823888403182	52.11776347575178	51.938197148087475	51.90753661493134	52.30964091435516	52.807004350647475	54.811775341529824	56.74363479306804	57.904030848239984	53.526985487540536
2019-10-25	53.0	53.75	52.25	53.0	51.12389373779297	477020	52.95215925602121	52.243797264930095	52.039321229222004	51.95037831630658	52.327808258714235	52.81082604667426	54.79374772619122	56.718760143280214	57.877232865462716	53.526985487540536
2019-10-29	53.95000076293945	59.400001525878906	53.25	55.650001525878906	53.68008804321289	2424167	53.851440012640445	52.73039787363707	52.38319554318933	52.09546157942707	52.41523439732383	52.86704734329217	54.80226766449657	56.71165875711808	57.86506220240488	60.423844238230984
2019-10-30	56.04999923706055	56.150001525878906	54.099998474121094	55.70000076293945	53.72831726074219	1411401	54.467626929406784	53.154626857823125	52.699081754594104	52.23681605721187	52.501675617471605	52.92314543080994	54.81120033214277	56.70493677709032	57.8532312655772	60.54282545533991
2019-10-31	55.79999923706055	56.75	54.400001525878906	55.849998474121094	53.87300491333008	797059	54.928417444311556	53.53967994586569	52.999169061215724	52.37850948532596	52.58978937685712	52.9811029168161	54.82153663206295	56.699256123914445	57.842284638301486	60.92238402323116
2019-11-01	56.599998474121094	56.75	55.5	55.599998474121094	53.63185501098633	499487	55.152277787581404	53.83401116418789	53.246867100540044	52.504842386847336	52.669005405732484	53.03296223478253	54.82928252103866	56.69195208637429	57.830031708442576	59.88834907477333
2019-11-04	56.29999923706055	56.900001525878906	54.150001525878906	54.900001525878906	52.95663833618164	737806	55.068185700347236	53.98629550157232	53.40430847438184	52.598770196221125	52.72771582994687	53.069933309853745	54.82998619272861	56.6800454381318	57.81402061454879	56.97250392884994
2019-11-05	55.04999923706055	56.20000076293945	54.900001525878906	55.5	53.535396575927734	553307	55.21212380023149	54.2025390013477	53.60389814348834	52.71254391401637	52.80067067652721	53.11805344233189	54.83665299678106	56.67220460465584	57.80137569315781	58.823111455545614
2019-11-06	55.5	58.25	55.099998474121094	56.900001525878906	54.885841369628906	541370	55.774749708780625	54.58789079056645	53.917812751335056	52.87675793801098	52.90854780414173	53.19294350339223	54.857183827916366	56.673718205461306	57.79645015126011	62.83930909868369
2019-11-07	56.849998474121094	58.25	56.54999923706055	57.5	55.464599609375	748942	56.34983313918708	55.0039063919141	54.2589734416841	53.05806154828506	53.02937549350642	53.278231750849805	54.883480506245554	56.67920844994329	57.79483020507836	64.4400781111449
2019-11-08	57.04999923706055	58.0	56.54999923706055	57.0	54.9822998046875	459254	56.56655542612472	55.28906262164066	54.520023590095136	53.21264736992094	53.133865612098354	53.351930132021096	54.904540401705795	56.68133995525928	57.790486870624385	62.041617756320036
2019-11-11	55.54999923706055	57.099998474121094	55.54999923706055	56.45000076293945	54.4517707824707	317918	56.527703871729635	55.45491092754049	54.70383093988983	53.339602404941274	53.22113232659417	53.413278065306606	54.91991811674295	56.67980281776879	57.78316180992665	59.421638371418126
2019-11-13	56.04999923706055	56.75	53.650001525878906	54.20000076293945	52.28141403198242	1083403	55.75180283546624	55.275638046883195	54.65584711351361	53.373343517019634	53.24689202228747	53.42885673258647	54.91275475998869	56.66332572770348	57.76358169491579	50.10062703449879
2019-11-14	53.099998474121094	54.400001525878906	52.25	53.849998474121094	51.94380187988281	307306	55.11786804835119	55.07197525077432	54.57909962404766	53.39203586827851	53.262763244704146	53.43719617301289	54.90218007057707	56.64463252336074	57.74219599425571	48.81779549867928
2019-11-15	54.0	54.79999923706055	52.099998474121094	52.95000076293945	51.07566452026367	363702	54.39524561988061	54.76883603822648	54.42394735156116	53.37470115826522	53.25453265307876	53.427548739150055	54.88275540084933	56.62008347511874	57.71600913506819	45.58551851765498
2019-11-18	53.5	53.5	51.5	51.79999923706055	49.96636962890625	328083	53.53016349227392	54.344716495202775	54.17404753113253	53.312948141747384	53.21625545792039	53.39532003613838	54.85208121016486	56.58805633732433	57.683681212128256	41.77898237197112
2019-11-19	51.75	53.79999923706055	51.29999923706055	52.75	50.88274383544922	284113	53.27010899484928	54.11689985303095	54.03842395673895	53.2908717440318	53.2039855774488	53.382541421561385	54.831164979217945	56.56255430186038	57.6567212055046	45.804972630986136
2019-11-20	53.04999923706055	53.900001525878906	52.29999923706055	53.5	51.60619354248047	260146	53.34673932989952	54.02877130259796	53.987145484668574	53.299072852108985	53.21177543067383	53.38486733400571	54.81791955653916	56.542205103841376	57.63400688197726	48.81426159985047
2019-11-21	54.0	55.0	53.29999923706055	53.95000076293945	52.04026412963867	305792	53.547826474246165	54.01751836836103	53.98360789212294	53.324599436847436	53.231202413101876	53.3960580949747	54.80928354864265	56.524981154732394	57.61387570099891	50.587148535330726
2019-11-22	54.5	54.75	53.54999923706055	54.54999923706055	52.61902618408203	215200	53.88188406185096	54.09358706388954	54.037549924974144	53.37265433097344	53.26590759267974	53.41890841461996	54.80670360524382	56.511858351292716	57.59713320666045	52.92821792556717
2019-11-25	54.54999923706055	55.20000076293945	53.75	54.150001525878906	52.233184814453125	311485	53.97125654986028	54.101646272745164	54.04825960125079	53.40313853469522	53.28917322250077	53.43338550593202	54.80016925619541	56.4961649504594	57.57829642151957	51.18710483717348
2019-11-26	54.20000076293945	55.900001525878906	52.650001525878906	53.79999923706055	51.895572662353516	668304	53.91417077892704	54.058553839075934	54.0246157570422	53.418701699493866	53.30261601235761	53.440645183776155	54.790217315706506	56.478250228111236	57.55764998881761	49.64809856263765
2019-11-27	53.95000076293945	56.5	53.5	53.75	51.84734344482422	968567	53.85944718595136	54.014474719207946	53.99846187541913	53.43169378970979	53.31438927519031	53.44677102172118	54.7798668946547	56.460122319618804	57.53684315827762	49.41950950817912
2019-11-28	53.20000076293945	54.150001525878906	52.75	52.900001525878906	51.027435302734375	351371	53.53963196592721	53.855264263018086	53.89384660403435	53.41084311269682	53.303484334418954	53.43594390299163	54.76116176660718	56.43646703195276	57.51150522586014	45.577627869224536
2019-11-29	53.150001525878906	53.70000076293945	52.5	52.79999923706055	50.930973052978516	172744	53.293087722971656	53.704512116452726	53.78967066432256	53.38688845090716	53.29023472659373	53.42335093930983	54.741647711586815	56.41230445524251	57.485759291495114	45.13308155427808
2019-12-02	52.900001525878906	53.099998474121094	52.099998474121094	52.29999923706055	50.44866943359375	148049	52.96205822766795	53.5038674193967	53.64779719505951	53.3442653444818	53.2641758979218	53.401106351146474	54.717352701890036	56.38498016807851	57.45742180485886	42.8810451533544
2019-12-03	52.349998474121094	52.900001525878906	50.599998474121094	50.900001525878906	49.09823226928711	286906	52.27470599373827	53.131886577465586	53.38610236942326	53.24841186139933	53.20196078286804	53.35157952292335	54.67936910809888	56.34853512726656	57.42158890715952	37.272940832381366
2019-12-04	51.04999923706055	51.849998474121094	50.29999923706055	51.5	49.6769905090332	198001	52.01647066249218	52.89875992354193	53.206473572335334	53.179846690364066	53.15717234121362	53.314914581875364	54.64773359458546	56.31631894701894	57.38923049783077	40.843689672944144
2019-12-05	51.099998474121094	51.5	50.400001525878906	50.599998474121094	48.80884552001953	340817	51.54431326636848	52.570365430767524	52.95823784869588	53.07867617208003	53.089878292079604	53.26115386687033	54.60745762323756	56.27833675118573	57.352130869285915	37.40413820029681
2019-12-06	50.900001525878906	51.099998474121094	49.04999923706055	49.349998474121094	47.60309600830078	218362	50.81287500228602	52.11031300838946	52.614596003498285	52.93245351725811	52.99146040213333	53.183705245231735	54.55514459687819	56.232301280906235	57.30840336985879	33.21981257827824
2019-12-09	50.5	50.5	48.900001525878906	49.29999923706055	47.554866790771484	325468	50.308583080544196	51.70883961248533	52.298920120980405	52.79000432979938	52.89431668726299	53.106800175763	54.50285459329792	56.18623947330593	57.26464159864131	33.06049882450564
2019-12-10	49.349998474121094	49.75	48.900001525878906	49.150001525878906	47.410179138183594	163592	49.9223892289891	51.3432913143987	51.99902311192312	52.6472591218025	52.79578207775288	53.028447727250445	54.44959237372161	56.13948706169512	57.22029930316174	32.556076737878534
2019-12-11	49.150001525878906	49.95000076293945	48.29999923706055	48.54999923706055	46.83141326904297	190556	49.464925898346245	50.944249589064675	51.670544647650495	52.486582263577326	52.68405095036624	52.93976557892985	54.390889954451346	56.089058571165985	57.17292061427594	30.54825974619338
2019-12-12	48.599998474121094	50.0	48.599998474121094	49.75	47.98893737792969	160503	49.559950598897494	50.77364250491258	51.487635633588546	52.37926531206449	52.60683908325134	52.87660190409956	54.34471194495432	56.0469385806599	57.13235820654766	38.691976753764365
2019-12-13	50.0	50.400001525878906	49.5	50.04999923706055	48.278316497802734	190222	49.72330014495184	50.67026489521943	51.35071788153826	52.28792154441728	52.53955382414105	52.82062957405918	54.30197848517428	56.007091807612724	57.09365679141385	40.56818837453081
2019-12-16	50.349998474121094	50.45000076293945	48.79999923706055	49.349998474121094	47.60309600830078	333612	49.598866254674924	50.4816554064911	51.16017317606996	52.1727088749939	52.45561815703526	52.75190420574358	54.25270505222848	55.9628586293171	57.05134171864176	37.67126035026248
2019-12-17	49.25	50.20000076293945	48.79999923706055	49.45000076293945	47.69955825805664	697734	49.549244424096436	50.33427617169801	50.997299612914674	52.06593600785451	52.37652296245379	52.686519979153395	54.204916949847494	55.91958382621824	57.00980433637016	38.348576313002965
2019-12-18	49.400001525878906	49.900001525878906	48.79999923706055	49.04999923706055	47.313716888427734	593666	49.38282936175114	50.15080803817837	50.8118424342619	51.94766397762729	52.28898286441713	52.614509667428784	54.15362423628743	55.873938745891614	56.96630813364169	36.633747753168954
2019-12-19	49.5	49.5	48.25	48.349998474121094	46.638492584228516	1416027	49.038552399207795	49.89354952902733	50.57738110472468	51.80657905592117	52.18532538046197	52.53006390122467	54.09587671626587	55.8239457872752	56.919224474300044	33.78643374755383
2019-12-20	48.349998474121094	49.099998474121094	47.20000076293945	47.900001525878906	46.20442581176758	397516	48.6590354414315	49.608756957148984	50.322392573406034	51.653379937095984	52.0725537000782	52.43837949775248	54.03422621685903	55.77129499484067	56.86993910299719	32.06126943327566
2019-12-23	48.0	48.400001525878906	47.5	47.849998474121094	46.156192779541016	217500	48.38935645232803	49.35750574528786	50.08692646871223	51.50422772286167	51.96143382571091	52.34752046758156	53.97269161245368	55.71866179536745	56.82064980994323	31.86655646645914
2019-12-24	47.849998474121094	48.95000076293945	47.29999923706055	48.0	46.30088424682617	258521	48.25957096821869	49.16357635310388	49.88817156693011	51.366807027847486	51.857185567139574	52.26143095337203	53.913261845165586	55.66737500602947	56.772449537757744	33.17760878378698
2019-12-26	48.20000076293945	48.400001525878906	47.349998474121094	47.75	46.05973434448242	232980	48.08971397881246	48.96163687408904	49.684536179603434	51.224971458127975	51.749101736425374	52.17209568696862	53.851935856656475	55.61476786313226	56.72314653481918	32.06999687617754
2019-12-27	47.900001525878906	48.400001525878906	47.400001525878906	47.599998474121094	45.915042877197266	409234	47.92647547724867	48.76711710266505	49.48600877908131	51.08281565483359	51.639914808469996	52.08155910849639	53.789727524491944	55.5615135814777	56.67329326672793	31.39280306349475
2019-12-30	48.20000076293945	48.70000076293945	47.650001525878906	48.20000076293945	46.493804931640625	210084	48.017650572478935	48.68610048270425	49.36353182516304	50.96976409044558	51.54939075464024	52.00469656700022	53.734108352735205	55.51259987504223	56.626991121898484	37.11307091368344
2019-12-31	48.5	48.5	47.79999923706055	48.0	46.30088424682617	185312	48.01176704831929	48.58808612803221	49.233671651337986	50.85330275356536	51.45598573478129	51.9253956448814	53.67705254823038	55.46268226789909	56.57984909390997	36.03454843318586
2020-01-01	48.150001525878906	50.400001525878906	48.150001525878906	49.20000076293945	47.45840835571289	387963	48.40784495319268	48.67550250444753	49.23046490006193	50.78846738138395	51.3966177092065	51.8714274293974	53.63250476927226	55.42106976620501	56.53952205385002	46.146810055040966
2020-01-02	49.45000076293945	50.0	49.099998474121094	49.349998474121094	47.60309600830078	360953	48.72189612683548	48.77185907154375	49.24184904997233	50.73205683600109	51.3427593082832	51.82149814315431	53.58989276633543	55.38073042207156	56.50023503975314	47.2689753437802
2020-01-03	49.70000076293945	52.29999923706055	49.20000076293945	50.0	48.23008728027344	751530	49.147930751223655	48.94730777560893	49.314053902355916	50.703348724785364	51.30742353701259	51.78542887299284	53.554172440302246	55.344978060463106	56.46471462969985	51.94226914866268
2020-01-06	50.20000076293945	50.25	48.099998474121094	48.25	46.54203414916992	243048	48.84862050081577	48.84769237909337	49.21271543546488	50.607138970872214	51.22696502288068	51.715420380458326	53.501394605075355	55.2978353490979	56.41982547871788	41.323730512766694
2020-01-07	48.0	49.849998474121094	48.0	48.95000076293945	47.21725845336914	1396265	48.882413921523664	48.862307862499954	49.18769499046246	50.54215315879642	51.16704491077696	51.660659595953	53.456107104158576	55.255657046199836	56.37900676442401	46.07268270399773
2020-01-08	48.099998474121094	52.0	48.099998474121094	48.79999923706055	47.07256317138672	632335	48.854942360035956	48.85340663029432	49.15077158537657	50.473833397159716	51.10475423515284	51.60401285617295	53.40977767264516	55.21276230992648	56.33759142274443	45.227940939953456
2020-01-09	49.29999923706055	50.849998474121094	49.25	49.849998474121094	48.08539581298828	809043	49.18662773139767	48.99577689369815	49.217364622399856	50.44936928253075	51.07173434670464	51.56927989811252	53.37435698410263	55.17712932762877	56.302140095156325	51.87903087636874
2020-01-10	50.0	50.29999923706055	48.5	48.75	47.02433395385742	2294488	49.04108515426511	48.96066590888413	49.17285370598082	50.38272734988249	51.01063607442293	51.51345257339742	53.32834348177325	55.1344241493721	56.260871570046184	45.627983238608
2020-01-13	48.79999923706055	49.900001525878906	48.400001525878906	48.849998474121094	47.120792388916016	372857	48.97738959421711	48.94485627534655	49.14210558866085	50.322620335146745	50.95377719020446	51.46071090806522	53.283782834930946	55.0926671681412	56.22037499575151	46.26189567176941
2020-01-14	48.95000076293945	49.79999923706055	48.45000076293945	49.54999923706055	47.796016693115234	365275	49.16825947516492	49.03130526987712	49.18095260279415	50.29232146855513	50.91683566512173	51.422875033391854	53.246630759330245	55.05583880979515	56.18392485499364	50.60340432042667
2020-01-15	49.099998474121094	49.45000076293945	48.75	49.04999923706055	47.313716888427734	368868	49.128839395796795	49.033975836617614	49.16848085367666	50.24360294967299	50.867708390699065	51.37588739386054	53.204873231745474	55.01593289901286	56.144941654895646	47.64259838816688
2020-01-16	49.25	51.900001525878906	49.150001525878906	50.0	48.23008728027344	1348130	49.41922626386453	49.171979288529386	49.2476731533265	50.234049892823066	50.844873959364875	51.34864209893261	53.17298394585746	54.98260444121211	56.111362738748674	53.24065469460509
2020-01-17	50.25	52.849998474121094	49.70000076293945	52.150001525878906	50.30398178100586	6037298	50.32948468453599	49.59741103672217	49.524085379283875	50.30918525098212	50.87921942164156	51.364510602436496	53.162805016305434	54.96378315938266	56.08971595616469	62.90679393274582
2020-01-20	52.5	52.650001525878906	49.79999923706055	50.099998474121094	48.32654571533203	1020449	50.25298928106436	49.66920924206487	49.578934245458846	50.30098184796796	50.85871360723313	51.339470758311435	53.13232932931852	54.931465653168296	56.0569852595415	51.891810020867226
2020-01-21	49.79999923706055	50.70000076293945	49.599998474121094	49.849998474121094	48.08539581298828	582239	50.11865901208327	49.69503627521576	49.60474988628382	50.28329622546416	50.83216847215123	51.309976257634396	53.0996693208091	54.89770175164639	56.02306729896543	50.72531929767686
2020-01-22	50.349998474121094	50.599998474121094	49.400001525878906	49.75	47.98893737792969	657024	49.99577267472218	49.70288823589922	49.618583230447264	50.26238264799498	50.80369035446304	51.27908563867134	53.06633927781597	54.86349775329658	55.98878824268693	50.238844706788235
2020-01-23	49.95000076293945	50.349998474121094	48.75	49.349998474121094	47.60309600830078	448620	49.78051460785515	49.652475412788064	49.593003729844774	50.226602876470515	50.76543530498036	51.24088589283866	53.02936076235632	54.82686320659109	55.95251070296799	48.24566424885835
2020-01-24	49.349998474121094	49.650001525878906	47.599998474121094	47.95000076293945	46.252655029296875	1386788	49.17034332621659	49.409264748523974	49.43652725680617	50.13732436221439	50.69134492229507	51.17571985066244	52.978819866839736	54.7811697684273	55.908781140454174	41.969539821872125
2020-01-27	47.75	48.20000076293945	47.150001525878906	47.400001525878906	45.72212600708008	531816	48.5802293927707	49.12222714528897	49.24257242528929	50.02997836863261	50.60473062238938	51.100953151161775	52.92330923658142	54.73212546116784	55.86228507698655	39.78016901128479
2020-01-28	47.400001525878906	47.849998474121094	45.599998474121094	46.0	44.371681213378906	672315	47.7201529285138	48.676194695961975	48.93375600383317	49.87194000123525	50.483553500747554	50.99994417787144	52.854420587461206	54.674104693984	55.808392808806296	34.80329562673798
2020-01-29	46.400001525878906	47.0	45.04999923706055	45.349998474121094	43.74468994140625	707383	46.93010144371623	48.20102380712756	48.592445762908206	49.694608960956266	50.34845994741528	50.88806406492589	52.779749720661805	54.61215049983208	55.75124311298834	32.75435412723223
2020-01-30	45.5	45.54999923706055	42.75	43.5	41.960174560546875	1812125	45.786734295810824	47.52944897753791	48.10745092834552	49.451683119350136	50.16823731722014	50.74176576661053	52.687413902545764	54.53831561279001	55.68429642931081	27.747404413586747
2020-01-31	43.849998474121094	44.0	42.5	43.04999923706055	41.52610397338867	671561	44.8744892762274	46.88952758604115	47.625788862508855	49.20063669259368	49.9809152624791	50.58945355810459	52.59151922925735	54.461981284712074	55.615256553943325	26.67908366840545
2020-02-03	42.25	43.150001525878906	41.5	41.75	40.27212142944336	351555	43.832992850818265	46.15530935946384	47.066189923222296	48.90845486151158	49.764312229255964	50.41441487378568	52.48364341603091	54.37751629278708	55.53949012468681	23.825234521275
2020-02-04	42.0	43.25	42.0	42.400001525878906	40.89911651611328	1037724	43.355329075838476	45.618836811808855	46.62179102823721	48.65322139736912	49.570514579167096	50.25571361937168	52.383308670855264	54.29793147706011	55.467689640540314	27.97387785231488
2020-02-05	42.79999923706055	44.5	42.25	43.150001525878906	41.62256622314453	862950	43.286886559185284	45.26614605667601	46.29114440896499	48.437408853389115	49.40155370934372	50.115006449203506	52.291434967920175	54.22385885279977	55.40037986942195	32.539265006012066
2020-02-06	43.25	43.849998474121094	42.75	43.099998474121094	41.57433319091797	409460	43.224590530830554	44.95669640202531	45.98722574850367	48.22809864243743	49.23572330841681	49.97609540019197	52.199977888379884	54.14994615925374	55.33316467054052	32.39184947012943
2020-02-07	43.099998474121094	45.45000076293945	41.5	44.900001525878906	43.31061935424805	43233191	43.78306086251334	44.948597134004395	45.883680584444164	48.09758503002337	49.12162536677108	49.87557868980954	52.12734130765848	54.08848473311836	55.276152850077885	42.49194754331914
2020-02-10	45.45000076293945	45.45000076293945	43.650001525878906	44.0	42.44247817993164	5946918	43.85537390834222	44.813083257718056	45.70428243354472	47.936895421002845	48.98684575185605	49.75923059694202	52.04647223992059	54.02145161196807	55.21453452849276	39.32831143837354
2020-02-11	44.400001525878906	45.45000076293945	43.849998474121094	45.0	43.40707778930664	4172173	44.23691593889482	44.83978564947262	45.63720791606427	47.82172305155175	48.88192875838615	49.66498840690356	51.97635808827959	53.961508411888545	55.15871739992176	44.291311269290915
2020-02-12	45.0	45.29999923706055	42.75	43.79999923706055	42.24955749511719	7572451	44.091277038283394	44.69124473341375	45.46223566092106	47.664008392159936	48.748193770982844	49.54885000750073	51.895001283789846	53.893990078500984	55.09664790176405	40.05682342990756
2020-02-13	44.20000076293945	47.900001525878906	43.70000076293945	47.400001525878906	45.72212600708008	8877850	45.194185200815234	45.0782099894802	45.646784790917046	47.65365518171754	48.712715027690635	49.50629855241911	51.85027491803949	53.850840652902164	55.05458972484664	54.20265770695545
2020-02-14	47.29999923706055	48.5	46.29999923706055	46.54999923706055	44.9022102355957	3033430	45.646123212897	45.28846559627739	45.73280521435928	47.610374556436874	48.655801454253	49.447757971916964	51.79753585653721	53.802330078710526	55.00811655278224	51.13431905692818
2020-02-17	46.849998474121094	47.70000076293945	45.0	45.45000076293945	43.84115219116211	1773193	45.58074906291115	45.311542048657685	45.7058714570812	47.52565401551541	48.5714382781658	49.3685944628283	51.734376303367085	53.746832873954574	54.95588641185414	47.395164517073155
2020-02-18	45.400001525878906	45.75	43.349998474121094	44.349998474121094	42.780086517333984	1439825	45.1704988666478	45.174178680866746	45.576740696799284	47.40111850408818	48.46034775700673	49.269216324438055	51.66089990705618	53.68439543608193	54.897930740063245	43.935287955697575
2020-02-19	44.849998474121094	46.400001525878906	44.45000076293945	45.45000076293945	43.84115219116211	1519470	45.263666165411685	45.21358183544856	45.56467022690787	47.324604082866664	48.38112809926812	49.193588293517294	51.59909991557243	53.62968185021387	54.846302707401364	48.0216229606866
2020-02-20	45.45000076293945	46.5	45.099998474121094	45.29999923706055	43.69645690917969	829756	45.27577718929464	45.22592717853598	45.53946346597003	47.24520781440368	48.30004576078897	49.116487520122114	51.53642229688077	53.57433512188727	54.79413711466726	47.5130606741496
2020-02-24	44.900001525878906	45.79999923706055	43.70000076293945	44.349998474121094	42.780086517333984	1085897	44.96718428423679	45.10079450647671	45.42618108579394	47.131670193216124	48.19609714798192	49.02210159841912	51.464915592176695	53.51304384848019	54.73706531881728	44.31235933257476
2020-02-25	44.599998474121094	44.900001525878906	43.25	43.400001525878906	41.86371612548828	701467	44.44479003145083	44.85782408067703	45.233211603897274	46.98533024547741	48.069884105294996	48.910772884111395	51.3846676910195	53.445847553977856	54.67511415054986	41.31510276051452
2020-02-26	43.0	43.70000076293945	42.650001525878906	43.20000076293945	41.67079544067383	1328888	44.02986027528037	44.62099217814309	45.039572476187004	46.83688595204455	47.94172928049617	48.79768828765255	51.30322821909831	53.37776883775833	54.612408612912645	40.691091378841385
2020-02-27	43.0	44.79999923706055	42.29999923706055	44.150001525878906	42.5871696472168	8278375	44.06990735881322	44.55370779924821	44.95485143330052	46.73151793533217	47.841946971164134	48.70565488642931	51.23205183409115	53.31645476924086	54.55523698948623	44.944720591458605
2020-02-28	42.0	43.20000076293945	40.25	41.29999923706055	39.838050842285156	2085714	43.14660465156233	44.08889229036426	44.60677027175385	46.51851720206662	47.66979045184562	48.55900823990715	51.13322544009085	53.2366112108875	54.48280399630358	36.48968010304102
2020-03-02	42.099998474121094	43.20000076293945	41.0	41.400001525878906	39.934513092041016	1343878	42.564403609667856	43.70476503829492	44.30136372452767	46.31779109711808	47.504796006425444	48.41724573071847	51.036377440944456	53.1579626415519	54.41131327242148	36.937965302608625
2020-03-03	41.5	42.54999923706055	38.75	39.45000076293945	38.05353927612305	3956125	41.526269327425055	43.096941570386996	43.839329156757366	46.04846598597382	47.29282771054423	48.23967652343572	50.92109011081505	53.06687983837175	54.329557466358736	32.16964048029728
2020-03-04	39.900001525878906	40.75	38.20000076293945	39.20000076293945	37.8123893737793	2928488	40.75084647259652	42.54023574075163	43.397488357346134	45.77989872232541	47.0798585803441	48.06067304302985	50.80446235610982	52.974741106973525	54.24688229311601	31.60631851416076
2020-03-05	39.25	39.70000076293945	38.0	38.5	37.137168884277344	1417983	40.000564315064345	41.963059206358544	42.93106089474174	45.49441249792049	46.85407282822978	47.871352784752034	50.682029894855	52.878563425199616	54.16083375599516	30.02113074422934
2020-03-06	37.099998474121094	37.349998474121094	36.0	36.900001525878906	35.593807220458984	939473	38.96704338533586	41.23976525200431	42.35667428818338	45.15737677352671	46.592123583431075	47.65409830437831	50.54489528421842	52.7723935786925	54.066512268398895	26.72212189962423
2020-03-09	36.599998474121094	37.099998474121094	33.849998474121094	34.29999923706055	33.085838317871094	1883440	37.41136200257743	40.24837010701234	41.58937190236215	44.73159726229274	46.26864662694764	47.389660699084885	50.38325452753028	52.64965341695408	53.95849853598721	22.412113701481246
2020-03-11	34.54999923706055	36.900001525878906	33.20000076293945	34.599998474121094	33.37521743774414	952203	36.474240826425316	39.44145987374216	40.923717290148716	44.33427966275659	45.96157693871537	47.13640006096679	50.226207203615765	52.52972215487546	53.85271438264368	23.93656719660151
2020-03-12	33.400001525878906	33.45000076293945	27.700000762939453	28.0	27.00885009765625	2665245	33.649493884283544	37.80696560606471	39.69288707203931	43.693719675981825	45.488903861380756	46.757461445898144	50.00505091303253	52.366733967799874	53.71144271935055	16.333272356244976
2020-03-13	25.200000762939453	33.599998474121094	22.399999618530273	33.0	31.831857681274414	4119681	33.432995922855696	37.12025623376975	39.055469255654614	43.27435812006097	45.16024849660758	46.48503646677145	49.835846426335685	52.238051350073626	53.59826543673115	33.55299738301473
2020-03-16	30.850000381469727	31.299999237060547	27.899999618530273	28.25	27.25	1191577	31.70533061523713	35.85307677180264	38.02637694559227	42.68516760554877	44.71524195722317	46.12394663574627	49.621061884780104	52.078662304558186	53.45975032505502	27.716857346450325
2020-03-17	27.649999618530273	32.70000076293945	27.299999237060547	31.100000381469727	31.100000381469727	2651270	31.503553870647995	35.17406585889794	37.36672203472345	42.230847322251556	44.35694612628229	45.826442749522975	49.43677271559294	51.939269202079196	53.337565899133786	35.020004477152746
2020-03-18	31.899999618530273	33.400001525878906	25.549999237060547	27.100000381469727	27.100000381469727	1667734	30.035702707588573	34.020627933551054	36.38893902012786	41.63748077555423	43.90281597510301	45.455622108571426	49.21451627445738	51.774224226526975	53.19419122417387	30.38053614735051
2020-03-19	27.100000381469727	27.899999618530273	23.75	26.450000762939453	26.450000762939453	1033193	28.840468726038868	32.939109766320826	35.4423734718242	41.04189332407914	43.4435313642566	45.07927317103416	48.988003682302974	51.60595696098819	53.048048106899365	29.692151030804137
2020-03-20	27.950000762939453	27.950000762939453	25.149999618530273	25.549999237060547	25.549999237060547	1093332	27.743645563046094	31.883522547855073	34.5002425923229	40.43436806576469	42.972648939856704	44.69255487531191	48.75478970772345	51.43282767378601	52.8977855447691	28.72172727491848
2020-03-23	24.5	24.5	20.450000762939453	20.450000762939453	20.450000762939453	1229148	25.312430629677213	30.250162292867127	33.16212432285781	39.65066738722252	42.379947672043095	44.21250429882929	48.47315001673057	51.2269617142455	52.72047524541484	23.945773519889432
2020-03-24	21.5	21.5	18.450000762939453	20.399999618530273	20.399999618530273	1096451	23.674953625961567	28.842996196533292	31.94668387482661	38.89573923943067	41.80152798642433	43.74096955268475	48.19381518689773	51.02213140131716	52.543860624502905	23.903806203438627
2020-03-25	20.75	22.399999618530273	19.950000762939453	21.649999618530273	21.649999618530273	1301680	22.999968956817803	27.815425256818575	30.966047278988864	38.21943572488556	41.27122460832186	43.30352460349358	47.92969761905328	50.826967734986354	52.375041711901964	27.33256482674061
2020-03-26	21.450000762939453	23.0	20.350000381469727	20.700000762939453	20.700000762939453	2432548	22.233312892191687	26.79893604340727	29.988328563174633	37.5323990597112	40.72987661239074	42.855930071997456	47.65875536177852	50.626788552447834	52.20195405644315	26.360434924168686
2020-03-27	21.5	21.850000381469727	19.049999237060547	19.700000762939453	19.700000762939453	1914430	21.388875515774277	25.784802431911867	29.00848782029509	36.8330893225829	40.176458826878864	42.397396818352746	47.38055879860599	50.42129494587303	52.024347754292855	25.338809430339936
2020-03-30	19.350000381469727	21.649999618530273	18.649999618530273	21.350000381469727	21.350000381469727	2116350	21.37591713767276	25.151259281848706	28.279108064216484	36.22590936410787	39.68102570989441	41.98061669088972	47.121548267092194	50.22813019793679	51.85672836974191	30.14918676246166
2020-03-31	22.600000381469727	22.600000381469727	20.5	21.600000381469727	21.600000381469727	1200039	21.45061155227175	24.643936581794566	27.643002570621555	35.6523443059652	39.20520925388324	41.57704013030715	46.8676025169865	50.037910066265916	51.69139105833059	30.8758859250957
2020-04-01	21.5	22.149999618530273	20.200000762939453	20.649999618530273	20.649999618530273	1045971	21.183740907691256	24.073374158471097	26.977002289470004	35.06401706332069	38.71691426347921	41.16264328848978	46.6067308463551	49.84264155830754	51.521765968495615	29.615034079396796
2020-04-03	22.0	22.0	20.799999237060547	21.0	21.0	734342	21.12249393846084	23.63432070726094	26.407763976187148	34.51248698240615	38.25067967759818	40.763383025351374	46.35193750460032	49.650996099448356	51.354980362110396	30.73724283671308
2020-04-07	22.0	22.5	21.200000762939453	22.0	22.0	1617886	21.414995958973893	23.400846320509377	25.98797693083599	34.02180121839022	37.82303021239822	40.3918308862355	46.10962966873365	49.46726855061481	51.194570633355696	33.9762371579473
2020-04-08	22.049999237060547	24.200000762939453	22.049999237060547	23.600000381469727	23.600000381469727	993746	22.143330766472506	23.42929690064657	25.76055059280111	33.61310314635413	37.448739953689575	40.05931939109163	45.88565325791511	49.2953930146072	51.04378063197927	38.89957262164244
2020-04-09	23.700000762939453	24.950000762939453	23.700000762939453	24.0	24.0	718180	22.76222051098167	23.510825914839916	25.592879107772433	33.2361187092422	37.09482574438196	39.74131306651555	45.6678855638065	49.127317313513466	50.896000409946595	40.10209987587491
2020-04-13	24.0	24.799999237060547	22.649999618530273	22.899999618530273	22.899999618530273	877518	22.80814688016454	23.42356501536711	25.336414394511273	32.830780705684866	36.72127768843849	39.407821711109904	45.44133943499778	48.95304942185245	50.74301679906454	37.89342167543951
2020-04-15	23.899999618530273	24.700000762939453	22.899999618530273	23.350000381469727	23.350000381469727	1570741	22.988764713932934	23.413055781953197	25.147232107554935	32.4589853988529	36.36940196983405	39.08984505111703	45.2215251160572	48.78292949467382	50.59332818476074	39.36470371082431
2020-04-16	23.450000762939453	25.649999618530273	23.350000381469727	25.649999618530273	25.649999618530273	1217739	23.87584301546538	23.732619187178493	25.195114727647823	32.19196634864417	36.08731243427343	38.823709497996504	45.026783568818125	48.62922231941705	50.457025842868774	46.3591466654068
2020-04-17	27.0	28.200000762939453	26.0	28.200000762939453	28.200000762939453	1688580	25.31722893129007	24.370816555144344	25.48129435005655	32.03541867861654	35.87975160081727	38.61333902799537	44.85935289413276	48.493479983493614	50.33540275500031	52.85269224824174
2020-04-20	29.450000762939453	31.0	28.200000762939453	31.0	31.0	1575464	27.211485954193382	25.317842761552296	26.00688536433688	31.994814024553143	35.75133708500629	38.462579839322196	44.721448885235915	48.37724423609499	50.229744816448395	58.756639642974065
2020-04-21	30.200000762939453	30.200000762939453	29.450000762939453	29.450000762939453	29.450000762939453	451524	27.95765755710874	25.908151047464745	26.334801116584746	31.895017426058487	35.5855124449519	38.284112926918574	44.56949417755138	48.25148182099097	50.1161943024948	54.67501777086532
2020-04-22	28.0	29.0	28.0	28.0	28.0	1089612	27.971771704739158	26.20698661211264	26.49339148643382	31.74227164464443	35.38589369640054	38.080467126385535	44.40462358872002	48.116920479987705	49.99534078171614	51.09892319020992
2020-04-23	27.0	28.5	26.600000381469727	26.600000381469727	26.600000381469727	1054684	27.514514596982682	26.26313143630651	26.503544714532477	31.540613948049344	35.15468597758657	37.853131151238685	44.227463158797136	47.97395091122679	49.867497391550856	47.845044228171766
2020-04-24	26.75	26.75	25.299999237060547	25.299999237060547	25.299999237060547	706235	26.77634281034197	26.125541122128514	26.388921335725627	31.29588395938312	34.895352115993774	37.604554281651	44.0391301844515	47.8232934250197	49.733248767755825	44.98075489234643
2020-04-27	25.299999237060547	26.549999237060547	24.299999237060547	26.549999237060547	26.549999237060547	740550	26.700894952581496	26.186177995690233	26.404262088233715	31.109770833017528	34.675737566548165	37.3856522015601	43.865108980994876	47.68194263307313	49.60656434409082	48.192377803612594
2020-04-28	27.200000762939453	27.850000381469727	25.700000762939453	26.5	26.5	610647	26.633929968387665	26.23100971059163	26.41337998459241	30.92899550623253	34.46058657795479	37.170094732222275	43.69232182695512	47.54119882820221	49.48029896516136	48.07150303125681
2020-04-29	26.899999618530273	26.899999618530273	26.200000762939453	26.399999618530273	26.399999618530273	559881	26.555953185101867	26.255151126011434	26.412105664015066	30.751387824361853	34.248465868496254	36.95682552205015	43.520258919408604	47.40072574375257	49.35417711080819	47.81320083712076
2020-04-30	27.0	27.399999618530273	26.200000762939453	26.299999237060547	26.299999237060547	621259	26.470635202421427	26.26155799901845	26.401428861447968	30.57682356603631	34.03929569398479	36.74579925898105	43.34891305192255	47.260521580917406	49.228197996743994	47.53811575373159
2020-05-04	25.700000762939453	25.950000762939453	25.0	25.0	25.0	1719309	25.98042346828095	26.0813354277301	26.26795944607197	30.358124602662336	33.80141949151151	36.51320917464479	43.16633680264969	47.112611138519284	49.095803472171625	43.99452182679373
2020-05-05	24.25	25.399999618530273	23.75	24.0	24.0	788835	25.3202823121873	25.784001795197227	26.051963308350828	30.108786382950086	33.543487399629626	36.265422854354796	42.97562698371785	46.95903897148593	48.958667934072324	41.435820946368
2020-05-06	24.200000762939453	24.299999237060547	23.5	24.0	24.0	464535	24.880188208124867	25.52914439588334	25.856538231365036	29.869226132638317	33.29234299437621	36.02254319387252	42.78681477492464	46.80648721752257	48.82228177049816	41.435820946368004
2020-05-07	23.899999618530273	24.899999618530273	23.5	23.700000762939453	23.700000762939453	464901	24.486792393063062	25.267838162605642	25.6511537105626	29.62729572598346	33.03991293565419	35.77853245266593	42.596896227541706	46.65295574606355	48.68500154641314	40.61398332157277
2020-05-08	24.0	24.700000762939453	24.0	24.100000381469727	24.100000381469727	927267	24.35786172253195	25.10100419387194	25.503424822077566	29.41053904580645	32.80465207896513	35.54727439185016	42.41284751265542	46.503102222046316	48.55065727775225	42.258440952075425
2020-05-11	24.649999618530273	24.850000381469727	23.799999237060547	24.0	24.0	377139	24.238574481687966	24.943717880461662	25.360241505689228	29.198361044010117	32.572950708466045	35.318615493001644	42.22963509959417	46.35357994814568	48.41650068060606	41.94572290954133
2020-05-12	24.0	24.899999618530273	23.799999237060547	24.600000381469727	24.600000381469727	315408	24.35904978161522	24.89461538060567	25.287837589096895	29.018033174890885	32.36313622617667	35.10636568881289	42.05421584866756	46.20903789122424	48.28635587022827	44.594974365988286
2020-05-13	25.799999237060547	25.799999237060547	25.5	25.799999237060547	25.799999237060547	459489	24.839366266763662	25.023955931527798	25.336614888902957	28.891835765564206	32.19042209488414	34.92208120461978	41.8924823500446	46.07342966096402	48.16347960447325	49.55330691924662
2020-05-14	26.299999237060547	26.5	25.200000762939453	26.100000381469727	26.100000381469727	454808	25.25957763833235	25.17767656723379	25.409318269147413	28.78235202501148	32.030147839267975	34.747386534854435	41.73534322597918	45.94071584515342	48.04291414423826	50.74018478978755
2020-05-15	26.450000762939453	27.399999618530273	25.799999237060547	27.399999618530273	27.399999618530273	664703	25.973051631731657	25.495151288847573	25.598906969088638	28.7281421267181	31.908301833459088	34.601893724630195	41.59270299107919	45.817521717401775	47.93011133262237	55.613546488312934
2020-05-18	28.200000762939453	28.299999237060547	26.049999237060547	26.149999618530273	26.149999618530273	594456	26.032034293997864	25.588701050230817	25.651391983321176	28.62703849894603	31.756767564645173	34.43452948490545	41.43904425105383	45.6868405074425	47.81109432872022	50.44567825343103
2020-05-19	26.700000762939453	27.200000762939453	25.700000762939453	26.549999237060547	26.549999237060547	514611	26.204689275018758	25.726029362635064	25.73697362653445	28.545585978872086	31.619747345498208	34.278400173066935	41.290894549422056	45.55968541594494	47.694913481224816	51.98332705162457
2020-05-20	26.700000762939453	27.200000762939453	26.5	27.100000381469727	27.100000381469727	257249	26.503126310502413	25.9223109367543	25.86678569843305	28.488896347601404	31.50080663591851	34.136253642540254	41.14969162237775	45.437029701430156	47.582372972482986	54.0926660782065
2020-05-21	27.399999618530273	27.700000762939453	27.049999237060547	27.200000762939453	27.200000762939453	253944	26.735417794648093	26.10483805478075	25.99375856171937	28.4383514227127	31.38762753399801	33.99890210036994	41.01088872825399	45.31585342941361	47.470993889370725	54.484173056747146
2020-05-22	27.200000762939453	27.75	27.0	27.450000762939453	27.450000762939453	378394	26.97361211741188	26.29700415594628	26.132448295168903	28.39959257330983	31.28400577686489	33.869220885767355	40.87595451964389	45.197143444918765	47.36158955534651	55.505780536251926
2020-05-26	27.549999237060547	27.950000762939453	27.25	27.5	27.5	397422	27.149074744941252	26.468860705096812	26.262691314676626	28.36431443318003	31.18442667747371	33.74309769991058	40.74286044482157	45.07955445192927	47.25305627908779	55.71984217148326
2020-05-27	27.549999237060547	28.5	27.549999237060547	28.350000381469727	28.350000381469727	477926	27.549383290450745	26.737594944578657	26.461482654371206	28.363753097818844	31.109836511789393	33.636303693604816	40.61954840439021	44.968394624218575	47.14976089166911	59.30430546526422
2020-05-28	29.700000762939453	29.75	28.649999618530273	29.700000762939453	29.700000762939453	790592	28.266255781280314	27.160795775773057	26.769912950425326	28.416154967039258	31.072735571030183	33.55835710091837	40.51089618905239	44.86694350221672	47.054407011184246	64.25363445869162
2020-05-29	29.75	31.149999618530273	29.75	31.149999618530273	31.149999618530273	794563	29.2275037270303	27.73068203902409	27.187064061673414	28.523364561215377	31.07476883543808	33.51066685374237	40.41775293959446	44.775801017939735	46.967497681169746	68.6620888768886
2020-06-01	32.45000076293945	32.70000076293945	32.400001525878906	32.70000076293945	32.70000076293945	374828	30.38500273900002	28.44058471386914	27.71210565227018	28.68715421618495	31.117538096688115	33.494614059865086	40.34095938559789	44.69556314249123	46.8895332171357	72.55808031844721
2020-06-02	34.29999923706055	34.29999923706055	34.0	34.29999923706055	34.29999923706055	228653	31.69000157168686	29.27764393146791	28.339524088916882	28.90726578563105	31.201287074066336	33.51056228119569	40.28085032939354	44.62648962816943	46.820737949485014	75.89015415317803
2020-06-03	36.0	36.0	33.650001525878906	36.0	36.0	1660919	33.12666771445791	30.23798051268678	29.06909322330575	29.185412225410225	31.327568993169855	33.55985807760766	40.23825480372793	44.56917076020817	46.76160823391406	78.83125234679235
2020-06-04	36.599998474121094	36.650001525878906	34.20000076293945	34.20000076293945	34.20000076293945	1161097	33.48444539728509	30.803983405580016	29.557751084223245	29.382062756293724	31.403159302900633	33.572534170386504	40.178172673968845	44.50027262069144	46.69296557013824	69.20493754478582
2020-06-05	34.0	35.5	32.599998474121094	35.150001525878906	35.150001525878906	1088430	34.03963077348303	31.424843137051287	30.090346364380927	29.608256433532357	31.50176041403164	33.60377114772299	40.12814112025651	44.43814457354983	46.62988926388546	71.2035857712632
2020-06-08	35.150001525878906	35.900001525878906	33.70000076293945	33.900001525878906	33.900001525878906	724472	33.99308769094832	31.77843719259809	30.453170665475973	29.776560162643985	31.56487202223815	33.60963709580528	40.066169582003994	44.368123689512146	46.56032703580892	65.20679533263718
2020-06-09	34.45000076293945	34.54999923706055	32.25	32.25	32.25	671032	33.41205846063222	31.84580330794122	30.624297268763975	29.873557803324612	31.58290170586346	33.58271358895765	39.98839675034226	44.28760459522967	46.48212852741652	58.23477814728362
2020-06-10	32.25	33.150001525878906	31.049999237060547	32.79999923706055	32.79999923706055	412636	33.20803871944166	31.982117012101124	30.831506980030316	29.988320212490727	31.614930588263384	33.56721429486068	39.91687040692652	44.21127499152091	46.40736279358944	59.778558974140815
2020-06-11	33.849998474121094	34.25	33.5	33.54999923706055	33.54999923706055	568434	33.32202555864796	32.20610018709533	31.090411004509384	30.12799389972876	31.665853447442256	33.56687340262702	39.85351845498756	44.140435949963035	46.33710397634065	61.8494421625385
2020-06-12	32.04999923706055	33.599998474121094	31.899999618530273	33.29999923706055	33.29999923706055	500819	33.314683451452154	32.362371479947505	31.300847979038068	30.252386265898636	31.70885728401116	33.56158876568511	39.788309308540526	44.06840647014308	46.26586296683639	60.72705262877118
2020-06-15	34.70000076293945	34.70000076293945	33.349998474121094	34.25	34.25	519831	33.626455634301436	32.63203269709786	31.58171960008206	30.409155431941826	31.77572946074771	33.57522067131511	39.73320175323167	44.003167888946116	46.2002025134657	63.44198523834136
2020-06-16	34.5	35.150001525878906	33.5	34.25	34.25	521238	33.83430375620096	32.863170883226736	31.835841542931387	30.55977678755195	31.840841843359613	33.58858263821976	39.678642531806474	43.93836278669398	46.13490086038665	63.44198523834136
2020-06-17	33.5	34.95000076293945	33.5	34.20000076293945	34.20000076293945	511101	33.95620275844713	33.054146580328556	32.060999563884536	30.702530668939694	31.90292497282224	33.60068992781817	39.624128683360034	43.87365606228365	46.06968282706727	63.175408403797285
2020-06-18	34.29999923706055	34.900001525878906	33.70000076293945	33.79999923706055	33.79999923706055	408631	33.90413491798493	33.160696959861696	32.22661858037749	30.824000024552276	31.952847979775882	33.60463664681307	39.566177146580934	43.806721465438315	46.00263537575576	60.96825577445622
2020-06-19	33.900001525878906	34.349998474121094	33.0	33.25	33.25	698720	33.68608994532329	33.17345453702431	32.32408347748439	30.9191372784914	31.986983559255464	33.597614138955386	39.50332961278411	43.7365771367643	45.9329488436478	57.9693169018489
2020-06-22	33.79999923706055	34.900001525878906	33.349998474121094	34.900001525878906	34.900001525878906	698218	34.09072713884183	33.420104106860684	32.56940900590292	31.07524960191836	32.063641926798184	33.623403988201396	39.45752535321291	43.677862348652106	45.8726595140425	63.73279757900539
2020-06-23	36.20000076293945	36.599998474121094	35.5	36.599998474121094	36.599998474121094	1048320	34.92715091726825	33.87437473075503	32.95327466954274	31.291906420436117	32.1830197306751	33.68234645326911	39.429092249938364	43.63083335280805	45.82198923513583	68.5221034673648
2020-06-24	37.5	37.900001525878906	35.5	35.900001525878906	35.900001525878906	1933835	35.2514344534718	34.1637499872013	33.23391532252714	31.472616032414265	32.2808350410752	33.72626041510297	39.393976919350706	43.57946569947297	45.767770723063386	64.73151217639385
2020-06-25	35.75	36.04999923706055	34.75	35.0	35.0	1059781	35.1676229689812	34.28321427474397	33.40211386323884	31.610944815456843	32.35239201367848	33.75148298114053	39.35025575597408	43.52245928286518	45.70893044588818	60.12607452241087
2020-06-26	35.45000076293945	36.5	34.849998474121094	36.150001525878906	36.150001525878906	842542	35.4950824879471	34.549898167763246	33.66381745015694	31.788947039394962	32.45232910610481	33.79897839786803	39.31841243030149	43.4734728525862	45.656695861625835	63.68173364146937
2020-06-29	35.75	37.95000076293945	34.349998474121094	37.900001525878906	37.900001525878906	4433990	36.296722167257705	35.02848436177977	34.067263552606654	32.02859623494335	32.595688906625185	33.88018677664052	39.304298888963956	43.436439820515055	45.614309553780224	68.3124120688743
2020-06-30	39.0	39.150001525878906	36.150001525878906	37.099998474121094	37.099998474121094	2845796	36.56448093621217	35.3244149492571	34.35609544989374	32.22747475412679	32.71422336892771	33.943945424115384	39.282365551502835	43.394337220206786	45.56778326372744	64.27765128466409
2020-07-01	37.0	37.29999923706055	35.5	35.70000076293945	35.70000076293945	708167	36.2763208784546	35.37807006549743	34.484086432088574	32.363652244668465	32.792796458243814	33.978718797161406	39.24672013072111	43.343212061022285	45.51386095497997	57.83947480772606
2020-07-02	35.70000076293945	36.400001525878906	35.25	35.54999923706055	35.54999923706055	488725	36.03421366465658	35.40263137572074	34.585601937324	32.48860702868384	32.86535442610741	34.00983326131782	39.209936838246875	43.291429916012575	45.459413623188055	57.17864477811965
2020-07-03	35.54999923706055	36.25	35.5	35.54999923706055	35.54999923706055	425492	35.872808855457905	35.42368392734071	34.67744929920367	32.60866162509077	32.93600297376407	34.040331597471145	39.17351954868283	43.23999183841156	45.40526381779938	57.17864477811965
2020-07-06	35.650001525878906	37.04999923706055	35.54999923706055	35.79999923706055	35.79999923706055	1160509	35.84853898265879	35.477443257300685	34.784358817094805	32.73381211967782	33.011371296482395	34.07517650122539	39.139952182398034	43.190556671625174	45.35277603320518	58.10388161628687
2020-07-07	36.0	36.099998474121094	35.400001525878906	35.54999923706055	35.54999923706055	342722	35.74902573412604	35.48780839726638	34.857276952329634	32.84425083016342	33.07817729491866	34.10438091183599	39.104231257568806	43.139788848139695	45.299208946887454	56.782608701585524
2020-07-08	35.29999923706055	35.849998474121094	34.599998474121094	34.75	34.75	560612	35.41601715608403	35.382407197656896	34.84706009972681	32.918986091725635	33.122172629262906	34.117165448235276	39.06090557341389	43.08404274283644	45.24156299635801	52.6562096267728
2020-07-09	34.900001525878906	34.900001525878906	33.650001525878906	33.95000076293945	33.95000076293945	904361	34.92734502503584	35.17777770698297	34.76162587717563	32.959418039616374	33.14395758014913	34.11385525644724	39.01005079918031	43.02335143399991	45.179860470492336	48.83442141570402
2020-07-10	33.95000076293945	33.95000076293945	32.29999923706055	32.5	32.5	1371132	34.11823001669056	34.79523803455683	34.54623293649224	32.94140164590593	33.12701132803994	34.081897726616596	38.94527417431285	42.95342883310955	45.11057161546233	42.77452061600556
2020-07-13	33.45000076293945	33.900001525878906	31.25	31.649999618530273	31.649999618530273	1193937	33.29548655063713	34.34591826083875	34.270401191924435	32.890758429146096	33.08814259884232	34.03374132843667	38.8726843777379	42.87832299115221	45.037016577227725	39.66706383870901
2020-07-14	31.450000762939453	31.549999237060547	31.0	31.200000762939453	31.200000762939453	312673	32.59699128807124	33.896501475424564	33.977982103449676	32.824454206941915	33.03845465579224	33.97762765387237	38.79633926714289	42.80072616571558	44.96140446895293	38.089446818582054
2020-07-15	31.25	32.75	31.25	32.75	32.75	526426	32.64799419204749	33.73271555036391	33.86103142693066	32.821534434120665	33.03086374379771	33.95331819537984	38.736176687370325	42.73394393205634	44.89467548278379	46.04879391600324
2020-07-16	32.75	32.95000076293945	31.200000762939453	32.150001525878906	32.150001525878906	629098	32.48199663665796	33.506613546866056	33.698076198259066	32.795199810268045	33.007683159115636	33.917608954399626	38.67064260616146	42.6636187333442	44.82503245569688	43.706393809654934
2020-07-17	32.599998474121094	32.599998474121094	31.549999237060547	31.799999237060547	31.799999237060547	734332	32.25466417012549	33.26281150260812	33.517306963859205	32.75617233680893	32.97590200327208	33.875676088709746	38.602277995523636	42.59143521509647	44.753857410786296	42.352975135921355
2020-07-20	32.0	32.45000076293945	31.299999237060547	31.5	31.5	695439	32.00310944675032	33.01098128794982	33.32518249111071	32.706910676541916	32.93706247687019	33.8286329978442	38.53160856273236	42.51773797114234	44.68143196045413	41.176005253867444
2020-07-21	31.899999618530273	32.20000076293945	31.299999237060547	31.450000762939453	31.450000762939453	638597	31.81873988548003	32.78798407009119	33.1465937550944	32.65762009169476	32.89792927387201	33.78153136943025	38.46114480353044	42.444198189028036	44.609129057735466	40.971646730276035
2020-07-22	31.5	33.0	31.5	32.75	32.75	776811	32.129159923653354	32.78255777436388	33.10882292127589	32.66124283319692	32.8940363982438	33.761105005679156	38.40431749205252	42.379784912024526	44.54432507381341	48.17379936460009
2020-07-23	33.099998474121094	34.349998474121094	33.099998474121094	34.349998474121094	34.349998474121094	720939	32.86943944047594	33.0064778743292	33.22703011678495	32.72746854460571	32.932351189714254	33.77276626247998	38.363976009287036	42.32643084931421	44.48861837108285	55.38837585625968
2020-07-24	36.04999923706055	36.04999923706055	35.0	36.04999923706055	36.04999923706055	3315709	33.92962603933747	33.441266640433675	33.49588431871596	32.857763865878454	33.01439455938126	33.81785998474891	38.34095136478727	42.28472698478096	44.44250569821934	61.51799380909681
2020-07-27	37.849998474121094	37.849998474121094	36.04999923706055	37.650001525878906	37.650001525878906	3795478	35.16975120151795	34.04251448121156	33.89151452892195	33.045694754505924	33.136384216394354	33.893743975662375	38.33407624201207	42.25393146678161	44.40538818908087	66.2220721592037
2020-07-28	38.650001525878906	39.400001525878906	37.0	38.5	38.5	7484175	36.2798341343453	34.67929812675277	34.33041790711986	33.259589077858635	33.27753200017345	33.98495696624332	38.335727224678614	42.22898840055715	44.373118308266214	68.42994665513562
2020-07-29	39.70000076293945	39.70000076293945	38.20000076293945	38.599998474121094	38.599998474121094	4167116	37.0532222476039	35.23939817637682	34.737044627786645	33.46901689731991	33.4175969073826	34.07634392679535	38.33835678934968	42.204875510680495	44.341571205347385	68.68924208955599
2020-07-30	38.400001525878906	38.900001525878906	37.20000076293945	37.349998474121094	37.349998474121094	595766	37.15214765644296	35.540912504626	34.985897375056595	33.6212122532729	33.52108115913888	34.14116876931666	38.32852237825288	42.1726171915007	44.303365889876204	61.85067203462222
2020-07-31	37.54999923706055	39.20000076293945	37.25	39.20000076293945	39.20000076293945	1058747	37.83476535860846	36.06363939867078	35.38724055485496	33.83998827325983	33.670526411870476	34.24134366027948	38.33719380496618	42.152865587324214	44.275478648745406	67.07519583911858
2020-08-03	41.150001525878906	41.150001525878906	40.25	41.150001525878906	41.150001525878906	1251148	38.93984408103194	36.790262559700516	35.93607493304772	34.12665545963704	33.86735470434438	34.37814876652898	38.36518194149267	42.14620203874318	44.25839953878439	71.5049219105339
2020-08-04	43.20000076293945	43.20000076293945	43.20000076293945	43.20000076293945	43.20000076293945	266277	40.35989630833445	37.705939445877505	36.62787739303741	34.48247292251165	34.11295065325478	34.55283890507176	38.413289591457314	42.15320402362156	44.252615938916385	75.27156073579148
2020-08-05	45.349998474121094	45.349998474121094	42.5	43.70000076293945	43.70000076293945	7506658	41.47326445986945	38.5622339197435	37.3014129520757	34.843944602528424	34.3652414456149	34.73397082304934	38.465893682715844	42.16348174281969	44.249596183856404	76.10133277706218
2020-08-06	44.29999923706055	45.599998474121094	43.0	43.900001525878906	43.900001525878906	3587078	42.282176815205936	39.32477214919141	37.92984995910458	35.19908408971864	34.61615618456921	34.91547638152121	38.51996440752344	42.17502008024866	44.247685830534124	76.44185813246602
2020-08-07	42.599998474121094	44.5	42.5	42.75	42.75	930799	42.43811787680396	39.81409041359264	38.38891186776129	35.49519843914144	34.83020470602792	35.07061546307524	38.56205431391624	42.17884054483172	44.23950175495744	70.24406788258565
2020-08-10	44.0	44.849998474121094	43.099998474121094	44.849998474121094	44.849998474121094	2508341	43.24207807590967	40.53350585081099	39.004253449319364	35.86205334247398	35.09388348939879	35.26426661180882	38.62462092247549	42.19658910250142	44.24283780260314	74.33605535137137
2020-08-11	47.04999923706055	47.04999923706055	46.099998474121094	47.04999923706055	47.04999923706055	1998566	44.511385129626625	41.46443347741807	39.770514952913764	36.300796318732274	35.40851811433726	35.497647455873214	38.708455532570866	42.22883767482407	44.258177482572854	77.7830025898394
2020-08-12	47.900001525878906	49.400001525878906	47.099998474121094	49.400001525878906	49.400001525878906	1426621	46.14092392837738	42.59808605576962	40.687608912243775	36.81449064058116	35.776715046219934	35.77294159587333	38.814839074792836	42.27648660406696	44.2862748817166	80.75625011906159
2020-08-13	50.95000076293945	51.849998474121094	48.599998474121094	49.150001525878906	49.150001525878906	2354695	47.143949794211224	43.53407398007095	41.49355106592331	37.2982361654948	36.12864363778991	36.03783387171502	38.917676512117076	42.32215779956073	44.312852622941534	79.5367829018236
2020-08-14	48.650001525878906	49.5	46.70000076293945	46.70000076293945	46.70000076293945	814079	46.9959667837873	43.98634923476645	41.98940341802009	37.66693281637498	36.40683724634648	36.248965889363035	38.99511257431431	42.35124645712471	44.32589714829671	68.60348769132695
2020-08-17	47.04999923706055	48.5	46.0	47.29999923706055	47.29999923706055	628560	47.09731093487839	44.45972780652275	42.495174448404896	38.0447001269901	36.693499403996846	36.4677982328818	39.07774826250084	42.384128535396705	44.34214907227903	69.70190406967102
2020-08-18	47.900001525878906	49.650001525878906	46.599998474121094	49.650001525878906	49.650001525878906	774986	47.948207798545226	45.201195480716486	43.176586551021465	38.49980998577006	37.03445998615164	36.728831961455995	39.1829448123852	42.43240676124709	44.37115373049542	73.59796560945026
2020-08-19	51.70000076293945	51.70000076293945	49.150001525878906	49.849998474121094	49.849998474121094	1484184	48.58213802373718	45.86531019406	43.81214959131667	38.94491541668578	37.37171099899294	36.98865704091471	39.28908464981541	42.48169308492067	44.401092772810316	73.90550387024074
2020-08-20	49.79999923706055	51.400001525878906	48.70000076293945	49.349998474121094	49.349998474121094	709486	48.838091507198484	46.3631228054973	44.33956377063137	39.35295788952638	37.68692909044368	37.233436079196025	39.38919324508213	42.52732966557981	44.42813597336393	71.65821417088827
2020-08-21	49.650001525878906	50.54999923706055	48.79999923706055	49.099998474121094	49.099998474121094	593827	48.92539382950602	46.75410504387212	44.79293850429706	39.73519477519676	37.98727302159308	37.4684175127589	39.48581817273426	42.57100188357676	44.45366527664675	70.50383179523742
2020-08-24	49.79999923706055	50.650001525878906	47.900001525878906	48.349998474121094	48.349998474121094	922110	48.73359537771105	46.982089819621976	45.13170612047078	40.07303021437026	38.2599763229754	37.68389436347894	39.574018971753034	42.60940053201892	44.474956714884314	67.01590369895149
2020-08-25	49.0	49.849998474121094	47.900001525878906	49.54999923706055	49.54999923706055	703601	49.005729997494214	47.3489340221132	45.55249594109838	40.444676058397334	38.557082189135535	37.91886673721323	39.673282456979976	42.65551746693614	44.50268918768309	69.60672381854307
2020-08-26	49.75	52.0	49.75	52.0	52.0	1169691	50.003819998329476	48.01337201895417	46.16654394670805	40.89782601689156	38.91084318415828	38.19770105924861	39.795936362880674	42.71760705187344	44.5436580992258	74.08273551523936
2020-08-27	54.599998474121094	54.599998474121094	54.599998474121094	54.599998474121094	54.599998474121094	257491	51.535879490260015	48.95431865540659	46.969730092175965	41.4351661132535	39.323715691788884	38.52249902785994	39.943240463490035	42.79655981879868	44.59861077887004	77.81641464456685
2020-08-28	57.29999923706055	57.29999923706055	56.150001525878906	57.29999923706055	57.29999923706055	5242538	53.45725273919353	50.14655873850001	47.95356524883164	42.05731643183417	39.79677578508551	38.894330715170845	40.11594453088875	42.89292818702633	44.66801727317709	80.89450645692132
2020-08-31	57.75	58.650001525878906	54.45000076293945	54.45000076293945	54.45000076293945	1981157	53.788168747108834	50.76133617056279	48.57227339303238	42.543304052661824	40.182386968713246	39.20236378542369	40.25857195608328	42.96971936693273	44.72147073486978	69.87335761800185
2020-09-01	51.79999923706055	56.75	51.75	53.0	53.0	1005989	53.52544583140589	51.08114528905382	48.99396164131501	42.95337056040058	40.51969257479974	39.47558430452421	40.385352334629715	43.0363657498767	44.76670859970656	65.01978373423027
2020-09-02	53.0	55.650001525878906	51.099998474121094	55.650001525878906	55.650001525878906	578025	54.2336310628969	51.73383903717169	49.627870201749666	43.451277657086	40.91785859982814	39.79586979405599	40.537239391259064	43.120177283272064	44.826180145751216	69.22689439952424
2020-09-03	57.54999923706055	58.400001525878906	56.5	58.349998474121094	58.349998474121094	2227591	55.60575353330496	52.67900467102161	50.45854908483266	44.035541218538356	41.376599122835856	40.16327828277015	40.71448077516814	43.22137210846043	44.90008079235433	72.81447015384485
2020-09-04	56.79999923706055	57.900001525878906	55.75	56.54999923706055	56.54999923706055	1327868	55.92050210122349	53.23200389474146	51.03868719456865	44.52630427808825	41.77589912584177	40.487767806617484	40.87204812304767	43.309934414962754	44.96374154888278	67.19063921073084
2020-09-07	56.5	58.099998474121094	55.599998474121094	57.95000076293945	57.95000076293945	891470	56.597001655128814	53.90600344734117	51.69690753441349	45.052723748082414	42.2015333794496	40.83355459783178	41.04197800006152	43.4072106033214	45.03470471398691	69.18419740639156
2020-09-08	57.95000076293945	58.95000076293945	56.70000076293945	58.0	58.0	1470752	57.064667770085876	54.490860097721004	52.29720205494554	45.560460071687025	42.61728250104303	41.1734842097559	41.210714537374336	43.50417265911329	45.105553322107205	69.25604470447425
2020-09-09	57.04999923706055	57.20000076293945	55.099998474121094	56.29999923706055	56.29999923706055	1178438	56.80977825907743	54.74930854619808	52.67842083419458	45.981618470329124	42.97735399409612	41.47301916079164	41.360856673689625	43.58919476262124	45.16672515770804	63.80867205664917
2020-09-10	56.75	57.70000076293945	54.5	57.25	57.25	1250086	56.956518839384955	55.1065501824555	53.11380932617605	46.42351578521818	43.352949941619904	41.78543462295418	41.51895760230963	43.67996423263705	45.23275398198286	65.44438664906079
2020-09-11	56.79999923706055	57.75	55.54999923706055	57.150001525878906	57.150001525878906	1248052	57.02101306821627	55.398471802944556	53.49820858329061	46.84416228485193	43.716030246468826	42.089683472517045	41.674490377668526	43.76946614156224	45.29787555326098	65.11079886706834
2020-09-14	57.45000076293945	60.0	57.04999923706055	59.400001525878906	59.400001525878906	1912262	57.81400922077048	55.97011890622089	54.060284101632355	47.33654813744123	44.12876633276909	42.432462047831145	41.85086362292435	43.87332351953112	45.37493635092556	68.94632201019918
2020-09-15	59.900001525878906	62.349998474121094	58.599998474121094	62.04999923706055	62.04999923706055	1890905	59.22600589286717	56.83867323919798	54.821209352625516	47.91354621977924	44.60037772498728	42.82092813078618	42.0518500469456	43.994098773468195	45.466056913144875	72.74649686673325
2020-09-16	62.75	63.5	60.099998474121094	60.599998474121094	60.599998474121094	1681951	59.684003419951814	57.376005415615566	55.37157022133938	48.41105415132206	45.021420376280275	43.1729889296641	42.23640873776327	44.104436977459244	45.54875604735786	67.85354974047587
2020-09-17	60.0	60.5	58.75	59.79999923706055	59.79999923706055	916405	59.72266869232139	57.72229024725056	55.79332536569378	48.857679448802	45.41033034630081	43.50223665852344	42.41117083228364	44.20872642768915	45.62663169320323	65.24608224724314
2020-09-18	59.95000076293945	61.650001525878906	58.849998474121094	60.599998474121094	60.599998474121094	845273	60.015111952921295	58.13339142251778	56.251103756972576	49.31816254783413	45.81005845492766	43.84080619942636	42.59215419190391	44.317638534309964	45.708453369601685	66.6271784764699
2020-09-21	61.400001525878906	63.400001525878906	57.599998474121094	57.70000076293945	57.70000076293945	2082298	59.24340822292735	58.07147847114945	56.38909394801704	49.6468620856814	46.122951673559555	44.11524569573355	42.7424810234565	44.406557884666306	45.773980950986044	57.679070977265035
2020-09-22	57.70000076293945	58.150001525878906	54.849998474121094	56.349998474121094	56.349998474121094	1011796	58.278938306658596	57.82555275728826	56.38537056955076	49.9097301793457	46.39208448410065	44.35751802797885	42.877879207045204	44.48591629389856	45.83177339646765	54.04057997652016
2020-09-23	56.849998474121094	59.150001525878906	56.849998474121094	58.650001525878906	58.650001525878906	1048510	58.4026260463987	57.94333115280121	56.60104970824868	50.252485918425435	46.71466124835797	44.64053750318479	43.03481574753111	44.58002981703464	45.90181835892345	58.80810922870198
2020-09-24	58.650001525878906	60.5	57.400001525878906	59.400001525878906	59.400001525878906	1525605	58.73508453955877	58.151426920383734	56.86761654802299	50.611212020678515	47.04848599250326	44.932804117495564	43.19765341696741	44.67850138985089	45.97557892267731	60.25591037099625
2020-09-25	59.75	62.349998474121094	59.75	62.349998474121094	62.349998474121094	1990420	59.94005585107954	58.75122285663193	57.38974816003233	51.07155658748019	47.45115737359846	45.27769905525052	43.38822401455103	44.79591997512843	46.065056625144216	65.40629075575126
2020-09-28	63.400001525878906	65.44999694824219	63.04999923706055	65.44999694824219	65.44999694824219	1985863	61.77670288346709	59.70819058400482	58.157390901766604	51.63541699378458	47.9248110466154	45.6771504986761	43.607744143244474	44.93315636697636	46.17098526078956	69.83071147065371
2020-09-29	68.69999694824219	68.69999694824219	63.5	63.849998474121094	63.849998474121094	2308086	62.46780141368509	60.29987742545	58.6995440038956	52.114420189091895	48.34389492628661	46.037008874427485	43.80915960922334	45.05884967001387	46.2675918903706	65.19599694905098
2020-09-30	63.5	67.0	61.849998474121094	67.0	67.0	2222389	63.97853427579006	61.25703779324286	59.490063622572215	52.698168416970645	48.83484505980538	46.45211760958734	44.03991423997734	45.20463804429949	46.380883737964204	69.48941290000694
2020-10-01	67.9000015258789	70.3499984741211	67.0999984741211	70.30000305175781	70.30000305175781	4237051	66.08569053444597	62.54888997303071	60.519581663447035	53.38843644186426	49.39971763854097	46.92435296487785	44.30120865601496	45.37138465564473	46.511589307984934	73.21695064439872
2020-10-05	72.9000015258789	73.80000305175781	71.25	73.80000305175781	73.80000305175781	4664481	68.65712804021659	64.1561918414203	61.78438370042901	54.188890034409106	50.04183041257299	47.456544055707155	44.594728998261154	45.56027913003751	46.66070632297823	76.49668714298794
2020-10-06	75.0	75.25	71.0999984741211	72.9000015258789	72.9000015258789	2112884	70.07141920210402	65.40530751062867	62.843013969519475	54.92265911250596	50.6433612313442	47.96037489670066	44.87637350102352	45.74193841505971	46.80409044977004	73.9877005186572
2020-10-07	72.0999984741211	73.69999694824219	69.30000305175781	69.5	69.5	1929905	69.88094613473602	65.99026358053887	63.47701263908905	55.49431953946651	51.13958856736146	48.38690212646896	45.12138470996856	45.899799289378244	46.928111813432494	65.27729423284188
2020-10-08	70.4000015258789	72.0999984741211	69.5	69.80000305175781	69.80000305175781	1463407	69.85396510707662	66.53451207642729	64.07920220220036	56.055326736026956	51.63065210642452	48.81092392696973	45.36694310142915	46.05860462999206	47.05309482566378	65.66143663521032
2020-10-09	69.5	71.25	68.0	69.75	69.75	1119598	69.81931007138441	66.99386749408053	64.61927818294319	56.59237274637884	52.107477050992294	49.2255590967327	45.60956058300697	46.21602253942733	47.177121629895126	65.53130495844509
2020-10-12	70.25	70.25	67.05000305175781	68.1500015258789	68.1500015258789	587308	69.26287388954924	67.15902949862316	64.95553754893707	57.045613090672965	52.52964874769984	49.60030053097322	45.833843577463405	46.3617632635898	47.29172753096608	61.342033028863206
2020-10-13	68.75	68.75	66.4000015258789	67.3499984741211	67.3499984741211	608019	68.62524875107319	67.18631078083715	65.18358144657364	57.44970663512191	52.919657951026714	49.951779698164266	46.04793467096248	46.50121997595213	47.401335568906816	59.300734300300775
2020-10-14	67.3499984741211	68.0	66.0	67.5999984741211	67.5999984741211	640765	68.28349865875582	67.24540902273485	65.41371640157816	57.84775729547482	53.30598270163446	50.30124937689609	46.262383067013815	46.641411195209066	47.51171077603914	59.75147976514326
2020-10-15	67.6500015258789	70.5	67.19999694824219	68.8499984741211	68.8499984741211	977427	68.47233193054424	67.4746360872186	65.74098136086796	58.27921773385311	53.71503574827885	50.66855133921737	46.48713545912433	46.78897655918855	47.62831344105598	62.016610125181195
2020-10-16	70.44999694824219	71.0	68.05000305175781	69.69999694824219	69.69999694824219	652388	68.88155360311022	67.79254478165053	66.1180304644274	58.72709142853503	54.13569262196209	51.045411648306974	46.718109205284705	46.941209252803525	47.748923733444975	63.520064195092615
2020-10-19	71.5	71.5	68.5	68.9000015258789	68.9000015258789	535535	68.88770291069979	67.95075288796887	66.38298008932755	59.12602907941126	54.52422706680201	51.398967883506415	46.93882455175828	47.08711484930237	47.86450339351292	61.0699949050015
2020-10-20	69.5999984741211	70.30000305175781	68.0999984741211	68.5	68.5	562728	68.7584686071332	68.02921676111617	66.58460103320111	59.493635782179446	54.89201056504407	51.73760218284292	47.153363610944766	47.22939315595152	47.977265670051096	59.82740888849046
2020-10-21	69.30000305175781	71.9000015258789	68.5999984741211	71.9000015258789	71.9000015258789	1337162	69.8056462467151	68.58218601322514	67.09082965155137	59.98015992899119	55.33958927453972	52.13685761537829	47.39959881407844	47.39331746405735	48.107991002596606	66.13485642254314
2020-10-22	73.0	75.44999694824219	71.9000015258789	75.1500015258789	75.1500015258789	2380776	71.58709800643636	69.52044537217567	67.85836983005876	60.57505567788875	55.86091591273286	52.5925634353882	47.67572222414611	47.57774725848805	48.25576155190416	70.84678958884069
2020-10-23	75.94999694824219	77.0	73.8499984741211	76.30000305175781	76.30000305175781	1755275	73.15806635487685	70.48895361211598	68.66233489879201	61.191720280785574	56.398786626917726	53.0620176852173	47.96054093884871	47.768592811931704	48.409008773214836	72.31468595009576
2020-10-26	76.30000305175781	78.0	73.9000015258789	74.6500015258789	74.6500015258789	1606969	73.6553780785442	71.08338902836782	69.23258886327648	61.71949601588727	56.87908175583776	53.48950251374525	48.22610771085896	47.94720682332006	48.55240217623486	67.09471671989833
2020-10-27	74.0	75.75	73.3499984741211	74.94999694824219	74.94999694824219	1588138	74.08691770177687	71.63576158834987	69.77710391898749	62.238339189705115	57.35463215563787	53.914462799576874	48.492017056504565	48.12662735571157	48.69665132799446	67.5533090804051
2020-10-28	73.94999694824219	76.5	73.94999694824219	74.30000305175781	74.30000305175781	687223	74.15794615177052	72.01636751169386	70.20785621734657	62.711345615667966	57.80056296869366	54.3181368639765	48.748812937054346	48.300536828775	48.83656035380737	65.42571395602425
2020-10-29	73.94999694824219	74.0999984741211	72.5999984741211	73.5	73.5	681749	73.93863076784702	72.22831501002331	70.52139372045643	63.13443010132804	58.21370604846488	54.697975737957165	48.99509340534236	48.46797512227151	48.971333248048865	62.80393390228277
2020-10-30	73.0	73.0	69.8499984741211	69.8499984741211	69.8499984741211	1213009	72.57575333660505	71.88855550489443	70.45745131604355	63.39778572379051	58.519924270192675	54.99801579213863	49.20260489856404	48.6100483671343	49.085424314858	52.472400126957176
2020-11-02	69.8499984741211	70.4000015258789	66.4000015258789	66.5	66.5	1085630	70.55050222440336	71.11876186133809	70.08055119070606	63.51944118560265	58.72992626308234	55.22577785566064	49.37471828265793	48.728918477651675	49.180585930623806	45.13375821962005
2020-11-03	66.0	69.75	63.70000076293945	67.4000015258789	67.4000015258789	995258	69.5003353248952	70.58751038484392	69.82526074643681	63.67162002247623	58.95808613841909	55.46685159170456	49.55407433482928	48.85297883013159	49.28014557868531	47.267521660575426
2020-11-04	68.0	69.80000305175781	67.19999694824219	67.94999694824219	67.94999694824219	432646	68.98355586601086	70.21072275104368	69.6466641942278	63.83939950976117	59.19471537025654	55.71404258886372	49.737118340932895	48.97986931596621	49.38216662442059	48.58348622769873
2020-11-05	68.19999694824219	70.94999694824219	68.19999694824219	68.3499984741211	68.3499984741211	567835	68.77237006871427	69.9449049971976	69.5231722208843	64.01628574365763	59.435643872989814	55.96425953708664	49.9223211283278	49.10857449309681	49.48581597879054	49.569196221150804
2020-11-06	68.05000305175781	69.4000015258789	64.94999694824219	65.0	65.0	865740	67.51491337914284	69.23848999759794	69.09239391413342	64.05486277331812	59.58207429738482	56.1431850908077	50.07234778376733	49.214165360252316	49.570592940655075	42.261807003831784
2020-11-09	65.0	66.80000305175781	62.0	62.70000076293945	62.70000076293945	868631	65.90994250707504	68.30442010693244	68.48359456640067	64.00173092977386	59.664124993846784	56.273023024909314	50.1979960721173	49.30377224000439	49.64233833859105	38.10810373645925
2020-11-10	63.400001525878906	64.9000015258789	62.70000076293945	64.69999694824219	64.69999694824219	640825	65.50662732079742	67.78950251283383	68.12325193609986	64.02911391089026	59.796647940015085	56.43989379566838	50.34229458829765	49.406072736404646	49.724620626075485	43.32448184676506
2020-11-11	64.44999694824219	66.0	62.0	63.45000076293945	63.45000076293945	537508	64.82108513484476	67.16957369142035	67.67818039579888	64.00640359136278	59.892788803776256	56.578707795020286	50.47271952535876	49.499387872793584	49.79962270332611	40.998697018570205
2020-11-12	64.0	66.0	64.0	65.55000305175781	65.55000305175781	515620	65.06405777381578	66.93820645718284	67.47549683922354	64.06693690353514	60.04166286293366	56.75635720604479	50.62274224701447	49.606036478633875	49.88569035550333	46.22190515782258
2020-11-13	65.44999694824219	68.4000015258789	64.5999984741211	67.69999694824219	67.69999694824219	716016	65.94270416529125	67.04703367019133	67.49687780198722	64.20940984646482	60.243197970441784	56.973062943514044	50.792665179364995	49.72626212959473	49.98303629316857	51.004203782928684
2020-11-17	67.75	70.0	67.4000015258789	69.0999984741211	69.0999984741211	609844	66.99513560156787	67.340314356467	67.64955596123806	64.40119763578468	60.47627166790703	57.21320028075379	50.97482769971083	49.85499127474108	50.087500567381426	53.88023957758505
2020-11-18	69.5999984741211	70.05000305175781	67.75	68.0	68.0	429455	67.33009040104524	67.43455516268601	67.6829315839773	64.54232714026371	60.67426451875158	57.42680027519431	51.14423239921619	49.97555611676938	50.185383077942184	51.33070473694053
2020-11-19	68.0999984741211	68.80000305175781	64.75	65.94999694824219	65.94999694824219	526328	66.87005925011088	67.22247541776547	67.51789019009776	64.59752987783149	60.81309958268554	57.595576446937834	51.29155343950501	50.08169858076588	50.27152850892743	46.87871420012854
2020-11-20	66.5	68.9000015258789	66.44999694824219	67.19999694824219	67.19999694824219	596856	66.98003848282131	67.21926420783358	67.48761464325437	64.69958741000445	60.98117582914755	57.78576299151812	51.4498464097412	50.195441427061404	50.36403380094554	49.741112501636714
2020-11-23	67.9000015258789	67.9000015258789	65.69999694824219	65.94999694824219	65.94999694824219	395855	66.63669130462827	67.03794031360623	67.34117486277702	64.74862307817064	61.11193427965004	57.94743099066117	51.5941265146019	50.30012285909583	50.449202998471755	47.012988957417875
2020-11-24	66.5	67.19999694824219	64.75	65.8499984741211	65.8499984741211	613536	66.37446036112588	66.86823433653693	67.19915806385741	64.7918142701687	61.23662017950454	58.103917475482156	51.735975986835925	50.40344429175381	50.53336035079771	46.791889759084775
2020-11-25	66.5	66.69999694824219	64.19999694824219	64.55000305175781	64.55000305175781	427253	65.76630792466986	66.53705843871134	66.9468575865146	64.78233147728984	61.32381446561647	58.231562734418304	51.86347874370082	50.49744135992659	50.60995402675924	43.901341471425695
2020-11-26	65.19999694824219	67.75	64.44999694824219	67.75	67.75	835898	66.42753861644657	66.71033580460973	67.02334734017987	64.89871063504319	61.49292461125815	58.420046640667444	52.02155358207195	50.612076301056646	50.70361548016493	51.79524708443175
2020-11-27	67.5	70.0	67.25	68.6500015258789	68.6500015258789	1291925	67.16835958625735	66.98743090764818	67.17826678643692	65.04582008174263	61.68126874059027	58.62262000473104	52.18701077554267	50.73192962480962	50.80168316347484	53.76576981477306
2020-12-01	69.69999694824219	69.69999694824219	66.55000305175781	67.19999694824219	67.19999694824219	875162	67.17890537358564	67.01779748487589	67.18033632565647	65.13029760591908	61.82649843026532	58.7924690531174	52.3363937225347	50.841351999051696	50.89129143552275	50.204958118544
2020-12-02	67.19999694824219	68.05000305175781	65.80000305175781	66.80000305175781	66.80000305175781	887207	67.05260459964303	66.98668399443045	67.14411410909469	65.19577625085394	61.95738013083091	58.95103408279345	52.48031023327324	50.94738954757466	50.97822428588469	49.23624159416755
2020-12-03	66.9000015258789	67.9000015258789	65.69999694824219	66.69999694824219	66.69999694824219	945557	66.93506871584275	66.94572870211785	67.10181723663254	65.25476529781034	62.08218583655226	59.104478892010256	52.621799653322675	51.052058035286734	51.064135611908505	48.98176819972758
2020-12-04	66.1500015258789	67.44999694824219	65.69999694824219	66.0999984741211	66.0999984741211	725273	66.6567119686022	66.82491009811831	67.00640592591716	65.28791169688135	62.187917748067235	59.24300403225008	52.7559110843754	51.15204435049493	51.14629879694792	47.39893766457625
2020-12-07	66.4000015258789	69.4000015258789	65.4000015258789	68.30000305175781	68.30000305175781	1856256	67.2044756629874	67.03563766292395	67.1296056521877	65.40603292648436	62.34876209816436	59.42235054748785	52.910578666140395	51.265984275420266	51.24003488577201	53.35140050324979
2020-12-08	69.0	69.3499984741211	67.19999694824219	67.8499984741211	67.8499984741211	499046	67.4196499333653	67.1519749216664	67.19821449237183	65.5018747126662	62.493531476479006	59.58923466484693	53.05922960950339	51.376177060793694	51.33079971412364	52.05382436527805
2020-12-09	67.75	68.25	67.0	67.19999694824219	67.19999694824219	380973	67.3464322716576	67.15883521117722	67.19838425007377	65.56846774151231	62.61738583099909	59.739942828874554	53.19993376212766	51.48131872117541	51.417516638900246	50.15626933416838
2020-12-10	67.19999694824219	68.0	65.8499984741211	67.19999694824219	67.19999694824219	471406	67.2976204971858	67.16471545932936	67.19853784037552	65.63244927903112	62.73798086040023	59.88766667282243	53.33923787343228	51.58576176587353	51.50375970069993	50.15626933416838
2020-12-11	67.9000015258789	70.55000305175781	67.5	70.55000305175781	70.55000305175781	1516551	68.38174801537647	67.64832797253342	67.5177250033643	65.8252945250204	62.943560391751745	60.09880204666273	53.51048926824149	51.71177001362027	51.607837533219374	59.07378545043574
2020-12-14	73.19999694824219	74.05000305175781	73.0	74.05000305175781	74.05000305175781	540275	70.27116636083692	68.56285298385119	68.13984672225892	66.14783211430422	63.23583519859401	60.37506345270422	53.71486253971927	51.860196811215864	51.730472317473684	65.93168534574694
2020-12-15	77.75	77.75	71.19999694824219	74.9000015258789	74.9000015258789	2431871	71.81411141585092	69.46815991842658	68.78367098927035	66.49105444416989	63.54278694404888	60.662685988806686	53.92565994256663	52.01328521463555	51.85708176669994	67.36205142911591
2020-12-16	76.30000305175781	76.30000305175781	73.0999984741211	73.5	73.5	685337	72.37607427723394	70.04413707293706	69.23284518076841	66.76591505420244	63.80481886657391	60.9168902266521	54.12042949537692	52.156054083641294	51.97534907945022	62.69318015112344
2020-12-17	74.4000015258789	77.1500015258789	74.0	76.3499984741211	76.3499984741211	2139164	73.70071567619632	70.94497441596336	69.91066930394486	67.1417614628267	64.13495517203567	61.22249633056238	54.341619236458946	52.31681118922588	52.10854388488558	67.61416961050352
2020-12-18	75.44999694824219	75.94999694824219	72.55000305175781	73.4000015258789	73.4000015258789	980034	73.60047762609052	71.29569257452272	70.24298665841476	67.38718264176991	64.37877218134734	61.46363504730132	54.53125488112979	52.456898832658794	52.22489064795111	58.946821848422736
2020-12-21	71.80000305175781	72.8499984741211	69.75	69.75	69.75	542953	72.31698508406035	71.0748793495909	70.19603554808955	67.47984214601424	64.5201202818382	61.62772148200822	54.682685180820044	52.57180315935209	52.320656272825694	50.34718926781977
2020-12-22	68.0	69.19999694824219	66.30000305175781	68.5999984741211	68.5999984741211	1113974	71.07798954741394	70.7213249388095	70.04403201723541	67.52376984515568	64.6274854974246	61.76578637294115	54.82116591010662	52.67830279599508	52.409614426931135	47.97252543748814
2020-12-23	69.94999694824219	70.0	68.3499984741211	69.8499984741211	69.8499984741211	271936	70.66865918964966	70.5968497295683	70.0255526321769	67.61499449727198	64.76492004944294	61.92586978088531	54.97070653263413	52.79240044169691	52.504917071997745	50.69470487775055
2020-12-24	70.0	70.80000305175781	68.55000305175781	69.1500015258789	69.1500015258789	442279	70.16243996839275	70.39015712904124	69.94216681252946	67.675190851335	64.88031693040178	62.06892189464756	55.11179404500473	52.901088820993806	52.595873817647366	49.14401325585992
2020-12-28	70.5	72.5	69.19999694824219	69.75	69.75	692105	70.02495997892849	70.29870611060677	69.92386521133618	67.75655591598853	65.00846648486488	62.22102245118919	55.257447835601695	53.01304171919318	52.68961221208645	50.540545120530076
